# NIF-Cloth4D exported mesh
# Vertices: 9579
# Faces: 18692

v -0.974823 -0.873016 0.587302
v -0.968254 -0.896476 0.587302
v -0.968254 -0.873016 0.570228
v -0.977251 -0.873016 0.619048
v -0.968254 -0.897439 0.619048
v -0.968829 -0.873016 0.650794
v -0.968254 -0.874366 0.650794
v -0.968254 -0.873016 0.651616
v -0.977147 -0.841270 0.587302
v -0.968254 -0.841270 0.564543
v -0.977220 -0.841270 0.619048
v -0.968254 -0.871120 0.650794
v -0.968254 -0.841270 0.639851
v -0.969564 -0.809524 0.587302
v -0.968254 -0.809524 0.584160
v -0.968254 -0.820436 0.619048
v -0.968254 -0.809524 0.595806
v -0.968254 -0.807829 0.587302
v -0.984632 -0.777778 0.936508
v -1.000000 -0.789897 0.936508
v -1.000000 -0.777778 0.905837
v -0.990582 -0.777778 0.968254
v -1.000000 -0.789797 0.968254
v -1.000000 -0.777778 0.989170
v -0.977731 -0.746032 0.809524
v -0.968254 -0.759975 0.809524
v -0.968254 -0.746032 0.794202
v -0.994872 -0.746032 0.841270
v -0.968254 -0.772732 0.841270
v -0.968254 -0.776522 0.873016
v -1.000000 -0.758881 0.873016
v -1.000000 -0.746032 0.850069
v -0.968254 -0.773323 0.904762
v -1.000000 -0.777275 0.904762
v -0.968254 -0.759422 0.936508
v -0.974848 -0.746032 0.968254
v -0.968254 -0.746032 0.952312
v -0.989445 -0.746032 1.000000
v -1.000000 -0.768837 1.000000
v -0.969105 -0.714286 0.777778
v -0.968254 -0.716807 0.777778
v -0.968254 -0.714286 0.776948
v -0.997184 -0.714286 0.809524
v -1.000000 -0.740045 0.841270
v -1.000000 -0.714286 0.813263
v -0.968254 -0.723408 0.968254
v -0.981127 -0.714286 1.000000
v -0.968254 -0.714286 0.972861
v -0.977752 -0.682540 0.777778
v -0.968254 -0.682540 0.771172
v -1.000000 -0.709740 0.809524
v -1.000000 -0.682540 0.796008
v -0.980476 -0.682540 1.000000
v -0.968254 -0.682540 0.976443
v -0.990963 -0.650794 0.777778
v -0.968254 -0.650794 0.765730
v -1.000000 -0.650794 0.783502
v -0.986717 -0.650794 1.000000
v -0.968254 -0.650794 0.969107
v -0.968254 -0.619048 0.757231
v -1.000000 -0.635949 0.777778
v -1.000000 -0.619048 0.773679
v -0.976536 -0.619048 0.968254
v -0.968254 -0.648819 0.968254
v -0.968254 -0.619048 0.951769
v -0.998457 -0.619048 1.000000
v -0.968254 -0.587302 0.746482
v -1.000000 -0.587302 0.766038
v -0.969598 -0.587302 0.936508
v -0.968254 -0.590903 0.936508
v -0.968254 -0.587302 0.934071
v -0.990085 -0.587302 0.968254
v -1.000000 -0.615901 1.000000
v -1.000000 -0.587302 0.979690
v -0.980824 -0.555556 0.746032
v -0.968254 -0.585891 0.746032
v -0.968254 -0.555556 0.739156
v -1.000000 -0.555556 0.757482
v -0.983597 -0.555556 0.936508
v -0.968254 -0.555556 0.919616
v -1.000000 -0.570746 0.968254
v -1.000000 -0.555556 0.953934
v -0.999821 -0.523810 0.746032
v -0.968254 -0.523810 0.730651
v -1.000000 -0.523810 0.746128
v -0.968254 -0.523810 0.912150
v -1.000000 -0.531562 0.936508
v -1.000000 -0.523810 0.931309
v -0.968254 -0.492063 0.718531
v -1.000000 -0.523583 0.746032
v -1.000000 -0.492063 0.734591
v -0.968254 -0.492063 0.907338
v -1.000000 -0.492063 0.916280
v -0.986804 -0.460317 0.714286
v -0.968254 -0.482782 0.714286
v -0.968254 -0.460317 0.705320
v -1.000000 -0.460317 0.721628
v -0.989116 -0.460317 0.904762
v -0.968254 -0.467811 0.904762
v -0.968254 -0.460317 0.903893
v -1.000000 -0.460317 0.905121
v -0.968254 -0.428571 0.693935
v -1.000000 -0.435651 0.714286
v -1.000000 -0.428571 0.712376
v -0.968254 -0.428571 0.901578
v -1.000000 -0.459242 0.904762
v -1.000000 -0.428571 0.892064
v -0.968254 -0.396825 0.689779
v -1.000000 -0.396825 0.714268
v -0.968254 -0.396825 0.901273
v -1.000000 -0.396825 0.878440
v -0.985470 -0.365079 0.714286
v -0.968254 -0.365079 0.698097
v -1.000000 -0.396782 0.714286
v -1.000000 -0.365079 0.737162
v -0.993911 -0.365079 0.873016
v -1.000000 -0.382462 0.873016
v -1.000000 -0.365079 0.859421
v -0.968254 -0.365079 0.903614
v -0.970122 -0.333333 0.714286
v -0.968254 -0.333333 0.712574
v -0.991193 -0.333333 0.746032
v -1.000000 -0.353841 0.746032
v -1.000000 -0.333333 0.775495
v -0.998773 -0.333333 0.841270
v -1.000000 -0.338112 0.841270
v -1.000000 -0.333333 0.829343
v -0.990268 -0.333333 0.873016
v -0.970826 -0.333333 0.904762
v -0.968254 -0.357145 0.904762
v -0.968254 -0.333333 0.907094
v -0.968254 -0.328482 0.714286
v -0.984040 -0.301587 0.746032
v -0.968254 -0.301587 0.726930
v -0.995482 -0.301587 0.777778
v -1.000000 -0.329027 0.777778
v -0.997817 -0.301587 0.809524
v -1.000000 -0.317115 0.809524
v -0.996304 -0.301587 0.841270
v -0.990554 -0.301587 0.873016
v -0.973778 -0.301587 0.904762
v -0.968254 -0.301587 0.910007
v -0.984552 -0.269841 0.746032
v -0.968254 -0.269841 0.732428
v -0.999651 -0.269841 0.777778
v -1.000000 -0.279927 0.809524
v -1.000000 -0.269841 0.783742
v -0.999163 -0.269841 0.841270
v -1.000000 -0.269841 0.828390
v -0.993064 -0.269841 0.873016
v -0.974907 -0.269841 0.904762
v -0.968254 -0.269841 0.910441
v -0.997638 -0.238095 0.746032
v -0.968254 -0.238095 0.732332
v -1.000000 -0.269044 0.777778
v -1.000000 -0.238095 0.748927
v -1.000000 -0.266236 0.841270
v -0.997326 -0.238095 0.873016
v -1.000000 -0.238095 0.866225
v -0.971041 -0.238095 0.904762
v -0.968254 -0.238095 0.906513
v -0.968254 -0.206349 0.734789
v -1.000000 -0.233265 0.746032
v -1.000000 -0.206349 0.740708
v -0.999528 -0.206349 0.873016
v -1.000000 -0.206349 0.872610
v -0.968254 -0.231448 0.904762
v -0.968254 -0.206349 0.891235
v -0.968254 -0.176162 0.746032
v -1.000000 -0.175774 0.746032
v -0.968254 -0.174603 0.747188
v -1.000000 -0.174603 0.746457
v -0.968254 -0.180944 0.873016
v -0.968254 -0.174603 0.866801
v -1.000000 -0.174603 0.860805
v -0.991981 -0.142857 0.777778
v -0.968254 -0.147290 0.777778
v -1.000000 -0.142857 0.776515
v -0.968254 -0.142857 0.792740
v -0.968254 -0.151938 0.841270
v -0.968254 -0.142857 0.822965
v -1.000000 -0.150936 0.841270
v -1.000000 -0.142857 0.830259
v -1.000000 -0.141693 0.777778
v -0.968254 -0.138105 0.809524
v -1.000000 -0.134065 0.809524
v -0.990571 0.142857 0.809524
v -1.000000 0.121364 0.809524
v -1.000000 0.142857 0.799343
v -0.974942 0.142857 0.841270
v -1.000000 0.123423 0.841270
v -0.968254 0.140183 0.873016
v -0.968254 0.142857 0.862010
v -1.000000 0.135895 0.873016
v -0.968254 0.142857 0.886968
v -1.000000 0.142857 0.885681
v -0.982649 0.174603 0.809524
v -1.000000 0.174603 0.800144
v -0.968254 0.149521 0.841270
v -0.968254 0.174603 0.821326
v -0.968254 0.146453 0.904762
v -1.000000 0.155524 0.904762
v -0.968254 0.174603 0.930212
v -1.000000 0.174603 0.919981
v -1.000000 0.206133 0.809524
v -0.968254 0.206349 0.813574
v -1.000000 0.206349 0.809609
v -0.968254 0.206349 0.936489
v -1.000000 0.206349 0.925527
v -0.985408 0.238095 0.492063
v -0.968254 0.221521 0.492063
v -0.968254 0.238095 0.474342
v -0.968254 0.207735 0.523810
v -1.000000 0.234788 0.523810
v -1.000000 0.238095 0.519508
v -0.994852 0.238095 0.555556
v -0.968254 0.217046 0.555556
v -1.000000 0.238095 0.538219
v -0.968254 0.238095 0.573818
v -0.968254 0.238095 0.816761
v -1.000000 0.238095 0.828870
v -0.968254 0.238095 0.928019
v -1.000000 0.238095 0.915996
v -0.969428 0.269841 0.460317
v -0.968254 0.266106 0.460317
v -0.968254 0.269841 0.459204
v -0.996318 0.269841 0.492063
v -1.000000 0.269841 0.499954
v -1.000000 0.247496 0.555556
v -0.969625 0.269841 0.587302
v -0.968254 0.268360 0.587302
v -1.000000 0.269841 0.567137
v -0.968254 0.269841 0.587935
v -0.987251 0.269841 0.841270
v -0.968254 0.269841 0.825684
v -1.000000 0.256978 0.841270
v -1.000000 0.269841 0.860800
v -0.986453 0.269841 0.904762
v -1.000000 0.258684 0.904762
v -1.000000 0.269841 0.885630
v -0.968254 0.269841 0.912034
v -0.968254 0.281196 0.460317
v -0.993733 0.301587 0.492063
v -0.968254 0.301587 0.464266
v -1.000000 0.301587 0.503458
v -0.979923 0.301587 0.587302
v -1.000000 0.301587 0.573377
v -0.968254 0.301587 0.593126
v -0.968254 0.300815 0.841270
v -0.971620 0.301587 0.873016
v -0.968254 0.301587 0.845216
v -1.000000 0.276852 0.873016
v -0.968254 0.281198 0.904762
v -0.968254 0.301587 0.876275
v -0.973996 0.333333 0.492063
v -0.968254 0.333333 0.488029
v -1.000000 0.333333 0.520706
v -0.971504 0.333333 0.587302
v -1.000000 0.333333 0.571430
v -0.968254 0.333333 0.588655
v -0.968254 0.304967 0.873016
v -0.968254 0.337737 0.492063
v -0.968254 0.350401 0.523810
v -1.000000 0.339091 0.523810
v -0.968254 0.351727 0.555556
v -1.000000 0.358076 0.555556
v -0.968254 0.335600 0.587302
v -0.972851 0.365079 0.746032
v -0.968254 0.360046 0.746032
v -0.968254 0.365079 0.716635
v -0.975095 0.365079 0.777778
v -0.968254 0.356456 0.777778
v -0.970577 0.365079 0.809524
v -0.968254 0.360735 0.809524
v -0.968254 0.365079 0.813950
v -0.996894 0.396825 0.587302
v -1.000000 0.382369 0.587302
v -1.000000 0.396825 0.578547
v -0.993454 0.396825 0.619048
v -1.000000 0.391515 0.619048
v -0.983621 0.396825 0.650794
v -0.968254 0.389080 0.650794
v -0.968254 0.396825 0.642837
v -1.000000 0.396825 0.632429
v -0.986925 0.396825 0.682540
v -0.968254 0.374852 0.682540
v -0.989863 0.396825 0.714286
v -0.968254 0.365666 0.714286
v -0.994721 0.396825 0.746032
v -0.999383 0.396825 0.777778
v -0.998138 0.396825 0.809524
v -0.968254 0.396825 0.831720
v -0.996406 0.428571 0.587302
v -1.000000 0.428571 0.577124
v -0.988644 0.428571 0.619048
v -0.968254 0.428571 0.650082
v -1.000000 0.406365 0.650794
v -1.000000 0.418417 0.682540
v -1.000000 0.416876 0.714286
v -1.000000 0.406513 0.746032
v -1.000000 0.397684 0.777778
v -1.000000 0.398220 0.809524
v -0.968254 0.424892 0.841270
v -1.000000 0.408258 0.841270
v -0.968254 0.428571 0.842151
v -1.000000 0.428571 0.870138
v -1.000000 0.442405 0.587302
v -0.996865 0.460317 0.619048
v -1.000000 0.460317 0.606453
v -0.988656 0.460317 0.650794
v -0.968254 0.429355 0.650794
v -0.968254 0.460317 0.677229
v -0.979760 0.460317 0.873016
v -0.968254 0.460317 0.852701
v -1.000000 0.430338 0.873016
v -1.000000 0.460317 0.893257
v -1.000000 0.465843 0.619048
v -1.000000 0.481890 0.650794
v -0.992290 0.492063 0.682540
v -0.968254 0.464569 0.682540
v -1.000000 0.492063 0.663055
v -0.978022 0.492063 0.714286
v -0.968254 0.483836 0.714286
v -0.968254 0.492063 0.744074
v -0.969837 0.492063 0.873016
v -0.968254 0.492063 0.868132
v -1.000000 0.492063 0.903499
v -1.000000 0.502768 0.682540
v -1.000000 0.521787 0.714286
v -0.993587 0.523810 0.746032
v -0.968254 0.492446 0.746032
v -1.000000 0.523810 0.717489
v -0.983844 0.523810 0.777778
v -0.968254 0.497474 0.777778
v -0.971266 0.523810 0.809524
v -0.968254 0.513791 0.809524
v -0.968254 0.523810 0.820639
v -0.971134 0.523810 0.873016
v -0.968254 0.523810 0.863107
v -1.000000 0.523810 0.896496
v -1.000000 0.537754 0.746032
v -0.994921 0.555556 0.777778
v -1.000000 0.555556 0.763216
v -0.980368 0.555556 0.809524
v -0.971399 0.555556 0.841270
v -0.968254 0.544676 0.841270
v -0.988665 0.555556 0.873016
v -1.000000 0.555556 0.879696
v -1.000000 0.581580 0.777778
v -0.986552 0.587302 0.809524
v -1.000000 0.587302 0.780428
v -0.984718 0.587302 0.841270
v -1.000000 0.566534 0.873016
v -1.000000 0.587302 0.854930
v -0.989266 0.619048 0.809524
v -1.000000 0.619048 0.787666
v -1.000000 0.614815 0.841270
v -1.000000 0.619048 0.835829
v -0.994426 0.650794 0.809524
v -1.000000 0.650794 0.800141
v -1.000000 0.650794 0.814431
v -1.000000 0.657345 0.809524
v -0.998305 0.968254 0.650794
v -1.000000 0.967595 0.650794
v -1.000000 0.968254 0.649365
v -0.976284 0.968254 0.682540
v -1.000000 0.960954 0.682540
v -0.969653 0.968254 0.714286
v -1.000000 0.963180 0.714286
v -1.000000 0.968254 0.730373
v -0.995851 1.000000 0.587302
v -1.000000 0.997524 0.587302
v -1.000000 1.000000 0.582371
v -0.968254 0.996646 0.619048
v -0.968254 1.000000 0.614182
v -1.000000 0.981168 0.619048
v -0.968254 0.979883 0.650794
v -0.968254 0.970608 0.682540
v -0.968254 0.968472 0.714286
v -0.968254 0.972160 0.746032
v -1.000000 0.972631 0.746032
v -0.968254 0.980976 0.777778
v -1.000000 0.985391 0.777778
v -0.993387 1.000000 0.809524
v -0.968254 0.994585 0.809524
v -1.000000 1.000000 0.807316
v -0.968254 1.000000 0.820087
v -0.936862 -0.936508 0.555556
v -0.936508 -0.936958 0.555556
v -0.936508 -0.936508 0.555264
v -0.947749 -0.936508 0.587302
v -0.936508 -0.949748 0.587302
v -0.936508 -0.936508 0.618536
v -0.953119 -0.904762 0.555556
v -0.936508 -0.904762 0.541763
v -0.965441 -0.904762 0.587302
v -0.964931 -0.904762 0.619048
v -0.936508 -0.936243 0.619048
v -0.947593 -0.904762 0.650794
v -0.936508 -0.910303 0.650794
v -0.936508 -0.904762 0.657926
v -0.961573 -0.873016 0.555556
v -0.936508 -0.873016 0.536870
v -0.936508 -0.873016 0.677389
v -0.963306 -0.841270 0.555556
v -0.936508 -0.841270 0.538843
v -0.959334 -0.841270 0.650794
v -0.936508 -0.841270 0.671591
v -0.948022 -0.809524 0.555556
v -0.936508 -0.809524 0.549893
v -0.961137 -0.809524 0.619048
v -0.936508 -0.819211 0.650794
v -0.936508 -0.809524 0.642987
v -0.936508 -0.802657 0.555556
v -0.936508 -0.788288 0.587302
v -0.936508 -0.794952 0.619048
v -0.942425 -0.777778 0.777778
v -0.936508 -0.793343 0.777778
v -0.936508 -0.777778 0.767298
v -0.955328 -0.777778 0.809524
v -0.936508 -0.807359 0.809524
v -0.963235 -0.777778 0.841270
v -0.936508 -0.804911 0.841270
v -0.966371 -0.777778 0.873016
v -0.936508 -0.795612 0.873016
v -0.943391 -0.777778 0.904762
v -0.936508 -0.778825 0.904762
v -0.936508 -0.777778 0.905943
v -0.955671 -0.746032 0.777778
v -0.936508 -0.746032 0.757669
v -0.953345 -0.746032 0.936508
v -0.936508 -0.746032 0.926371
v -0.936508 -0.714286 0.757470
v -0.942878 -0.714286 0.936508
v -0.936508 -0.714286 0.930863
v -0.965853 -0.714286 0.968254
v -0.936508 -0.682540 0.760040
v -0.944449 -0.682540 0.936508
v -0.936508 -0.682540 0.926048
v -0.963684 -0.682540 0.968254
v -0.936508 -0.650794 0.758014
v -0.950172 -0.650794 0.936508
v -0.936508 -0.650794 0.913131
v -0.967686 -0.650794 0.968254
v -0.936508 -0.619048 0.746832
v -0.942470 -0.619048 0.904762
v -0.936508 -0.635241 0.904762
v -0.936508 -0.619048 0.893327
v -0.958932 -0.619048 0.936508
v -0.967000 -0.587302 0.746032
v -0.936508 -0.617434 0.746032
v -0.936508 -0.587302 0.736832
v -0.950960 -0.587302 0.904762
v -0.936508 -0.587302 0.882993
v -0.936508 -0.555556 0.728530
v -0.956096 -0.555556 0.904762
v -0.936508 -0.555556 0.882399
v -0.936508 -0.523810 0.721218
v -0.959726 -0.523810 0.904762
v -0.936508 -0.523810 0.884127
v -0.948946 -0.492063 0.714286
v -0.936508 -0.502123 0.714286
v -0.936508 -0.492063 0.711610
v -0.963907 -0.492063 0.904762
v -0.936508 -0.492063 0.886049
v -0.936508 -0.460317 0.699801
v -0.936508 -0.460317 0.889813
v -0.936508 -0.428571 0.686591
v -0.936508 -0.428571 0.897238
v -0.946382 -0.396825 0.682540
v -0.936508 -0.411499 0.682540
v -0.936508 -0.396825 0.679715
v -0.951927 -0.396825 0.904762
v -0.936508 -0.406660 0.904762
v -0.936508 -0.396825 0.907323
v -0.936508 -0.370692 0.682540
v -0.936508 -0.365079 0.683272
v -0.966244 -0.365079 0.904762
v -0.936508 -0.365079 0.916636
v -0.936508 -0.333333 0.696178
v -0.936508 -0.333333 0.925521
v -0.949049 -0.301587 0.714286
v -0.936508 -0.301587 0.708905
v -0.936508 -0.301587 0.931747
v -0.936508 -0.279324 0.714286
v -0.936508 -0.269841 0.717792
v -0.936508 -0.269841 0.932512
v -0.936508 -0.238095 0.724309
v -0.936508 -0.238095 0.925227
v -0.936508 -0.206349 0.732114
v -0.948972 -0.206349 0.904762
v -0.936508 -0.206349 0.910252
v -0.936508 -0.177005 0.746032
v -0.936508 -0.174603 0.748280
v -0.954059 -0.174603 0.873016
v -0.936508 -0.196183 0.904762
v -0.936508 -0.174603 0.880397
v -0.936508 -0.148449 0.777778
v -0.936508 -0.142857 0.793115
v -0.936508 -0.144683 0.841270
v -0.936508 -0.142857 0.835579
v -0.936508 -0.166714 0.873016
v -0.936508 -0.135376 0.809524
v -0.938736 0.015873 0.904762
v -0.936508 -0.006121 0.904762
v -0.936508 0.015873 0.888049
v -0.936508 0.015873 0.912518
v -0.936508 0.043789 0.904762
v -0.936508 0.138777 0.873016
v -0.936508 0.142857 0.870159
v -0.949755 0.142857 0.904762
v -0.936508 0.137245 0.904762
v -0.936508 0.142857 0.907549
v -0.940150 0.174603 0.841270
v -0.936508 0.174603 0.844767
v -0.936508 0.174603 0.926898
v -0.961174 0.206349 0.523810
v -0.936508 0.203939 0.523810
v -0.936508 0.206349 0.513319
v -0.936508 0.206349 0.543198
v -0.936508 0.179493 0.841270
v -0.936508 0.206349 0.830255
v -0.936508 0.206349 0.935495
v -0.949734 0.238095 0.460317
v -0.936508 0.231529 0.460317
v -0.936508 0.238095 0.452139
v -0.936508 0.212671 0.492063
v -0.936508 0.209471 0.555556
v -0.936508 0.238095 0.584018
v -0.936508 0.238095 0.818690
v -0.936508 0.238095 0.933157
v -0.936508 0.269841 0.433383
v -0.936508 0.244656 0.587302
v -0.936508 0.269841 0.599779
v -0.939434 0.269841 0.809524
v -0.936508 0.265692 0.809524
v -0.936508 0.269841 0.808116
v -0.936508 0.269841 0.921872
v -0.964349 0.301587 0.460317
v -0.936508 0.301587 0.438758
v -0.936508 0.301587 0.613314
v -0.949035 0.301587 0.809524
v -0.936508 0.301587 0.791849
v -0.967819 0.301587 0.841270
v -0.936627 0.301587 0.904762
v -0.936508 0.301587 0.904805
v -0.936508 0.326154 0.460317
v -0.936508 0.333333 0.472322
v -0.946987 0.333333 0.619048
v -0.936508 0.314793 0.619048
v -0.938098 0.333333 0.650794
v -0.936508 0.331844 0.650794
v -0.937146 0.333333 0.682540
v -0.936508 0.332829 0.682540
v -0.940721 0.333333 0.714286
v -0.936508 0.329987 0.714286
v -0.946296 0.333333 0.746032
v -0.936508 0.324387 0.746032
v -0.952301 0.333333 0.777778
v -0.936508 0.312716 0.777778
v -0.957146 0.333333 0.809524
v -0.956753 0.333333 0.841270
v -0.938119 0.333333 0.873016
v -0.936508 0.301658 0.904762
v -0.936508 0.333333 0.873951
v -0.936508 0.342844 0.492063
v -0.936508 0.349629 0.523810
v -0.936508 0.353323 0.555556
v -0.936508 0.361439 0.587302
v -0.953905 0.365079 0.619048
v -0.936508 0.365079 0.592409
v -0.960230 0.365079 0.650794
v -0.964196 0.365079 0.682540
v -0.967981 0.365079 0.714286
v -0.949450 0.365079 0.841270
v -0.936508 0.334862 0.873016
v -0.936508 0.365079 0.848922
v -0.942632 0.396825 0.619048
v -0.936508 0.396825 0.616962
v -0.936508 0.390841 0.841270
v -0.936508 0.396825 0.839440
v -0.936508 0.399246 0.619048
v -0.936508 0.428571 0.640520
v -0.965989 0.428571 0.841270
v -0.936508 0.428571 0.830777
v -0.936508 0.438142 0.650794
v -0.936508 0.460317 0.676386
v -0.959016 0.460317 0.841270
v -0.936508 0.460317 0.814810
v -0.936508 0.465071 0.682540
v -0.936508 0.481085 0.714286
v -0.967027 0.492063 0.746032
v -0.936508 0.485011 0.746032
v -0.960511 0.492063 0.777778
v -0.936508 0.480010 0.777778
v -0.957811 0.492063 0.809524
v -0.936508 0.465386 0.809524
v -0.958808 0.492063 0.841270
v -0.962856 0.523810 0.841270
v -0.939745 0.777778 0.714286
v -0.936508 0.772000 0.714286
v -0.936508 0.777778 0.710895
v -0.949590 0.777778 0.746032
v -0.936508 0.750112 0.746032
v -0.936508 0.777778 0.774987
v -0.939239 0.809524 0.714286
v -0.936508 0.809524 0.711193
v -0.943640 0.809524 0.746032
v -0.936508 0.809524 0.759261
v -0.936508 0.815133 0.714286
v -0.936508 0.824332 0.746032
v -0.961223 1.000000 0.619048
v -0.936508 0.992872 0.650794
v -0.936508 1.000000 0.639971
v -0.936508 0.979761 0.682540
v -0.936508 0.972336 0.714286
v -0.936508 0.971146 0.746032
v -0.936508 0.979186 0.777778
v -0.936508 0.996923 0.809524
v -0.936508 1.000000 0.814119
v -0.917104 -0.968254 0.587302
v -0.904762 -0.976590 0.587302
v -0.904762 -0.968254 0.560638
v -0.904762 -0.968254 0.606949
v -0.904762 -0.966415 0.555556
v -0.904762 -0.936508 0.535838
v -0.936242 -0.936508 0.619048
v -0.904762 -0.961272 0.619048
v -0.904762 -0.936508 0.641748
v -0.904762 -0.904762 0.526435
v -0.904762 -0.925188 0.650794
v -0.904762 -0.904762 0.671310
v -0.904762 -0.873016 0.526625
v -0.926240 -0.873016 0.682540
v -0.904762 -0.886320 0.682540
v -0.904762 -0.873016 0.699266
v -0.904762 -0.841270 0.533816
v -0.919647 -0.841270 0.682540
v -0.904762 -0.841270 0.705090
v -0.905402 -0.841270 0.746032
v -0.904762 -0.842656 0.746032
v -0.904762 -0.841270 0.742029
v -0.913798 -0.841270 0.777778
v -0.904762 -0.857391 0.777778
v -0.913076 -0.841270 0.809524
v -0.904762 -0.853552 0.809524
v -0.904762 -0.841270 0.828068
v -0.904762 -0.809524 0.549333
v -0.922553 -0.809524 0.650794
v -0.904762 -0.827661 0.682540
v -0.904762 -0.809524 0.665865
v -0.909892 -0.809524 0.746032
v -0.904762 -0.809524 0.737309
v -0.927573 -0.809524 0.777778
v -0.934683 -0.809524 0.809524
v -0.930926 -0.809524 0.841270
v -0.904762 -0.835222 0.841270
v -0.911195 -0.809524 0.873016
v -0.904762 -0.813537 0.873016
v -0.904762 -0.809524 0.877740
v -0.904762 -0.802376 0.555556
v -0.904762 -0.785932 0.587302
v -0.904762 -0.787888 0.619048
v -0.904762 -0.802437 0.650794
v -0.912468 -0.777778 0.746032
v -0.904762 -0.777778 0.739772
v -0.904762 -0.784441 0.904762
v -0.904762 -0.777778 0.909301
v -0.910241 -0.746032 0.746032
v -0.904762 -0.746032 0.743734
v -0.904762 -0.746032 0.917128
v -0.904762 -0.737351 0.746032
v -0.904762 -0.714286 0.751791
v -0.904762 -0.714286 0.912774
v -0.904762 -0.682540 0.760954
v -0.911809 -0.682540 0.904762
v -0.904762 -0.693767 0.904762
v -0.904762 -0.682540 0.897421
v -0.904762 -0.650794 0.762960
v -0.905384 -0.650794 0.873016
v -0.904762 -0.651592 0.873016
v -0.904762 -0.650794 0.872001
v -0.929622 -0.650794 0.904762
v -0.904762 -0.619048 0.751258
v -0.922223 -0.619048 0.873016
v -0.904762 -0.619048 0.849197
v -0.904762 -0.611001 0.746032
v -0.904762 -0.587302 0.737658
v -0.928020 -0.587302 0.873016
v -0.904762 -0.587302 0.846410
v -0.904762 -0.555556 0.728979
v -0.926678 -0.555556 0.873016
v -0.904762 -0.555556 0.850614
v -0.904762 -0.523810 0.723735
v -0.922570 -0.523810 0.873016
v -0.904762 -0.523810 0.855538
v -0.914558 -0.492063 0.714286
v -0.904762 -0.492063 0.716593
v -0.917399 -0.492063 0.873016
v -0.904762 -0.492063 0.860688
v -0.904762 -0.486574 0.714286
v -0.904762 -0.460317 0.705909
v -0.907141 -0.460317 0.873016
v -0.904762 -0.460317 0.870789
v -0.904762 -0.428571 0.691934
v -0.904762 -0.456627 0.873016
v -0.904762 -0.428571 0.885876
v -0.904762 -0.401665 0.682540
v -0.904762 -0.396825 0.681171
v -0.904762 -0.399034 0.904762
v -0.904762 -0.396825 0.905867
v -0.927381 -0.365079 0.682540
v -0.904762 -0.365079 0.680779
v -0.904762 -0.365079 0.922079
v -0.904762 -0.359272 0.682540
v -0.904762 -0.333333 0.691083
v -0.904762 -0.333333 0.935701
v -0.904762 -0.301587 0.705701
v -0.922480 -0.301587 0.936508
v -0.904762 -0.330097 0.936508
v -0.904762 -0.301587 0.943522
v -0.904762 -0.275009 0.714286
v -0.904762 -0.269841 0.716660
v -0.924923 -0.269841 0.936508
v -0.904762 -0.269841 0.943621
v -0.904762 -0.238095 0.724167
v -0.904762 -0.239849 0.936508
v -0.904762 -0.238095 0.935901
v -0.904762 -0.206349 0.730325
v -0.904762 -0.206349 0.916739
v -0.928038 -0.174603 0.746032
v -0.904762 -0.174603 0.742932
v -0.904762 -0.183810 0.904762
v -0.904762 -0.174603 0.894552
v -0.904762 -0.169371 0.746032
v -0.922600 -0.142857 0.777778
v -0.904762 -0.142857 0.771259
v -0.933948 -0.142857 0.841270
v -0.909844 -0.142857 0.873016
v -0.904762 -0.142857 0.877247
v -0.904762 -0.131735 0.777778
v -0.915502 -0.111111 0.809524
v -0.904762 -0.111111 0.795959
v -0.917813 -0.111111 0.841270
v -0.908121 -0.111111 0.873016
v -0.904762 -0.111111 0.877314
v -0.908949 -0.079365 0.809524
v -0.904762 -0.079365 0.803742
v -0.916662 -0.079365 0.841270
v -0.914933 -0.079365 0.873016
v -0.904762 -0.079365 0.892855
v -0.907988 -0.047619 0.809524
v -0.904762 -0.047619 0.804564
v -0.918388 -0.047619 0.841270
v -0.923515 -0.047619 0.873016
v -0.918213 -0.047619 0.904762
v -0.904762 -0.067773 0.904762
v -0.904762 -0.047619 0.916219
v -0.909276 -0.015873 0.809524
v -0.904762 -0.015873 0.801086
v -0.920571 -0.015873 0.841270
v -0.930608 -0.015873 0.873016
v -0.934648 -0.015873 0.904762
v -0.905866 -0.015873 0.936508
v -0.904762 -0.016900 0.936508
v -0.904762 -0.015873 0.936934
v -0.910337 0.015873 0.809524
v -0.904762 0.015873 0.795201
v -0.921561 0.015873 0.841270
v -0.933773 0.015873 0.873016
v -0.919814 0.015873 0.936508
v -0.904762 0.015873 0.943824
v -0.906849 0.047619 0.809524
v -0.904762 0.047619 0.802683
v -0.918906 0.047619 0.841270
v -0.931251 0.047619 0.873016
v -0.935924 0.047619 0.904762
v -0.913045 0.047619 0.936508
v -0.904762 0.047619 0.940819
v -0.904762 0.053809 0.809524
v -0.910371 0.079365 0.841270
v -0.904762 0.079365 0.831008
v -0.923872 0.079365 0.873016
v -0.923926 0.079365 0.904762
v -0.904762 0.059410 0.936508
v -0.904762 0.079365 0.922562
v -0.904762 0.092572 0.841270
v -0.914577 0.111111 0.873016
v -0.904762 0.111111 0.861454
v -0.904762 0.109261 0.904762
v -0.904762 0.111111 0.899695
v -0.904762 0.142857 0.872690
v -0.925382 0.142857 0.904762
v -0.904762 0.142857 0.874326
v -0.904762 0.174603 0.866095
v -0.904762 0.157965 0.904762
v -0.904762 0.174603 0.909415
v -0.930121 0.206349 0.523810
v -0.914738 0.206349 0.841270
v -0.904762 0.206349 0.848466
v -0.904762 0.206349 0.924402
v -0.911047 0.238095 0.460317
v -0.904762 0.225515 0.492063
v -0.904762 0.238095 0.463861
v -0.904762 0.218806 0.523810
v -0.904762 0.224431 0.555556
v -0.904762 0.238095 0.576068
v -0.904762 0.214049 0.841270
v -0.904762 0.238095 0.825853
v -0.904762 0.238095 0.935013
v -0.904762 0.241060 0.460317
v -0.904762 0.269841 0.433715
v -0.904762 0.252352 0.587302
v -0.904762 0.269841 0.601122
v -0.904762 0.258320 0.809524
v -0.904762 0.269841 0.799311
v -0.904762 0.269841 0.931875
v -0.904762 0.301587 0.436329
v -0.925262 0.301587 0.619048
v -0.904762 0.291573 0.619048
v -0.904762 0.301587 0.638778
v -0.924488 0.301587 0.777778
v -0.904762 0.289423 0.777778
v -0.904762 0.301587 0.751009
v -0.904762 0.301587 0.917536
v -0.904762 0.319256 0.460317
v -0.904762 0.333333 0.490635
v -0.904762 0.306190 0.650794
v -0.904762 0.309984 0.682540
v -0.904762 0.309033 0.714286
v -0.904762 0.303463 0.746032
v -0.904762 0.323008 0.904762
v -0.904762 0.333333 0.894943
v -0.904762 0.333825 0.492063
v -0.904762 0.340425 0.523810
v -0.904762 0.348291 0.555556
v -0.928757 0.365079 0.587302
v -0.904762 0.365079 0.580251
v -0.904762 0.360606 0.873016
v -0.904762 0.365079 0.868470
v -0.904762 0.371378 0.587302
v -0.904762 0.396825 0.604752
v -0.930130 0.396825 0.841270
v -0.904762 0.396825 0.846688
v -0.904762 0.413525 0.619048
v -0.904762 0.428571 0.631682
v -0.904762 0.407939 0.841270
v -0.904762 0.428571 0.830178
v -0.904762 0.444811 0.650794
v -0.904762 0.460317 0.671873
v -0.913266 0.460317 0.809524
v -0.904762 0.458644 0.809524
v -0.904762 0.460317 0.807894
v -0.904762 0.468403 0.682540
v -0.904762 0.484073 0.714286
v -0.904762 0.487492 0.746032
v -0.904762 0.479367 0.777778
v -0.904762 0.755437 0.714286
v -0.904762 0.777778 0.683509
v -0.904762 0.752832 0.746032
v -0.929259 0.777778 0.777778
v -0.904762 0.766234 0.777778
v -0.904762 0.777778 0.783881
v -0.907424 0.809524 0.682540
v -0.904762 0.783660 0.682540
v -0.904762 0.809524 0.680572
v -0.909872 0.809524 0.777778
v -0.904762 0.809524 0.780103
v -0.904762 0.815048 0.682540
v -0.921783 0.841270 0.714286
v -0.904762 0.841270 0.696117
v -0.925363 0.841270 0.746032
v -0.904762 0.817097 0.777778
v -0.904762 0.841270 0.768620
v -0.904762 0.869442 0.714286
v -0.907971 0.873016 0.746032
v -0.904762 0.873016 0.726820
v -0.904762 0.873016 0.751553
v -0.904762 0.885141 0.746032
v -0.920772 0.968254 0.714286
v -0.904762 0.957143 0.714286
v -0.904762 0.968254 0.703386
v -0.927629 0.968254 0.746032
v -0.904762 0.943975 0.746032
v -0.904762 0.968254 0.774796
v -0.913406 1.000000 0.650794
v -0.904762 0.979951 0.682540
v -0.904762 1.000000 0.656801
v -0.904762 0.970422 0.777778
v -0.925832 1.000000 0.809524
v -0.904762 1.000000 0.799752
v -0.901948 -0.968254 0.555556
v -0.873016 -0.981861 0.555556
v -0.873016 -0.968254 0.543997
v -0.873016 -0.993649 0.587302
v -0.895470 -0.968254 0.619048
v -0.873016 -0.982042 0.619048
v -0.873016 -0.968254 0.632525
v -0.873016 -0.936508 0.525830
v -0.884804 -0.936508 0.650794
v -0.873016 -0.942956 0.650794
v -0.873016 -0.936508 0.656028
v -0.893438 -0.904762 0.523810
v -0.873016 -0.926776 0.523810
v -0.873016 -0.904762 0.520736
v -0.874613 -0.904762 0.682540
v -0.873016 -0.905308 0.682540
v -0.873016 -0.904762 0.683616
v -0.877951 -0.873016 0.523810
v -0.873016 -0.873016 0.523450
v -0.887046 -0.873016 0.714286
v -0.873016 -0.881065 0.714286
v -0.885447 -0.873016 0.746032
v -0.873016 -0.881125 0.746032
v -0.892388 -0.873016 0.777778
v -0.873016 -0.888297 0.777778
v -0.886618 -0.873016 0.809524
v -0.873016 -0.884894 0.809524
v -0.873016 -0.873016 0.825925
v -0.873016 -0.871749 0.523810
v -0.873016 -0.841270 0.534982
v -0.896348 -0.841270 0.714286
v -0.896422 -0.841270 0.841270
v -0.873016 -0.861667 0.841270
v -0.873016 -0.841270 0.860105
v -0.873016 -0.809524 0.555198
v -0.873016 -0.813895 0.682540
v -0.873016 -0.809524 0.677316
v -0.873016 -0.818321 0.714286
v -0.873016 -0.809524 0.720862
v -0.873016 -0.829442 0.873016
v -0.873016 -0.809524 0.890786
v -0.873016 -0.809150 0.555556
v -0.873016 -0.791639 0.587302
v -0.873016 -0.789534 0.619048
v -0.873016 -0.798975 0.650794
v -0.873016 -0.777778 0.736973
v -0.873016 -0.786012 0.904762
v -0.873016 -0.777778 0.907877
v -0.874486 -0.746032 0.746032
v -0.873016 -0.746556 0.746032
v -0.873016 -0.746032 0.746154
v -0.873016 -0.746032 0.908104
v -0.873016 -0.714286 0.757821
v -0.886125 -0.714286 0.904762
v -0.873016 -0.734434 0.904762
v -0.873016 -0.714286 0.896171
v -0.873016 -0.682540 0.769679
v -0.873016 -0.682540 0.875658
v -0.873016 -0.650794 0.774048
v -0.873016 -0.678574 0.873016
v -0.873016 -0.650794 0.845132
v -0.873016 -0.619048 0.765172
v -0.890721 -0.619048 0.841270
v -0.873016 -0.642689 0.841270
v -0.873016 -0.619048 0.825531
v -0.873016 -0.588899 0.746032
v -0.873016 -0.587302 0.745511
v -0.894379 -0.587302 0.841270
v -0.873016 -0.587302 0.826073
v -0.873016 -0.555556 0.738991
v -0.886449 -0.555556 0.841270
v -0.873016 -0.555556 0.830814
v -0.873016 -0.523810 0.737599
v -0.878902 -0.523810 0.841270
v -0.873016 -0.523810 0.835476
v -0.873016 -0.492063 0.737225
v -0.873545 -0.492063 0.841270
v -0.873016 -0.492063 0.840542
v -0.887099 -0.460317 0.714286
v -0.873016 -0.460317 0.728664
v -0.873016 -0.489936 0.841270
v -0.873016 -0.460317 0.848440
v -0.873016 -0.438386 0.714286
v -0.873016 -0.428571 0.709827
v -0.873016 -0.428979 0.873016
v -0.873016 -0.428571 0.873266
v -0.899697 -0.396825 0.682540
v -0.873016 -0.396825 0.694926
v -0.894451 -0.396825 0.904762
v -0.873016 -0.396825 0.899992
v -0.894938 -0.365079 0.682540
v -0.873016 -0.365079 0.689388
v -0.873016 -0.391078 0.904762
v -0.873016 -0.365079 0.920308
v -0.873016 -0.333333 0.698527
v -0.873016 -0.333333 0.933780
v -0.874740 -0.301587 0.714286
v -0.873016 -0.303144 0.714286
v -0.873016 -0.301587 0.715238
v -0.873016 -0.319235 0.936508
v -0.873016 -0.301587 0.939947
v -0.873016 -0.269841 0.730324
v -0.873016 -0.269841 0.938215
v -0.873016 -0.238095 0.733532
v -0.873016 -0.264819 0.936508
v -0.873016 -0.238095 0.921698
v -0.873016 -0.206349 0.731615
v -0.875771 -0.206349 0.904762
v -0.873016 -0.209705 0.904762
v -0.873016 -0.206349 0.901489
v -0.873016 -0.174603 0.735439
v -0.873016 -0.174603 0.888204
v -0.873016 -0.143628 0.746032
v -0.873016 -0.142857 0.746471
v -0.873016 -0.142857 0.888225
v -0.893776 -0.111111 0.777778
v -0.873016 -0.111111 0.761278
v -0.873016 -0.111111 0.891127
v -0.887912 -0.079365 0.777778
v -0.873016 -0.079365 0.765749
v -0.873016 -0.079365 0.897895
v -0.887447 -0.047619 0.777778
v -0.873016 -0.047619 0.765835
v -0.873016 -0.061111 0.904762
v -0.873016 -0.047619 0.908898
v -0.890888 -0.015873 0.777778
v -0.873016 -0.015873 0.762573
v -0.903666 -0.015873 0.936508
v -0.873016 -0.015873 0.920278
v -0.896440 0.015873 0.777778
v -0.873016 0.015873 0.756387
v -0.887826 0.015873 0.936508
v -0.873016 0.015873 0.927318
v -0.895642 0.047619 0.777778
v -0.873016 0.047619 0.753091
v -0.895288 0.047619 0.936508
v -0.873016 0.047619 0.921908
v -0.878950 0.079365 0.777778
v -0.873016 0.079365 0.769530
v -0.893404 0.079365 0.809524
v -0.874087 0.079365 0.904762
v -0.873016 0.078521 0.904762
v -0.873016 0.079365 0.904034
v -0.873016 0.085410 0.777778
v -0.873016 0.103588 0.809524
v -0.885205 0.111111 0.841270
v -0.873016 0.111111 0.827670
v -0.873016 0.111111 0.874591
v -0.873016 0.119115 0.841270
v -0.904296 0.142857 0.873016
v -0.873016 0.113800 0.873016
v -0.895075 0.174603 0.873016
v -0.899105 0.174603 0.904762
v -0.873016 0.194245 0.873016
v -0.873016 0.206349 0.862659
v -0.873016 0.201397 0.904762
v -0.873016 0.206349 0.908298
v -0.892049 0.238095 0.492063
v -0.886311 0.238095 0.523810
v -0.891872 0.238095 0.555556
v -0.873016 0.221325 0.841270
v -0.873016 0.238095 0.826927
v -0.873016 0.238095 0.933186
v -0.888985 0.269841 0.460317
v -0.875991 0.269841 0.492063
v -0.873016 0.264806 0.523810
v -0.873016 0.269841 0.509532
v -0.874151 0.269841 0.555556
v -0.873016 0.269841 0.547765
v -0.889822 0.269841 0.587302
v -0.873016 0.254185 0.809524
v -0.873016 0.269841 0.790979
v -0.884367 0.269841 0.936508
v -0.873016 0.254061 0.936508
v -0.873016 0.269841 0.938045
v -0.890846 0.301587 0.460317
v -0.878927 0.301587 0.492063
v -0.873016 0.301587 0.522290
v -0.873016 0.286927 0.555556
v -0.873016 0.301240 0.587302
v -0.873016 0.299241 0.619048
v -0.889507 0.301587 0.650794
v -0.873016 0.297453 0.650794
v -0.884487 0.301587 0.682540
v -0.873016 0.297248 0.682540
v -0.885503 0.301587 0.714286
v -0.873016 0.297158 0.714286
v -0.899529 0.301587 0.746032
v -0.873016 0.293410 0.746032
v -0.873016 0.280191 0.777778
v -0.873016 0.276167 0.936508
v -0.873016 0.301587 0.927603
v -0.904154 0.333333 0.492063
v -0.896430 0.333333 0.523810
v -0.873016 0.302101 0.523810
v -0.888581 0.333333 0.555556
v -0.873016 0.304071 0.555556
v -0.873016 0.333333 0.581894
v -0.886500 0.333333 0.904762
v -0.873016 0.333333 0.908940
v -0.890606 0.365079 0.587302
v -0.873016 0.343860 0.587302
v -0.873016 0.365079 0.592548
v -0.896018 0.365079 0.873016
v -0.873016 0.339888 0.904762
v -0.873016 0.365079 0.881062
v -0.873016 0.396825 0.606755
v -0.873016 0.375894 0.873016
v -0.873016 0.396825 0.854161
v -0.873016 0.413420 0.619048
v -0.873016 0.428571 0.631410
v -0.873016 0.417319 0.841270
v -0.873016 0.428571 0.833912
v -0.873016 0.446140 0.650794
v -0.873016 0.460317 0.669576
v -0.895361 0.460317 0.809524
v -0.873016 0.460317 0.812370
v -0.873016 0.471253 0.682540
v -0.873016 0.489437 0.714286
v -0.884927 0.492063 0.746032
v -0.873016 0.492063 0.730283
v -0.873016 0.486532 0.777778
v -0.873016 0.492063 0.758175
v -0.873016 0.463535 0.809524
v -0.873016 0.494829 0.746032
v -0.901845 0.777778 0.682540
v -0.873016 0.770866 0.682540
v -0.873016 0.777778 0.674424
v -0.873016 0.765422 0.714286
v -0.873016 0.770859 0.746032
v -0.892464 0.777778 0.777778
v -0.873016 0.777778 0.762901
v -0.873016 0.809524 0.666020
v -0.873016 0.799175 0.777778
v -0.873016 0.809524 0.781801
v -0.889587 0.841270 0.682540
v -0.873016 0.841270 0.672272
v -0.886928 0.841270 0.777778
v -0.873016 0.841270 0.783655
v -0.874836 0.873016 0.682540
v -0.873016 0.873016 0.681086
v -0.902519 0.873016 0.714286
v -0.882040 0.873016 0.777778
v -0.873016 0.873016 0.784299
v -0.873016 0.884726 0.682540
v -0.892469 0.904762 0.714286
v -0.873016 0.904762 0.686763
v -0.899453 0.904762 0.746032
v -0.882920 0.904762 0.777778
v -0.873016 0.904762 0.787033
v -0.874421 0.936508 0.682540
v -0.873016 0.925936 0.682540
v -0.873016 0.936508 0.681221
v -0.894689 0.936508 0.714286
v -0.901570 0.936508 0.746032
v -0.887718 0.936508 0.777778
v -0.873016 0.936508 0.791762
v -0.889068 0.968254 0.682540
v -0.873016 0.968254 0.672169
v -0.902171 0.968254 0.777778
v -0.873016 0.968254 0.794324
v -0.873016 1.000000 0.663882
v -0.873016 1.000000 0.787711
v -0.841270 -0.991671 0.555556
v -0.841270 -0.968254 0.537925
v -0.859369 -1.000000 0.587302
v -0.841270 -1.000000 0.571602
v -0.843780 -1.000000 0.619048
v -0.841270 -0.968254 0.649393
v -0.841270 -1.000000 0.620969
v -0.857197 -0.936508 0.523810
v -0.841270 -0.940326 0.523810
v -0.841270 -0.936508 0.522438
v -0.841270 -0.965992 0.650794
v -0.841270 -0.936508 0.671320
v -0.841270 -0.904762 0.518992
v -0.841270 -0.921154 0.682540
v -0.842017 -0.904762 0.714286
v -0.841270 -0.905133 0.714286
v -0.844085 -0.904762 0.746032
v -0.841270 -0.906207 0.746032
v -0.853445 -0.904762 0.777778
v -0.841270 -0.911297 0.777778
v -0.849739 -0.904762 0.809524
v -0.841270 -0.909711 0.809524
v -0.841270 -0.904762 0.819727
v -0.841270 -0.873016 0.523481
v -0.858988 -0.873016 0.841270
v -0.841270 -0.888226 0.841270
v -0.841270 -0.873016 0.854439
v -0.841270 -0.872125 0.523810
v -0.841270 -0.841270 0.539123
v -0.851355 -0.841270 0.873016
v -0.841270 -0.849001 0.873016
v -0.841270 -0.841270 0.878753
v -0.871790 -0.809524 0.555556
v -0.841270 -0.820637 0.555556
v -0.841270 -0.809524 0.572587
v -0.841270 -0.820617 0.682540
v -0.841270 -0.809524 0.662232
v -0.841270 -0.825405 0.714286
v -0.841270 -0.809524 0.732527
v -0.841270 -0.809524 0.895489
v -0.841270 -0.801962 0.587302
v -0.841270 -0.798660 0.619048
v -0.841270 -0.806028 0.650794
v -0.849461 -0.777778 0.746032
v -0.841270 -0.786256 0.746032
v -0.841270 -0.777778 0.748961
v -0.856157 -0.777778 0.904762
v -0.841270 -0.777778 0.900226
v -0.841270 -0.746032 0.758322
v -0.862660 -0.746032 0.904762
v -0.841270 -0.746032 0.892914
v -0.841270 -0.714286 0.768652
v -0.841270 -0.714286 0.879177
v -0.841270 -0.682540 0.777666
v -0.865581 -0.682540 0.873016
v -0.841270 -0.701812 0.873016
v -0.841270 -0.682540 0.856859
v -0.847666 -0.650794 0.777778
v -0.841270 -0.679095 0.777778
v -0.841270 -0.650794 0.780633
v -0.846765 -0.650794 0.841270
v -0.841270 -0.652714 0.841270
v -0.841270 -0.650794 0.838863
v -0.841270 -0.647395 0.777778
v -0.841270 -0.619048 0.769119
v -0.841270 -0.619048 0.827506
v -0.869616 -0.587302 0.746032
v -0.841270 -0.587302 0.754800
v -0.841270 -0.587302 0.827822
v -0.845021 -0.555556 0.746032
v -0.841270 -0.555556 0.747926
v -0.841270 -0.555556 0.828005
v -0.852088 -0.523810 0.746032
v -0.841270 -0.523810 0.754386
v -0.841270 -0.523810 0.826298
v -0.860138 -0.492063 0.746032
v -0.841270 -0.492063 0.770433
v -0.841270 -0.492063 0.822622
v -0.858057 -0.460317 0.746032
v -0.845212 -0.460317 0.777778
v -0.841270 -0.475223 0.777778
v -0.841270 -0.460317 0.799209
v -0.852198 -0.460317 0.841270
v -0.841270 -0.460317 0.819402
v -0.867676 -0.428571 0.714286
v -0.849982 -0.428571 0.746032
v -0.842353 -0.428571 0.777778
v -0.841270 -0.428571 0.785296
v -0.841270 -0.445573 0.841270
v -0.871614 -0.428571 0.873016
v -0.841270 -0.428571 0.853509
v -0.853929 -0.396825 0.714286
v -0.841697 -0.396825 0.746032
v -0.841270 -0.424536 0.777778
v -0.841270 -0.396825 0.748115
v -0.841270 -0.413636 0.873016
v -0.841270 -0.396825 0.883964
v -0.848699 -0.365079 0.714286
v -0.841270 -0.394147 0.746032
v -0.841270 -0.365079 0.732728
v -0.846163 -0.365079 0.904762
v -0.841270 -0.365079 0.897973
v -0.854798 -0.333333 0.714286
v -0.841270 -0.333333 0.739881
v -0.845787 -0.333333 0.904762
v -0.841270 -0.333333 0.893841
v -0.846783 -0.301587 0.746032
v -0.841270 -0.322623 0.746032
v -0.841270 -0.301587 0.759750
v -0.842423 -0.301587 0.873016
v -0.841270 -0.307029 0.873016
v -0.841270 -0.301587 0.866867
v -0.851139 -0.301587 0.904762
v -0.868852 -0.301587 0.936508
v -0.854558 -0.269841 0.746032
v -0.841270 -0.269841 0.772645
v -0.844319 -0.269841 0.841270
v -0.841270 -0.282132 0.841270
v -0.841270 -0.269841 0.822197
v -0.850878 -0.269841 0.873016
v -0.857556 -0.269841 0.904762
v -0.870872 -0.269841 0.936508
v -0.851360 -0.238095 0.746032
v -0.841270 -0.238095 0.762523
v -0.849943 -0.238095 0.841270
v -0.841270 -0.238095 0.813991
v -0.858042 -0.238095 0.873016
v -0.864423 -0.238095 0.904762
v -0.841270 -0.223744 0.746032
v -0.841270 -0.206349 0.738738
v -0.848110 -0.206349 0.841270
v -0.841270 -0.206349 0.830401
v -0.861571 -0.206349 0.873016
v -0.841270 -0.174603 0.729651
v -0.841270 -0.196922 0.841270
v -0.847797 -0.174603 0.873016
v -0.841270 -0.174603 0.868163
v -0.872509 -0.142857 0.746032
v -0.841270 -0.142857 0.731897
v -0.841270 -0.169972 0.873016
v -0.841270 -0.142857 0.883880
v -0.854778 -0.111111 0.746032
v -0.841270 -0.111111 0.738726
v -0.841270 -0.111111 0.886740
v -0.847001 -0.079365 0.746032
v -0.841270 -0.079365 0.743055
v -0.841270 -0.079365 0.887568
v -0.844084 -0.047619 0.746032
v -0.841270 -0.047619 0.744750
v -0.867094 -0.047619 0.904762
v -0.841270 -0.047619 0.888744
v -0.842506 -0.015873 0.746032
v -0.841270 -0.015873 0.745617
v -0.858420 -0.015873 0.904762
v -0.841270 -0.015873 0.889521
v -0.841270 -0.002932 0.746032
v -0.841270 0.015873 0.747025
v -0.857010 0.015873 0.904762
v -0.841270 0.015873 0.887289
v -0.841270 0.047619 0.751102
v -0.862117 0.047619 0.904762
v -0.841270 0.047619 0.879825
v -0.841270 0.079365 0.762288
v -0.849437 0.079365 0.873016
v -0.841270 0.065531 0.873016
v -0.841270 0.079365 0.865925
v -0.841270 0.100173 0.777778
v -0.857022 0.111111 0.809524
v -0.841270 0.111111 0.796762
v -0.871676 0.111111 0.873016
v -0.841270 0.111111 0.843948
v -0.841270 0.118710 0.809524
v -0.841270 0.114789 0.841270
v -0.850665 0.206349 0.873016
v -0.866040 0.206349 0.904762
v -0.841270 0.219148 0.841270
v -0.841270 0.238095 0.819726
v -0.841270 0.208936 0.873016
v -0.841270 0.217466 0.904762
v -0.841270 0.238095 0.926513
v -0.871421 0.269841 0.523810
v -0.841270 0.246138 0.809524
v -0.841270 0.269841 0.782138
v -0.841270 0.260079 0.936508
v -0.841270 0.269841 0.938639
v -0.872832 0.301587 0.523810
v -0.872472 0.301587 0.555556
v -0.872926 0.301587 0.587302
v -0.871142 0.301587 0.619048
v -0.862820 0.301587 0.650794
v -0.841270 0.300580 0.682540
v -0.841270 0.301587 0.679589
v -0.841270 0.297664 0.714286
v -0.841270 0.292201 0.746032
v -0.841270 0.273902 0.777778
v -0.841270 0.283643 0.936508
v -0.841270 0.301587 0.932480
v -0.871107 0.333333 0.587302
v -0.851850 0.333333 0.619048
v -0.841270 0.313254 0.650794
v -0.841270 0.333333 0.631389
v -0.841270 0.333333 0.914835
v -0.841356 0.365079 0.619048
v -0.841270 0.365079 0.619122
v -0.841270 0.348553 0.904762
v -0.841270 0.365079 0.887718
v -0.849310 0.396825 0.619048
v -0.841270 0.396825 0.623960
v -0.841270 0.382191 0.873016
v -0.841270 0.396825 0.857345
v -0.841270 0.428571 0.642850
v -0.841270 0.420058 0.841270
v -0.841270 0.428571 0.835232
v -0.841270 0.438036 0.650794
v -0.841270 0.460317 0.673327
v -0.841270 0.460317 0.815425
v -0.841270 0.470245 0.682540
v -0.849103 0.492063 0.714286
v -0.841270 0.492063 0.712954
v -0.847861 0.492063 0.777778
v -0.841270 0.467973 0.809524
v -0.841270 0.492063 0.780306
v -0.841270 0.493077 0.714286
v -0.841270 0.500304 0.746032
v -0.841270 0.493507 0.777778
v -0.862143 0.777778 0.682540
v -0.855255 0.777778 0.714286
v -0.864759 0.777778 0.746032
v -0.841270 0.795754 0.682540
v -0.841270 0.809524 0.673016
v -0.841270 0.789626 0.714286
v -0.841270 0.799677 0.746032
v -0.864641 0.809524 0.777778
v -0.841270 0.809524 0.762474
v -0.841270 0.841270 0.668234
v -0.841270 0.827024 0.777778
v -0.841270 0.841270 0.787593
v -0.841270 0.873016 0.667855
v -0.841270 0.873016 0.799797
v -0.869036 0.904762 0.682540
v -0.841270 0.904762 0.665296
v -0.841270 0.904762 0.807960
v -0.841270 0.936508 0.661192
v -0.843734 0.936508 0.809524
v -0.841270 0.921466 0.809524
v -0.841270 0.936508 0.811479
v -0.841270 0.968254 0.661372
v -0.841270 0.942542 0.809524
v -0.841270 0.968254 0.802765
v -0.841270 1.000000 0.671470
v -0.844633 1.000000 0.777778
v -0.841270 0.998738 0.777778
v -0.841270 1.000000 0.776704
v -0.809524 -0.996283 0.555556
v -0.809524 -0.968254 0.537729
v -0.809524 -1.000000 0.560327
v -0.838342 -0.968254 0.650794
v -0.809524 -0.992992 0.650794
v -0.809524 -1.000000 0.645159
v -0.809524 -0.968254 0.667661
v -0.809524 -0.938508 0.523810
v -0.809524 -0.936508 0.523093
v -0.818681 -0.936508 0.682540
v -0.809524 -0.944433 0.682540
v -0.809524 -0.936508 0.695512
v -0.809524 -0.904762 0.520369
v -0.809524 -0.924817 0.714286
v -0.809524 -0.926009 0.746032
v -0.809524 -0.929363 0.777778
v -0.809524 -0.925388 0.809524
v -0.820726 -0.904762 0.841270
v -0.809524 -0.910841 0.841270
v -0.809524 -0.904762 0.849405
v -0.837771 -0.873016 0.523810
v -0.809524 -0.887388 0.523810
v -0.809524 -0.873016 0.527951
v -0.810305 -0.873016 0.873016
v -0.809524 -0.873659 0.873016
v -0.809524 -0.873016 0.873495
v -0.809524 -0.841270 0.548494
v -0.817042 -0.841270 0.714286
v -0.809524 -0.846333 0.714286
v -0.809524 -0.841270 0.694826
v -0.809524 -0.841270 0.724270
v -0.809524 -0.841270 0.884417
v -0.809524 -0.834147 0.555556
v -0.824953 -0.809524 0.587302
v -0.809524 -0.818568 0.587302
v -0.820468 -0.809524 0.619048
v -0.809524 -0.816786 0.619048
v -0.835029 -0.809524 0.650794
v -0.809524 -0.826421 0.650794
v -0.809524 -0.839579 0.682540
v -0.827341 -0.809524 0.746032
v -0.809524 -0.828051 0.746032
v -0.809524 -0.809524 0.758975
v -0.809524 -0.809524 0.886471
v -0.809524 -0.777778 0.768431
v -0.809524 -0.777778 0.881244
v -0.809524 -0.746032 0.773532
v -0.810329 -0.746032 0.873016
v -0.809524 -0.748484 0.873016
v -0.809524 -0.746032 0.871933
v -0.810916 -0.714286 0.777778
v -0.809524 -0.717286 0.777778
v -0.809524 -0.714286 0.778764
v -0.828410 -0.714286 0.873016
v -0.809524 -0.714286 0.855564
v -0.840016 -0.682540 0.777778
v -0.809524 -0.682540 0.784824
v -0.809524 -0.682540 0.844860
v -0.829625 -0.650794 0.777778
v -0.809524 -0.662490 0.777778
v -0.809524 -0.650794 0.776182
v -0.809524 -0.652861 0.841270
v -0.809524 -0.650794 0.840684
v -0.809524 -0.619048 0.765408
v -0.811583 -0.619048 0.841270
v -0.809524 -0.642367 0.841270
v -0.809524 -0.619048 0.841716
v -0.809524 -0.587302 0.755837
v -0.814285 -0.587302 0.841270
v -0.809524 -0.587302 0.842675
v -0.809524 -0.555556 0.756062
v -0.809524 -0.556423 0.841270
v -0.809524 -0.555556 0.841186
v -0.809524 -0.523810 0.768252
v -0.809524 -0.523810 0.833859
v -0.830953 -0.492063 0.777778
v -0.809524 -0.507295 0.777778
v -0.809524 -0.492063 0.800581
v -0.809524 -0.492063 0.823231
v -0.831890 -0.460317 0.809524
v -0.809524 -0.477935 0.809524
v -0.811801 -0.460317 0.841270
v -0.809524 -0.462337 0.841270
v -0.809524 -0.460317 0.839145
v -0.809524 -0.460317 0.841802
v -0.830640 -0.428571 0.809524
v -0.809524 -0.428571 0.836597
v -0.809524 -0.428571 0.848603
v -0.832830 -0.396825 0.777778
v -0.823299 -0.396825 0.809524
v -0.814489 -0.396825 0.841270
v -0.809524 -0.417726 0.841270
v -0.822421 -0.396825 0.873016
v -0.836408 -0.365079 0.746032
v -0.827530 -0.365079 0.777778
v -0.821511 -0.365079 0.809524
v -0.820062 -0.365079 0.841270
v -0.826061 -0.365079 0.873016
v -0.838546 -0.333333 0.746032
v -0.829055 -0.333333 0.777778
v -0.825374 -0.333333 0.809524
v -0.827048 -0.333333 0.841270
v -0.833414 -0.333333 0.873016
v -0.834922 -0.301587 0.777778
v -0.832513 -0.301587 0.809524
v -0.835882 -0.301587 0.841270
v -0.839247 -0.269841 0.777778
v -0.838766 -0.269841 0.809524
v -0.834683 -0.238095 0.777778
v -0.839488 -0.238095 0.809524
v -0.824822 -0.206349 0.746032
v -0.809524 -0.207115 0.777778
v -0.809524 -0.206349 0.775496
v -0.824992 -0.206349 0.809524
v -0.809524 -0.206349 0.779407
v -0.809524 -0.197025 0.746032
v -0.809524 -0.174603 0.730478
v -0.809524 -0.195800 0.809524
v -0.809524 -0.177894 0.841270
v -0.809524 -0.174603 0.846995
v -0.809524 -0.142857 0.721619
v -0.809524 -0.151055 0.873016
v -0.809524 -0.142857 0.876650
v -0.809524 -0.111111 0.724253
v -0.809524 -0.111111 0.879282
v -0.809524 -0.079365 0.729893
v -0.809524 -0.079365 0.876944
v -0.809524 -0.047619 0.735008
v -0.809569 -0.047619 0.873016
v -0.809524 -0.047755 0.873016
v -0.809524 -0.047619 0.872995
v -0.809524 -0.015873 0.740666
v -0.819122 -0.015873 0.873016
v -0.809524 -0.015873 0.867415
v -0.809524 0.009210 0.746032
v -0.809524 0.015873 0.748257
v -0.826504 0.015873 0.873016
v -0.809524 0.015873 0.861014
v -0.809524 0.047619 0.758813
v -0.834740 0.047619 0.873016
v -0.809524 0.047619 0.853445
v -0.809524 0.079365 0.770354
v -0.809524 0.079365 0.844235
v -0.809524 0.095958 0.777778
v -0.809524 0.111111 0.800517
v -0.836169 0.111111 0.841270
v -0.809524 0.088865 0.841270
v -0.809524 0.111111 0.817604
v -0.809524 0.117897 0.809524
v -0.818074 0.238095 0.809524
v -0.809524 0.233081 0.809524
v -0.809524 0.238095 0.804887
v -0.809524 0.215397 0.841270
v -0.809524 0.215106 0.873016
v -0.809524 0.227702 0.904762
v -0.809524 0.238095 0.915983
v -0.816770 0.269841 0.777778
v -0.809524 0.267921 0.777778
v -0.809524 0.269841 0.776069
v -0.823841 0.269841 0.936508
v -0.809524 0.269841 0.933379
v -0.840058 0.301587 0.682540
v -0.834363 0.301587 0.714286
v -0.819303 0.301587 0.746032
v -0.809524 0.301587 0.753719
v -0.809524 0.301587 0.930763
v -0.830707 0.333333 0.650794
v -0.818075 0.333333 0.682540
v -0.810717 0.333333 0.714286
v -0.809524 0.314053 0.746032
v -0.809524 0.333333 0.719957
v -0.809524 0.333333 0.916166
v -0.821735 0.365079 0.650794
v -0.809524 0.362698 0.682540
v -0.809524 0.365079 0.681204
v -0.809524 0.336858 0.714286
v -0.809524 0.350667 0.904762
v -0.809524 0.365079 0.887748
v -0.819439 0.396825 0.650794
v -0.809524 0.396825 0.671180
v -0.809524 0.379548 0.873016
v -0.809524 0.396825 0.847974
v -0.830282 0.428571 0.650794
v -0.809524 0.428571 0.674623
v -0.809524 0.405722 0.841270
v -0.809524 0.428571 0.822990
v -0.820281 0.460317 0.682540
v -0.809524 0.446347 0.682540
v -0.809524 0.460317 0.692444
v -0.813425 0.460317 0.809524
v -0.809524 0.457552 0.809524
v -0.809524 0.460317 0.807785
v -0.836465 0.492063 0.714286
v -0.809524 0.481804 0.714286
v -0.809524 0.492063 0.740660
v -0.829003 0.492063 0.777778
v -0.809524 0.487248 0.777778
v -0.809524 0.492063 0.757505
v -0.809524 0.493637 0.746032
v -0.831685 0.809524 0.682540
v -0.822065 0.809524 0.714286
v -0.831075 0.809524 0.746032
v -0.810597 0.841270 0.682540
v -0.809524 0.822386 0.714286
v -0.809524 0.841270 0.683628
v -0.809524 0.828200 0.746032
v -0.816326 0.841270 0.777778
v -0.809524 0.841270 0.773887
v -0.809524 0.842441 0.682540
v -0.809524 0.873016 0.672259
v -0.809524 0.844080 0.777778
v -0.809524 0.873016 0.808878
v -0.809524 0.904762 0.664816
v -0.836543 0.904762 0.809524
v -0.809524 0.874518 0.809524
v -0.809524 0.904762 0.827472
v -0.809524 0.936508 0.662088
v -0.809524 0.936508 0.825030
v -0.811420 0.936508 0.904762
v -0.809524 0.930132 0.904762
v -0.809524 0.936508 0.898284
v -0.818313 0.936508 0.936508
v -0.809524 0.919105 0.936508
v -0.809524 0.936508 0.965734
v -0.809524 0.968254 0.667540
v -0.809524 0.950539 0.809524
v -0.809524 0.968254 0.799311
v -0.810770 0.968254 0.904762
v -0.809524 0.968254 0.903593
v -0.834964 0.968254 0.936508
v -0.834850 0.968254 0.968254
v -0.809524 0.938728 0.968254
v -0.809524 0.968254 0.976305
v -0.809667 1.000000 0.682540
v -0.809524 0.999922 0.682540
v -0.809524 1.000000 0.682631
v -0.809524 0.988431 0.777778
v -0.809524 1.000000 0.765779
v -0.809524 0.969052 0.904762
v -0.809524 0.992602 0.936508
v -0.809524 0.988473 0.968254
v -0.777778 -0.991363 0.555556
v -0.777778 -0.968254 0.543217
v -0.777778 -1.000000 0.562875
v -0.799054 -1.000000 0.650794
v -0.778892 -0.968254 0.682540
v -0.777778 -0.969324 0.682540
v -0.777778 -1.000000 0.663011
v -0.777778 -0.968254 0.683896
v -0.804746 -0.936508 0.523810
v -0.777778 -0.936508 0.530538
v -0.792548 -0.936508 0.714286
v -0.777778 -0.947280 0.714286
v -0.794175 -0.936508 0.746032
v -0.777778 -0.946437 0.746032
v -0.794916 -0.936508 0.777778
v -0.777778 -0.943218 0.777778
v -0.777778 -0.936508 0.802662
v -0.792830 -0.904762 0.523810
v -0.777778 -0.904762 0.529377
v -0.777778 -0.933033 0.809524
v -0.777778 -0.911132 0.841270
v -0.777778 -0.904762 0.849064
v -0.777778 -0.873016 0.543496
v -0.779771 -0.873016 0.682540
v -0.777778 -0.876313 0.682540
v -0.777778 -0.873016 0.677897
v -0.779819 -0.873016 0.714286
v -0.777778 -0.875301 0.714286
v -0.777778 -0.873016 0.719199
v -0.807526 -0.873016 0.873016
v -0.777778 -0.873016 0.858869
v -0.797707 -0.841270 0.555556
v -0.777778 -0.858694 0.555556
v -0.779956 -0.841270 0.587302
v -0.777778 -0.843759 0.587302
v -0.783292 -0.841270 0.619048
v -0.777778 -0.848788 0.619048
v -0.794558 -0.841270 0.650794
v -0.777778 -0.864096 0.650794
v -0.807760 -0.841270 0.682540
v -0.800982 -0.841270 0.746032
v -0.777778 -0.865066 0.746032
v -0.782707 -0.841270 0.777778
v -0.777778 -0.848628 0.777778
v -0.777778 -0.841270 0.795278
v -0.793670 -0.841270 0.873016
v -0.777778 -0.841270 0.845176
v -0.793601 -0.809524 0.777778
v -0.779712 -0.809524 0.809524
v -0.777778 -0.820504 0.809524
v -0.780787 -0.809524 0.841270
v -0.777778 -0.831089 0.841270
v -0.795553 -0.809524 0.873016
v -0.797651 -0.777778 0.777778
v -0.778616 -0.777778 0.809524
v -0.781284 -0.777778 0.841270
v -0.800086 -0.777778 0.873016
v -0.800518 -0.746032 0.777778
v -0.777778 -0.770812 0.809524
v -0.777778 -0.746032 0.804002
v -0.782313 -0.746032 0.841270
v -0.777778 -0.746032 0.823478
v -0.777778 -0.714286 0.796091
v -0.787760 -0.714286 0.841270
v -0.777778 -0.714286 0.825386
v -0.777778 -0.682540 0.783725
v -0.799278 -0.682540 0.841270
v -0.777778 -0.682540 0.825610
v -0.777778 -0.675235 0.777778
v -0.777778 -0.650794 0.772645
v -0.777778 -0.650794 0.831622
v -0.777778 -0.619048 0.764240
v -0.777778 -0.628852 0.841270
v -0.777778 -0.619048 0.842919
v -0.777778 -0.587302 0.760081
v -0.777778 -0.587302 0.849407
v -0.777778 -0.555556 0.765187
v -0.809395 -0.555556 0.841270
v -0.777778 -0.555556 0.852639
v -0.782793 -0.523810 0.777778
v -0.777778 -0.526554 0.777778
v -0.777778 -0.523810 0.780399
v -0.801037 -0.523810 0.841270
v -0.777778 -0.523810 0.852042
v -0.777778 -0.492063 0.804749
v -0.799093 -0.492063 0.841270
v -0.777778 -0.492063 0.852129
v -0.777778 -0.478158 0.809524
v -0.777778 -0.460317 0.820747
v -0.777778 -0.460317 0.860002
v -0.777778 -0.428571 0.831060
v -0.777778 -0.428571 0.868010
v -0.777778 -0.414612 0.841270
v -0.808537 -0.206349 0.777778
v -0.777778 -0.180126 0.746032
v -0.777778 -0.174603 0.740657
v -0.777778 -0.189880 0.777778
v -0.777778 -0.184183 0.809524
v -0.795424 -0.174603 0.841270
v -0.777778 -0.174603 0.832208
v -0.777778 -0.142857 0.720552
v -0.777778 -0.169842 0.841270
v -0.794736 -0.142857 0.873016
v -0.777778 -0.142857 0.866549
v -0.777778 -0.111111 0.717080
v -0.786377 -0.111111 0.873016
v -0.777778 -0.111111 0.869732
v -0.777778 -0.079365 0.723189
v -0.798075 -0.079365 0.873016
v -0.777778 -0.079365 0.864622
v -0.777778 -0.047619 0.732203
v -0.777778 -0.047619 0.857869
v -0.777778 -0.015873 0.742450
v -0.777778 -0.015873 0.850828
v -0.777778 -0.005328 0.746032
v -0.777778 0.015873 0.756913
v -0.777778 0.015873 0.843781
v -0.777778 0.047619 0.770453
v -0.786562 0.047619 0.841270
v -0.777778 0.028759 0.841270
v -0.777778 0.047619 0.832895
v -0.788141 0.079365 0.777778
v -0.777778 0.069302 0.777778
v -0.777778 0.079365 0.791370
v -0.802982 0.079365 0.841270
v -0.777778 0.079365 0.818120
v -0.797366 0.111111 0.809524
v -0.777778 0.096070 0.809524
v -0.777778 0.216741 0.809524
v -0.777778 0.238095 0.783718
v -0.777778 0.215206 0.841270
v -0.777778 0.223990 0.873016
v -0.787140 0.238095 0.904762
v -0.777778 0.238095 0.895450
v -0.777778 0.252018 0.777778
v -0.777778 0.269841 0.773217
v -0.777778 0.245846 0.904762
v -0.777778 0.269841 0.916809
v -0.777778 0.301587 0.777230
v -0.777778 0.301587 0.918140
v -0.802603 0.333333 0.746032
v -0.786865 0.333333 0.777778
v -0.777778 0.302978 0.777778
v -0.777778 0.333333 0.791653
v -0.777778 0.333333 0.907202
v -0.808959 0.365079 0.682540
v -0.802034 0.365079 0.714286
v -0.797251 0.365079 0.746032
v -0.791158 0.365079 0.777778
v -0.782077 0.365079 0.809524
v -0.777778 0.356504 0.809524
v -0.777778 0.365079 0.826048
v -0.780685 0.365079 0.873016
v -0.777778 0.363481 0.873016
v -0.777778 0.365079 0.864266
v -0.777778 0.337262 0.904762
v -0.804150 0.396825 0.682540
v -0.796213 0.396825 0.714286
v -0.792708 0.396825 0.746032
v -0.791212 0.396825 0.777778
v -0.791596 0.396825 0.809524
v -0.801973 0.396825 0.841270
v -0.777778 0.371602 0.841270
v -0.803781 0.428571 0.682540
v -0.792234 0.428571 0.714286
v -0.788117 0.428571 0.746032
v -0.788242 0.428571 0.777778
v -0.796638 0.428571 0.809524
v -0.794181 0.460317 0.714286
v -0.786538 0.460317 0.746032
v -0.786869 0.460317 0.777778
v -0.806354 0.492063 0.746032
v -0.791358 0.809524 0.904762
v -0.777778 0.802089 0.904762
v -0.777778 0.809524 0.880689
v -0.777778 0.809524 0.908637
v -0.789006 0.841270 0.714286
v -0.790549 0.841270 0.746032
v -0.786564 0.841270 0.873016
v -0.777778 0.813785 0.873016
v -0.777778 0.841270 0.859755
v -0.790383 0.841270 0.904762
v -0.777778 0.841270 0.917626
v -0.786300 0.873016 0.682540
v -0.777778 0.850855 0.714286
v -0.777778 0.873016 0.689269
v -0.777778 0.849896 0.746032
v -0.777778 0.858491 0.777778
v -0.805720 0.873016 0.809524
v -0.777778 0.867463 0.809524
v -0.784901 0.873016 0.841270
v -0.777778 0.861485 0.841270
v -0.790354 0.873016 0.873016
v -0.791861 0.873016 0.904762
v -0.777778 0.873016 0.930299
v -0.777778 0.883226 0.682540
v -0.777778 0.904762 0.676467
v -0.794352 0.904762 0.841270
v -0.795109 0.904762 0.873016
v -0.799580 0.904762 0.904762
v -0.794509 0.904762 0.936508
v -0.777778 0.880535 0.936508
v -0.777778 0.904762 0.944079
v -0.777778 0.936508 0.674450
v -0.777778 0.933389 0.841270
v -0.777778 0.936508 0.837871
v -0.793331 0.936508 0.873016
v -0.777778 0.936508 0.844571
v -0.777778 0.936508 0.957163
v -0.777778 0.968254 0.680094
v -0.777778 0.945726 0.809524
v -0.777778 0.968254 0.791266
v -0.777778 0.945718 0.873016
v -0.777778 0.968254 0.900616
v -0.785254 0.968254 0.968254
v -0.777778 0.968254 0.962448
v -0.777778 0.973950 0.682540
v -0.777778 1.000000 0.705842
v -0.777778 0.979595 0.777778
v -0.777778 1.000000 0.754310
v -0.777778 0.970326 0.904762
v -0.777778 0.983169 0.936508
v -0.747590 -0.968254 0.555556
v -0.746032 -0.968254 0.557072
v -0.746032 -1.000000 0.573981
v -0.774304 -0.968254 0.682540
v -0.746032 -0.968254 0.673237
v -0.746032 -1.000000 0.660890
v -0.746032 -0.962365 0.555556
v -0.746032 -0.936508 0.551403
v -0.755737 -0.936508 0.682540
v -0.746032 -0.936508 0.662945
v -0.753719 -0.936508 0.714286
v -0.746032 -0.943505 0.746032
v -0.746032 -0.936508 0.727368
v -0.746032 -0.937019 0.777778
v -0.746032 -0.936508 0.778503
v -0.748933 -0.904762 0.555556
v -0.746032 -0.918448 0.555556
v -0.746032 -0.904762 0.567245
v -0.747025 -0.904762 0.619048
v -0.746032 -0.907232 0.619048
v -0.746032 -0.904762 0.613906
v -0.757551 -0.904762 0.650794
v -0.746032 -0.930633 0.650794
v -0.763953 -0.904762 0.682540
v -0.758795 -0.904762 0.714286
v -0.748244 -0.904762 0.746032
v -0.746032 -0.914482 0.746032
v -0.747962 -0.904762 0.777778
v -0.746032 -0.931018 0.777778
v -0.756513 -0.904762 0.809524
v -0.771091 -0.904762 0.841270
v -0.765731 -0.873016 0.555556
v -0.757152 -0.873016 0.587302
v -0.746032 -0.896142 0.587302
v -0.762452 -0.873016 0.619048
v -0.772094 -0.873016 0.650794
v -0.771895 -0.873016 0.746032
v -0.765969 -0.873016 0.777778
v -0.765471 -0.873016 0.809524
v -0.770384 -0.873016 0.841270
v -0.775101 -0.841270 0.809524
v -0.776672 -0.841270 0.841270
v -0.771665 -0.746032 0.809524
v -0.746032 -0.715949 0.809524
v -0.746032 -0.714286 0.807770
v -0.746032 -0.714286 0.810703
v -0.757330 -0.682540 0.777778
v -0.746032 -0.685437 0.777778
v -0.746032 -0.682540 0.776963
v -0.746032 -0.682540 0.818846
v -0.746032 -0.650794 0.771219
v -0.746032 -0.650794 0.823876
v -0.746032 -0.619048 0.767793
v -0.765206 -0.619048 0.841270
v -0.746032 -0.619048 0.836040
v -0.746032 -0.587302 0.768815
v -0.746032 -0.610638 0.841270
v -0.746032 -0.587302 0.847917
v -0.746032 -0.555556 0.776261
v -0.746032 -0.555556 0.855038
v -0.746032 -0.551815 0.777778
v -0.746032 -0.523810 0.795850
v -0.746032 -0.523810 0.857853
v -0.756585 -0.492063 0.809524
v -0.746032 -0.495654 0.809524
v -0.746032 -0.492063 0.813637
v -0.746032 -0.492063 0.857845
v -0.746032 -0.460317 0.826617
v -0.746032 -0.460317 0.862105
v -0.746032 -0.428571 0.831648
v -0.746032 -0.428571 0.868989
v -0.746032 -0.407249 0.841270
v -0.767552 -0.174603 0.746032
v -0.746032 -0.175545 0.777778
v -0.746032 -0.174603 0.775423
v -0.746032 -0.175637 0.809524
v -0.746032 -0.174603 0.812690
v -0.746032 -0.160990 0.746032
v -0.746032 -0.142857 0.730866
v -0.746032 -0.159689 0.841270
v -0.746032 -0.142857 0.852040
v -0.746032 -0.111111 0.721471
v -0.746032 -0.111111 0.854368
v -0.746032 -0.079365 0.726641
v -0.746032 -0.079365 0.849530
v -0.746032 -0.047619 0.738128
v -0.746032 -0.047619 0.842702
v -0.762868 -0.015873 0.746032
v -0.746032 -0.029444 0.746032
v -0.746032 -0.015873 0.754714
v -0.758199 -0.015873 0.841270
v -0.746032 -0.041839 0.841270
v -0.746032 -0.015873 0.830534
v -0.746032 0.015873 0.773663
v -0.772529 0.015873 0.841270
v -0.746032 0.015873 0.816952
v -0.761865 0.047619 0.777778
v -0.746032 0.025546 0.777778
v -0.751426 0.047619 0.809524
v -0.746032 0.036457 0.809524
v -0.766196 0.079365 0.809524
v -0.755396 0.206349 0.777778
v -0.746032 0.190971 0.777778
v -0.746032 0.206349 0.754513
v -0.749090 0.206349 0.809524
v -0.746032 0.204887 0.809524
v -0.746032 0.206349 0.810859
v -0.772230 0.238095 0.777778
v -0.746032 0.238095 0.749772
v -0.746032 0.226711 0.841270
v -0.759674 0.238095 0.873016
v -0.746032 0.238095 0.854415
v -0.746032 0.269841 0.764840
v -0.746032 0.255398 0.873016
v -0.763866 0.269841 0.904762
v -0.746032 0.269841 0.881788
v -0.775886 0.301587 0.777778
v -0.746032 0.287840 0.777778
v -0.746032 0.301587 0.788306
v -0.760870 0.301587 0.904762
v -0.746032 0.301587 0.885283
v -0.757753 0.333333 0.809524
v -0.746032 0.322508 0.809524
v -0.746032 0.333333 0.829293
v -0.749617 0.333333 0.873016
v -0.746032 0.326061 0.873016
v -0.746032 0.333333 0.858171
v -0.774238 0.333333 0.904762
v -0.772423 0.365079 0.841270
v -0.746032 0.338865 0.841270
v -0.774103 0.809524 0.904762
v -0.746032 0.828481 0.873016
v -0.746032 0.841270 0.846020
v -0.760207 0.841270 0.904762
v -0.746032 0.841270 0.890491
v -0.752005 0.873016 0.714286
v -0.746032 0.868952 0.746032
v -0.746032 0.873016 0.731427
v -0.746032 0.868524 0.777778
v -0.746032 0.863522 0.809524
v -0.746032 0.843441 0.841270
v -0.746032 0.854774 0.904762
v -0.746032 0.873016 0.911086
v -0.766159 0.904762 0.682540
v -0.746032 0.880130 0.714286
v -0.746032 0.904762 0.700017
v -0.765960 0.904762 0.936508
v -0.746032 0.904762 0.921744
v -0.761710 0.936508 0.682540
v -0.746032 0.936508 0.695330
v -0.773610 0.936508 0.841270
v -0.753896 0.936508 0.936508
v -0.746032 0.936508 0.926257
v -0.772634 0.968254 0.682540
v -0.746032 0.968254 0.702981
v -0.746032 0.947837 0.809524
v -0.746032 0.968254 0.787171
v -0.746032 0.941520 0.841270
v -0.746032 0.946452 0.873016
v -0.772107 0.968254 0.904762
v -0.746032 0.952555 0.904762
v -0.762405 0.968254 0.936508
v -0.764741 1.000000 0.714286
v -0.746032 0.985585 0.714286
v -0.762180 1.000000 0.746032
v -0.746032 0.992800 0.746032
v -0.746032 0.974260 0.777778
v -0.726719 -0.968254 0.587302
v -0.728755 -1.000000 0.587302
v -0.724472 -0.968254 0.619048
v -0.721091 -1.000000 0.619048
v -0.734596 -0.968254 0.650794
v -0.736185 -1.000000 0.650794
v -0.742443 -0.936508 0.555556
v -0.732932 -0.936508 0.587302
v -0.735000 -0.936508 0.619048
v -0.743637 -0.936508 0.650794
v -0.742415 -0.936508 0.746032
v -0.745643 -0.936508 0.777778
v -0.742288 -0.904762 0.587302
v -0.714286 -0.721796 0.809524
v -0.714286 -0.714286 0.800661
v -0.714286 -0.714286 0.816769
v -0.714286 -0.691864 0.777778
v -0.714286 -0.682540 0.774864
v -0.714286 -0.682540 0.823321
v -0.714286 -0.650794 0.770774
v -0.714286 -0.650794 0.824531
v -0.714286 -0.619048 0.771884
v -0.714286 -0.619048 0.829076
v -0.714286 -0.587302 0.777772
v -0.717593 -0.587302 0.841270
v -0.714286 -0.587302 0.839164
v -0.742400 -0.555556 0.777778
v -0.714286 -0.587286 0.777778
v -0.714286 -0.555556 0.797828
v -0.714286 -0.578868 0.841270
v -0.714286 -0.555556 0.843674
v -0.724041 -0.523810 0.809524
v -0.714286 -0.535161 0.809524
v -0.714286 -0.523810 0.838503
v -0.714286 -0.523810 0.841809
v -0.721864 -0.492063 0.841270
v -0.714286 -0.519485 0.841270
v -0.719662 -0.460317 0.841270
v -0.714286 -0.447053 0.841270
v -0.714286 -0.428571 0.838309
v -0.714286 -0.428571 0.850090
v -0.723656 -0.396825 0.841270
v -0.714286 -0.396825 0.839479
v -0.714286 -0.396825 0.847668
v -0.714286 -0.392371 0.841270
v -0.743631 -0.174603 0.777778
v -0.741431 -0.174603 0.809524
v -0.720204 -0.142857 0.746032
v -0.714286 -0.156644 0.777778
v -0.714286 -0.142857 0.755198
v -0.714286 -0.161472 0.809524
v -0.723988 -0.142857 0.841270
v -0.714286 -0.142857 0.830192
v -0.714286 -0.134049 0.746032
v -0.714286 -0.111111 0.736096
v -0.722088 -0.111111 0.841270
v -0.714286 -0.111111 0.832717
v -0.714286 -0.079365 0.738020
v -0.729749 -0.079365 0.841270
v -0.714286 -0.079365 0.826178
v -0.721193 -0.047619 0.746032
v -0.714286 -0.057323 0.746032
v -0.714286 -0.047619 0.752441
v -0.742914 -0.047619 0.841270
v -0.714286 -0.047619 0.816068
v -0.714357 -0.015873 0.777778
v -0.714286 -0.016002 0.777778
v -0.720050 -0.015873 0.809524
v -0.714286 -0.030158 0.809524
v -0.738073 0.015873 0.777778
v -0.735503 0.015873 0.809524
v -0.719091 0.174603 0.714286
v -0.714286 0.163324 0.714286
v -0.714286 0.174603 0.704873
v -0.730486 0.174603 0.746032
v -0.714286 0.147168 0.746032
v -0.730855 0.174603 0.777778
v -0.714286 0.157852 0.777778
v -0.714286 0.174603 0.787818
v -0.723402 0.206349 0.714286
v -0.714286 0.206349 0.703578
v -0.743293 0.206349 0.746032
v -0.734588 0.206349 0.809524
v -0.714286 0.206349 0.807801
v -0.714286 0.226659 0.714286
v -0.743268 0.238095 0.746032
v -0.714286 0.238095 0.720992
v -0.714286 0.208877 0.809524
v -0.734940 0.238095 0.841270
v -0.714286 0.238095 0.824243
v -0.716040 0.269841 0.746032
v -0.714286 0.269841 0.745252
v -0.715412 0.269841 0.841270
v -0.714286 0.269841 0.839757
v -0.739397 0.269841 0.873016
v -0.714286 0.270778 0.746032
v -0.714286 0.299395 0.777778
v -0.714286 0.301587 0.782218
v -0.715902 0.301587 0.841270
v -0.714286 0.301587 0.837075
v -0.736627 0.301587 0.873016
v -0.714286 0.313788 0.809524
v -0.739721 0.333333 0.841270
v -0.730374 0.492063 0.777778
v -0.714286 0.476404 0.777778
v -0.714286 0.492063 0.762590
v -0.729626 0.492063 0.809524
v -0.714286 0.477867 0.809524
v -0.714286 0.492063 0.823243
v -0.728631 0.523810 0.777778
v -0.714286 0.523810 0.762130
v -0.733174 0.523810 0.809524
v -0.718422 0.523810 0.841270
v -0.714286 0.514732 0.841270
v -0.714286 0.523810 0.845112
v -0.715456 0.555556 0.777778
v -0.714286 0.555556 0.776490
v -0.725751 0.555556 0.809524
v -0.720780 0.555556 0.841270
v -0.714286 0.555556 0.852599
v -0.714286 0.557254 0.777778
v -0.714286 0.586396 0.809524
v -0.715739 0.587302 0.841270
v -0.714286 0.587302 0.814463
v -0.714286 0.587302 0.846005
v -0.714286 0.591239 0.841270
v -0.734473 0.841270 0.873016
v -0.737594 0.873016 0.746032
v -0.717857 0.873016 0.777778
v -0.714286 0.861147 0.809524
v -0.714286 0.873016 0.779481
v -0.714286 0.848266 0.841270
v -0.714286 0.862460 0.873016
v -0.740151 0.873016 0.904762
v -0.714286 0.873016 0.877843
v -0.727302 0.904762 0.714286
v -0.714286 0.889666 0.746032
v -0.714286 0.904762 0.731111
v -0.714286 0.873862 0.777778
v -0.732409 0.904762 0.904762
v -0.714286 0.904762 0.883196
v -0.718481 0.936508 0.714286
v -0.714286 0.936508 0.719622
v -0.723963 0.936508 0.873016
v -0.714286 0.926083 0.873016
v -0.714286 0.936508 0.861104
v -0.735867 0.936508 0.904762
v -0.728279 0.968254 0.714286
v -0.714286 0.968254 0.733586
v -0.714286 0.955037 0.809524
v -0.714286 0.968254 0.786586
v -0.714286 0.943102 0.841270
v -0.714286 0.976228 0.746032
v -0.714286 0.971581 0.777778
v -0.688269 -0.746032 0.809524
v -0.682540 -0.749618 0.809524
v -0.682540 -0.746032 0.806551
v -0.686434 -0.746032 0.841270
v -0.682540 -0.752466 0.841270
v -0.682540 -0.746032 0.844483
v -0.682540 -0.714286 0.780798
v -0.692812 -0.714286 0.841270
v -0.682540 -0.714286 0.846457
v -0.682540 -0.709839 0.777778
v -0.682540 -0.682540 0.770315
v -0.687880 -0.682540 0.841270
v -0.682540 -0.682540 0.843147
v -0.682540 -0.650794 0.766935
v -0.682540 -0.666907 0.841270
v -0.682540 -0.650794 0.838034
v -0.682540 -0.619048 0.770718
v -0.682540 -0.619048 0.832586
v -0.714247 -0.587302 0.777778
v -0.682540 -0.600118 0.777778
v -0.682540 -0.587302 0.790690
v -0.682540 -0.587302 0.824063
v -0.697433 -0.555556 0.809524
v -0.682540 -0.570577 0.809524
v -0.709323 -0.555556 0.841270
v -0.713640 -0.523810 0.841270
v -0.701975 -0.428571 0.841270
v -0.682540 -0.413233 0.841270
v -0.682540 -0.396825 0.836266
v -0.682540 -0.396825 0.851527
v -0.696600 -0.365079 0.841270
v -0.682540 -0.365079 0.830795
v -0.682540 -0.365079 0.858837
v -0.687877 -0.333333 0.841270
v -0.682540 -0.333333 0.830452
v -0.682540 -0.333333 0.865905
v -0.682643 -0.301587 0.841270
v -0.682540 -0.301587 0.840899
v -0.682540 -0.301587 0.869325
v -0.682540 -0.300424 0.841270
v -0.695254 -0.142857 0.777778
v -0.691460 -0.142857 0.809524
v -0.696537 -0.111111 0.746032
v -0.682540 -0.118632 0.777778
v -0.682540 -0.111111 0.771454
v -0.687597 -0.111111 0.809524
v -0.682540 -0.111111 0.789636
v -0.692111 -0.079365 0.746032
v -0.682540 -0.079365 0.761476
v -0.691770 -0.079365 0.809524
v -0.682540 -0.079365 0.789699
v -0.682540 -0.047619 0.777162
v -0.703106 -0.047619 0.809524
v -0.682540 -0.047619 0.778063
v -0.682540 -0.046988 0.777778
v -0.686866 0.111111 0.714286
v -0.682540 0.102148 0.714286
v -0.682540 0.111111 0.684628
v -0.687473 0.111111 0.746032
v -0.682540 0.102272 0.746032
v -0.682540 0.111111 0.756407
v -0.694026 0.142857 0.682540
v -0.682540 0.111858 0.682540
v -0.682540 0.142857 0.660289
v -0.704326 0.142857 0.714286
v -0.711035 0.142857 0.746032
v -0.686825 0.142857 0.777778
v -0.682540 0.139413 0.777778
v -0.682540 0.142857 0.778793
v -0.700639 0.174603 0.682540
v -0.682540 0.174603 0.663561
v -0.682540 0.174603 0.788373
v -0.689143 0.206349 0.682540
v -0.682540 0.206349 0.678943
v -0.682540 0.206349 0.797678
v -0.682540 0.211265 0.682540
v -0.703821 0.238095 0.714286
v -0.682540 0.238095 0.705111
v -0.685860 0.238095 0.809524
v -0.682540 0.238095 0.807851
v -0.682540 0.249666 0.714286
v -0.682540 0.269841 0.731874
v -0.682540 0.244786 0.809524
v -0.682540 0.269841 0.814287
v -0.682540 0.289142 0.746032
v -0.710165 0.301587 0.777778
v -0.682540 0.301587 0.761791
v -0.682540 0.301587 0.813267
v -0.682540 0.316972 0.777778
v -0.682540 0.310681 0.809524
v -0.696516 0.460317 0.777778
v -0.682540 0.450399 0.777778
v -0.682540 0.460317 0.766410
v -0.690450 0.460317 0.809524
v -0.682540 0.454960 0.809524
v -0.682540 0.460317 0.814266
v -0.691911 0.492063 0.746032
v -0.682540 0.484454 0.746032
v -0.682540 0.492063 0.743185
v -0.695163 0.492063 0.841270
v -0.682540 0.483468 0.841270
v -0.682540 0.492063 0.847724
v -0.691439 0.523810 0.746032
v -0.682540 0.523810 0.742973
v -0.683537 0.523810 0.873016
v -0.682540 0.522693 0.873016
v -0.682540 0.523810 0.873717
v -0.682540 0.533931 0.746032
v -0.682540 0.555556 0.754181
v -0.700172 0.555556 0.873016
v -0.682540 0.555556 0.889925
v -0.692574 0.587302 0.777778
v -0.682540 0.587302 0.770802
v -0.713908 0.587302 0.809524
v -0.703212 0.587302 0.873016
v -0.682540 0.587302 0.896882
v -0.682540 0.598135 0.777778
v -0.692195 0.619048 0.809524
v -0.682540 0.619048 0.797304
v -0.700728 0.619048 0.841270
v -0.692816 0.619048 0.873016
v -0.682540 0.619048 0.885166
v -0.682540 0.629969 0.809524
v -0.682540 0.641090 0.841270
v -0.682540 0.631397 0.873016
v -0.682540 0.860832 0.809524
v -0.682540 0.873016 0.780174
v -0.682540 0.863960 0.841270
v -0.709251 0.873016 0.873016
v -0.682540 0.873016 0.847161
v -0.682540 0.904709 0.746032
v -0.682540 0.904762 0.746002
v -0.682540 0.874334 0.777778
v -0.706043 0.904762 0.873016
v -0.682540 0.904762 0.850870
v -0.682540 0.936508 0.740930
v -0.693595 0.936508 0.841270
v -0.682540 0.928245 0.841270
v -0.682540 0.936508 0.835954
v -0.699032 0.968254 0.746032
v -0.682540 0.949139 0.746032
v -0.688722 0.968254 0.777778
v -0.682540 0.966824 0.777778
v -0.682540 0.955671 0.809524
v -0.654079 -0.841270 0.841270
v -0.650794 -0.851617 0.841270
v -0.650794 -0.841270 0.835417
v -0.651231 -0.841270 0.873016
v -0.650794 -0.842235 0.873016
v -0.650794 -0.841270 0.873412
v -0.663586 -0.809524 0.841270
v -0.650794 -0.809524 0.818093
v -0.659921 -0.809524 0.873016
v -0.650794 -0.809524 0.881516
v -0.663204 -0.777778 0.809524
v -0.650794 -0.799378 0.809524
v -0.650794 -0.777778 0.799088
v -0.674766 -0.777778 0.841270
v -0.664587 -0.777778 0.873016
v -0.650794 -0.777778 0.884343
v -0.650794 -0.746032 0.779333
v -0.663063 -0.746032 0.873016
v -0.650794 -0.746032 0.881464
v -0.679662 -0.714286 0.777778
v -0.650794 -0.743480 0.777778
v -0.650794 -0.714286 0.767985
v -0.654670 -0.714286 0.873016
v -0.650794 -0.714286 0.875316
v -0.650794 -0.682540 0.760484
v -0.650794 -0.705891 0.873016
v -0.650794 -0.682540 0.865459
v -0.650794 -0.650794 0.757463
v -0.679246 -0.650794 0.841270
v -0.650794 -0.650794 0.854984
v -0.650794 -0.619048 0.762468
v -0.666934 -0.619048 0.841270
v -0.650794 -0.619048 0.845406
v -0.650794 -0.588678 0.777778
v -0.650794 -0.587302 0.779992
v -0.650794 -0.604977 0.841270
v -0.650794 -0.587302 0.828409
v -0.650794 -0.571851 0.809524
v -0.650794 -0.407255 0.841270
v -0.650794 -0.396825 0.836178
v -0.650794 -0.396825 0.847306
v -0.650794 -0.365079 0.813228
v -0.650794 -0.365079 0.865333
v -0.671515 -0.333333 0.809524
v -0.650794 -0.361355 0.809524
v -0.650794 -0.333333 0.797317
v -0.679776 -0.333333 0.873016
v -0.650794 -0.356241 0.873016
v -0.650794 -0.333333 0.882384
v -0.674049 -0.301587 0.809524
v -0.650794 -0.301587 0.784166
v -0.682522 -0.301587 0.873016
v -0.650794 -0.301587 0.899038
v -0.673141 -0.269841 0.809524
v -0.650794 -0.269841 0.778175
v -0.680346 -0.269841 0.841270
v -0.681688 -0.269841 0.873016
v -0.661400 -0.269841 0.904762
v -0.650794 -0.282118 0.904762
v -0.650794 -0.269841 0.907485
v -0.671942 -0.238095 0.809524
v -0.650794 -0.238095 0.781594
v -0.680195 -0.238095 0.841270
v -0.679983 -0.238095 0.873016
v -0.650794 -0.241336 0.904762
v -0.650794 -0.238095 0.904272
v -0.669946 -0.206349 0.809524
v -0.650794 -0.206349 0.790926
v -0.679964 -0.206349 0.841270
v -0.672827 -0.206349 0.873016
v -0.650794 -0.206349 0.889197
v -0.660541 -0.174603 0.809524
v -0.650794 -0.174603 0.804820
v -0.670655 -0.174603 0.841270
v -0.650794 -0.181566 0.873016
v -0.650794 -0.174603 0.862068
v -0.650794 -0.165870 0.809524
v -0.650794 -0.160015 0.841270
v -0.678374 -0.111111 0.777778
v -0.672442 -0.079365 0.777778
v -0.681566 -0.047619 0.777778
v -0.654836 -0.015873 0.714286
v -0.650794 -0.024261 0.714286
v -0.650794 -0.015873 0.703620
v -0.665324 -0.015873 0.746032
v -0.650794 -0.042350 0.746032
v -0.660012 -0.015873 0.777778
v -0.650794 -0.028243 0.777778
v -0.650794 -0.015873 0.781478
v -0.660798 0.015873 0.714286
v -0.650794 0.015873 0.682618
v -0.667843 0.015873 0.746032
v -0.665154 0.015873 0.777778
v -0.650794 0.015873 0.790162
v -0.652470 0.047619 0.682540
v -0.650794 0.016383 0.682540
v -0.650794 0.047619 0.677813
v -0.662312 0.047619 0.714286
v -0.668151 0.047619 0.746032
v -0.664973 0.047619 0.777778
v -0.650794 0.047619 0.792775
v -0.658062 0.079365 0.682540
v -0.650794 0.079365 0.665085
v -0.667640 0.079365 0.714286
v -0.671354 0.079365 0.746032
v -0.661944 0.079365 0.777778
v -0.650794 0.079365 0.786707
v -0.655476 0.111111 0.650794
v -0.650794 0.100140 0.650794
v -0.650794 0.111111 0.647328
v -0.681821 0.111111 0.682540
v -0.660399 0.111111 0.777778
v -0.650794 0.111111 0.781268
v -0.662563 0.142857 0.650794
v -0.650794 0.142857 0.647446
v -0.650794 0.142857 0.781371
v -0.650794 0.152793 0.650794
v -0.650794 0.174603 0.660347
v -0.650794 0.174603 0.783941
v -0.650794 0.206349 0.679968
v -0.650794 0.206349 0.787224
v -0.650794 0.210112 0.682540
v -0.650794 0.238095 0.703052
v -0.650794 0.238095 0.791009
v -0.650794 0.259511 0.714286
v -0.650794 0.269841 0.721692
v -0.672502 0.269841 0.809524
v -0.650794 0.269841 0.796690
v -0.667869 0.301587 0.746032
v -0.650794 0.301587 0.736592
v -0.660667 0.301587 0.809524
v -0.650794 0.301587 0.807060
v -0.651088 0.333333 0.746032
v -0.650794 0.333333 0.745792
v -0.670657 0.333333 0.777778
v -0.662433 0.333333 0.809524
v -0.650794 0.309156 0.809524
v -0.650794 0.333333 0.814186
v -0.650794 0.334465 0.746032
v -0.661503 0.365079 0.777778
v -0.650794 0.365079 0.758551
v -0.657969 0.365079 0.809524
v -0.650794 0.365079 0.816511
v -0.660979 0.396825 0.777778
v -0.650794 0.396825 0.760511
v -0.658641 0.396825 0.809524
v -0.650794 0.396825 0.819743
v -0.669523 0.428571 0.777778
v -0.650794 0.428571 0.751340
v -0.666954 0.428571 0.809524
v -0.650794 0.428571 0.831455
v -0.663608 0.460317 0.746032
v -0.650794 0.439487 0.746032
v -0.650794 0.460317 0.740744
v -0.662193 0.460317 0.841270
v -0.650794 0.441823 0.841270
v -0.650794 0.460317 0.851783
v -0.650794 0.492063 0.735462
v -0.655666 0.492063 0.873016
v -0.650794 0.486061 0.873016
v -0.650794 0.492063 0.877260
v -0.650794 0.523810 0.737488
v -0.650794 0.523810 0.901309
v -0.654329 0.555556 0.746032
v -0.650794 0.555556 0.745440
v -0.666030 0.555556 0.904762
v -0.650794 0.529588 0.904762
v -0.650794 0.555556 0.915487
v -0.650794 0.557195 0.746032
v -0.650794 0.587302 0.759540
v -0.673174 0.587302 0.904762
v -0.650794 0.587302 0.917673
v -0.659378 0.619048 0.777778
v -0.650794 0.619048 0.773622
v -0.654154 0.619048 0.904762
v -0.650794 0.619048 0.906197
v -0.650794 0.627302 0.777778
v -0.660045 0.650794 0.809524
v -0.650794 0.650794 0.799443
v -0.670567 0.650794 0.841270
v -0.651974 0.650794 0.873016
v -0.650794 0.621066 0.904762
v -0.650794 0.650794 0.873686
v -0.650794 0.659999 0.809524
v -0.650794 0.665039 0.841270
v -0.650794 0.651355 0.873016
v -0.676195 0.873016 0.777778
v -0.650794 0.868960 0.777778
v -0.650794 0.873016 0.772249
v -0.650794 0.861436 0.809524
v -0.671941 0.873016 0.841270
v -0.650794 0.873016 0.823761
v -0.682079 0.904762 0.746032
v -0.650794 0.904762 0.749298
v -0.667489 0.904762 0.841270
v -0.650794 0.904762 0.829469
v -0.663467 0.936508 0.746032
v -0.650794 0.936508 0.752436
v -0.650794 0.936508 0.816250
v -0.650794 0.954064 0.777778
v -0.650794 0.943923 0.809524
v -0.626049 -0.904762 0.809524
v -0.619048 -0.919181 0.809524
v -0.619048 -0.904762 0.795283
v -0.626169 -0.904762 0.841270
v -0.619048 -0.911296 0.841270
v -0.619048 -0.904762 0.851463
v -0.632172 -0.873016 0.809524
v -0.619048 -0.873016 0.791346
v -0.643894 -0.873016 0.841270
v -0.636331 -0.873016 0.873016
v -0.619048 -0.890959 0.873016
v -0.619048 -0.873016 0.886312
v -0.637053 -0.841270 0.809524
v -0.619048 -0.841270 0.789161
v -0.619048 -0.841270 0.901422
v -0.646127 -0.809524 0.809524
v -0.619048 -0.809524 0.783011
v -0.622769 -0.809524 0.904762
v -0.619048 -0.823790 0.904762
v -0.619048 -0.809524 0.906190
v -0.627008 -0.777778 0.777778
v -0.619048 -0.795540 0.777778
v -0.619048 -0.777778 0.773474
v -0.620520 -0.777778 0.904762
v -0.619048 -0.777778 0.905240
v -0.649066 -0.746032 0.777778
v -0.619048 -0.746032 0.763841
v -0.619048 -0.773548 0.904762
v -0.619048 -0.746032 0.899966
v -0.619048 -0.714286 0.754566
v -0.619048 -0.714286 0.893831
v -0.619048 -0.682540 0.747540
v -0.642513 -0.682540 0.873016
v -0.619048 -0.682540 0.886153
v -0.622296 -0.650794 0.746032
v -0.619048 -0.664181 0.746032
v -0.619048 -0.650794 0.745167
v -0.624933 -0.650794 0.873016
v -0.619048 -0.650794 0.875765
v -0.619048 -0.643224 0.746032
v -0.619048 -0.619048 0.750144
v -0.619048 -0.643514 0.873016
v -0.619048 -0.619048 0.860300
v -0.648892 -0.587302 0.777778
v -0.619048 -0.587302 0.767150
v -0.633267 -0.587302 0.841270
v -0.619048 -0.587302 0.845526
v -0.619048 -0.574286 0.777778
v -0.619048 -0.556669 0.809524
v -0.619048 -0.577033 0.841270
v -0.633157 -0.396825 0.841270
v -0.639166 -0.365079 0.809524
v -0.619048 -0.369547 0.809524
v -0.619048 -0.365079 0.807249
v -0.619048 -0.392138 0.841270
v -0.619048 -0.365079 0.860404
v -0.619048 -0.333333 0.785655
v -0.619048 -0.353796 0.873016
v -0.619048 -0.333333 0.883829
v -0.641494 -0.301587 0.777778
v -0.619048 -0.320227 0.777778
v -0.619048 -0.301587 0.769440
v -0.619048 -0.301587 0.901470
v -0.650358 -0.269841 0.777778
v -0.619048 -0.269841 0.763537
v -0.619048 -0.289045 0.904762
v -0.619048 -0.269841 0.908766
v -0.646130 -0.238095 0.777778
v -0.619048 -0.238095 0.766446
v -0.647107 -0.238095 0.904762
v -0.619048 -0.238095 0.906422
v -0.622801 -0.206349 0.777778
v -0.619048 -0.206349 0.776827
v -0.619048 -0.231520 0.904762
v -0.619048 -0.206349 0.895356
v -0.619048 -0.203966 0.777778
v -0.619048 -0.174603 0.797216
v -0.637527 -0.174603 0.873016
v -0.619048 -0.174603 0.878012
v -0.619048 -0.156574 0.809524
v -0.619048 -0.146320 0.841270
v -0.619048 -0.166506 0.873016
v -0.636091 -0.015873 0.682540
v -0.619048 -0.029001 0.682540
v -0.619048 -0.015873 0.653823
v -0.619048 -0.037950 0.714286
v -0.619048 -0.041580 0.746032
v -0.619048 -0.035646 0.777778
v -0.619048 -0.015873 0.795488
v -0.650728 0.015873 0.682540
v -0.619048 0.015873 0.655486
v -0.620106 0.015873 0.809524
v -0.619048 0.014083 0.809524
v -0.619048 0.015873 0.809929
v -0.619048 0.047619 0.669996
v -0.626428 0.047619 0.809524
v -0.619048 0.047619 0.812225
v -0.620485 0.079365 0.682540
v -0.619048 0.078262 0.682540
v -0.619048 0.079365 0.682977
v -0.619048 0.063696 0.809524
v -0.619048 0.079365 0.805386
v -0.647242 0.111111 0.650794
v -0.623085 0.111111 0.682540
v -0.619048 0.111111 0.686263
v -0.619048 0.111111 0.792037
v -0.646635 0.142857 0.650794
v -0.621944 0.142857 0.682540
v -0.619048 0.142857 0.686326
v -0.619048 0.142857 0.782552
v -0.628343 0.174603 0.682540
v -0.619048 0.174603 0.693886
v -0.621738 0.174603 0.777778
v -0.619048 0.170791 0.777778
v -0.619048 0.174603 0.776666
v -0.646763 0.206349 0.682540
v -0.619048 0.206349 0.705454
v -0.626577 0.206349 0.777778
v -0.619048 0.206349 0.771813
v -0.619048 0.238095 0.713333
v -0.622843 0.238095 0.777778
v -0.619048 0.238095 0.773825
v -0.619048 0.247886 0.714286
v -0.619048 0.269841 0.718278
v -0.619048 0.245354 0.777778
v -0.619048 0.269841 0.784936
v -0.619048 0.301587 0.715887
v -0.619048 0.301587 0.806758
v -0.620168 0.333333 0.714286
v -0.619048 0.317241 0.714286
v -0.619048 0.333333 0.713475
v -0.619048 0.304515 0.809524
v -0.619048 0.333333 0.829471
v -0.619470 0.365079 0.714286
v -0.619048 0.365079 0.713913
v -0.645588 0.365079 0.746032
v -0.628371 0.365079 0.841270
v -0.619048 0.352005 0.841270
v -0.619048 0.365079 0.848943
v -0.619048 0.369016 0.714286
v -0.644447 0.396825 0.746032
v -0.619048 0.396825 0.717566
v -0.638257 0.396825 0.841270
v -0.619048 0.396825 0.865541
v -0.648013 0.428571 0.746032
v -0.619048 0.428571 0.721143
v -0.646155 0.428571 0.841270
v -0.625923 0.428571 0.873016
v -0.619048 0.410403 0.873016
v -0.619048 0.428571 0.884505
v -0.619048 0.460317 0.723514
v -0.637916 0.460317 0.873016
v -0.619048 0.460317 0.903749
v -0.619048 0.492063 0.726940
v -0.630431 0.492063 0.904762
v -0.619048 0.462035 0.904762
v -0.619048 0.492063 0.918511
v -0.619048 0.523810 0.733862
v -0.647727 0.523810 0.904762
v -0.619048 0.523810 0.930209
v -0.619048 0.555556 0.743312
v -0.619048 0.555556 0.935551
v -0.619048 0.564759 0.746032
v -0.619048 0.587302 0.754664
v -0.619048 0.587302 0.929734
v -0.619048 0.619048 0.764405
v -0.619048 0.619048 0.912428
v -0.626599 0.650794 0.777778
v -0.619048 0.650794 0.773728
v -0.619048 0.628889 0.904762
v -0.619048 0.650794 0.881342
v -0.619048 0.663125 0.777778
v -0.625075 0.682540 0.809524
v -0.619048 0.682540 0.798347
v -0.619048 0.680207 0.841270
v -0.619048 0.682540 0.831486
v -0.619048 0.658544 0.873016
v -0.619048 0.689967 0.809524
v -0.621342 0.873016 0.746032
v -0.619048 0.869880 0.746032
v -0.619048 0.873016 0.744068
v -0.619048 0.855698 0.777778
v -0.619048 0.869600 0.809524
v -0.619048 0.873016 0.811030
v -0.641087 0.904762 0.746032
v -0.619048 0.904762 0.740847
v -0.619048 0.904762 0.811893
v -0.619048 0.916891 0.746032
v -0.619048 0.936508 0.766363
v -0.639948 0.936508 0.809524
v -0.619048 0.910382 0.809524
v -0.619048 0.936508 0.784999
v -0.619048 0.940482 0.777778
v -0.587302 -0.998582 0.714286
v -0.589723 -1.000000 0.714286
v -0.587302 -1.000000 0.713457
v -0.598063 -0.968254 0.746032
v -0.587302 -0.968254 0.737960
v -0.617687 -1.000000 0.746032
v -0.600833 -0.968254 0.777778
v -0.587302 -0.992492 0.777778
v -0.587302 -1.000000 0.771887
v -0.587302 -0.968254 0.791287
v -0.588483 -0.936508 0.746032
v -0.587302 -0.936508 0.745222
v -0.609766 -0.936508 0.777778
v -0.609097 -0.936508 0.809524
v -0.587302 -0.956029 0.809524
v -0.587302 -0.936508 0.837793
v -0.587302 -0.931183 0.746032
v -0.611352 -0.904762 0.777778
v -0.587302 -0.904762 0.750933
v -0.587302 -0.934515 0.841270
v -0.598051 -0.904762 0.873016
v -0.587302 -0.909468 0.873016
v -0.587302 -0.904762 0.877422
v -0.609688 -0.873016 0.777778
v -0.587302 -0.873016 0.755781
v -0.587302 -0.873016 0.900275
v -0.608928 -0.841270 0.777778
v -0.587302 -0.841270 0.759412
v -0.611981 -0.841270 0.904762
v -0.587302 -0.863521 0.904762
v -0.587302 -0.841270 0.910703
v -0.613275 -0.809524 0.777778
v -0.587302 -0.809524 0.760129
v -0.587302 -0.809524 0.913001
v -0.587302 -0.777778 0.757375
v -0.587302 -0.777778 0.910142
v -0.587302 -0.746032 0.751896
v -0.594651 -0.746032 0.904762
v -0.587302 -0.746032 0.905547
v -0.590761 -0.714286 0.746032
v -0.587302 -0.719488 0.746032
v -0.587302 -0.714286 0.745147
v -0.587302 -0.739295 0.904762
v -0.587302 -0.714286 0.900791
v -0.613608 -0.682540 0.746032
v -0.587302 -0.682540 0.740130
v -0.587302 -0.682540 0.896511
v -0.587302 -0.650794 0.738206
v -0.587302 -0.650794 0.889205
v -0.605491 -0.619048 0.746032
v -0.587302 -0.619048 0.741886
v -0.598854 -0.619048 0.873016
v -0.587302 -0.619048 0.877975
v -0.587302 -0.607183 0.746032
v -0.587302 -0.587302 0.755181
v -0.587302 -0.606144 0.873016
v -0.587302 -0.587302 0.861795
v -0.589878 -0.555556 0.777778
v -0.587302 -0.555556 0.776542
v -0.617604 -0.555556 0.809524
v -0.597000 -0.555556 0.841270
v -0.587302 -0.555556 0.845645
v -0.587302 -0.553814 0.777778
v -0.587302 -0.530930 0.809524
v -0.587302 -0.545326 0.841270
v -0.587302 -0.366780 0.809524
v -0.587302 -0.365079 0.808290
v -0.587302 -0.374502 0.841270
v -0.587302 -0.365079 0.848619
v -0.587302 -0.333333 0.777983
v -0.587302 -0.344918 0.873016
v -0.587302 -0.333333 0.879802
v -0.587302 -0.333060 0.777778
v -0.587302 -0.301587 0.761976
v -0.587302 -0.301587 0.896813
v -0.587302 -0.269841 0.757384
v -0.591252 -0.269841 0.904762
v -0.587302 -0.269841 0.904179
v -0.587302 -0.238095 0.763441
v -0.608508 -0.238095 0.904762
v -0.587302 -0.238095 0.901363
v -0.601555 -0.206349 0.777778
v -0.587302 -0.207595 0.777778
v -0.587302 -0.206349 0.778618
v -0.587302 -0.206349 0.892226
v -0.587302 -0.174603 0.802675
v -0.587302 -0.174603 0.880446
v -0.587302 -0.162271 0.809524
v -0.608087 -0.142857 0.841270
v -0.587302 -0.142857 0.832226
v -0.587302 -0.150051 0.873016
v -0.587302 -0.142857 0.861531
v -0.587302 -0.115965 0.841270
v -0.596708 -0.015873 0.682540
v -0.587302 -0.021470 0.714286
v -0.587302 -0.015873 0.695867
v -0.587302 -0.028237 0.746032
v -0.587302 -0.035098 0.777778
v -0.604447 -0.015873 0.809524
v -0.587302 -0.046555 0.809524
v -0.587302 -0.015873 0.831698
v -0.587669 0.015873 0.682540
v -0.587302 0.015873 0.682811
v -0.587302 0.015873 0.832237
v -0.607616 0.047619 0.682540
v -0.587302 0.047619 0.696796
v -0.587302 0.047619 0.829620
v -0.587302 0.079365 0.709675
v -0.613297 0.079365 0.809524
v -0.587302 0.079365 0.822592
v -0.594804 0.111111 0.714286
v -0.587302 0.095337 0.714286
v -0.587302 0.111111 0.719998
v -0.589304 0.111111 0.809524
v -0.587302 0.111111 0.810464
v -0.601650 0.142857 0.714286
v -0.587302 0.142857 0.731878
v -0.587302 0.112957 0.809524
v -0.587302 0.142857 0.787336
v -0.606805 0.174603 0.714286
v -0.590959 0.174603 0.746032
v -0.587302 0.168548 0.746032
v -0.587302 0.156794 0.777778
v -0.612094 0.206349 0.714286
v -0.600293 0.206349 0.746032
v -0.617705 0.238095 0.714286
v -0.599419 0.238095 0.746032
v -0.587302 0.256303 0.746032
v -0.587302 0.269841 0.734248
v -0.597057 0.269841 0.777778
v -0.587302 0.269841 0.767721
v -0.615346 0.301587 0.714286
v -0.587302 0.286507 0.714286
v -0.587302 0.301587 0.707701
v -0.587302 0.273201 0.777778
v -0.602159 0.301587 0.809524
v -0.587302 0.299459 0.809524
v -0.587302 0.301587 0.811527
v -0.587302 0.333333 0.694725
v -0.593036 0.333333 0.841270
v -0.587302 0.330493 0.841270
v -0.587302 0.333333 0.843662
v -0.587302 0.365079 0.688590
v -0.587302 0.365079 0.870732
v -0.615887 0.396825 0.714286
v -0.587302 0.396825 0.691971
v -0.612107 0.396825 0.873016
v -0.587302 0.367863 0.873016
v -0.587302 0.396825 0.897723
v -0.610514 0.428571 0.714286
v -0.587302 0.428571 0.700625
v -0.604549 0.428571 0.904762
v -0.587302 0.405276 0.904762
v -0.587302 0.428571 0.921740
v -0.600859 0.460317 0.714286
v -0.587302 0.460317 0.709536
v -0.618418 0.460317 0.904762
v -0.592730 0.460317 0.936508
v -0.587302 0.451565 0.936508
v -0.587302 0.460317 0.940367
v -0.587302 0.477635 0.714286
v -0.587302 0.492063 0.718687
v -0.604133 0.492063 0.936508
v -0.587302 0.492063 0.949553
v -0.587302 0.523810 0.729738
v -0.612413 0.523810 0.936508
v -0.587302 0.523810 0.952589
v -0.587302 0.555556 0.741109
v -0.617460 0.555556 0.936508
v -0.587302 0.555556 0.948770
v -0.587302 0.572771 0.746032
v -0.587302 0.587302 0.751742
v -0.591790 0.587302 0.936508
v -0.587302 0.587302 0.937255
v -0.587302 0.619048 0.759796
v -0.587302 0.588605 0.936508
v -0.587302 0.619048 0.912584
v -0.587302 0.650794 0.764653
v -0.587302 0.628261 0.904762
v -0.587302 0.650794 0.877907
v -0.602576 0.682540 0.777778
v -0.587302 0.682540 0.767943
v -0.587302 0.679495 0.841270
v -0.587302 0.682540 0.835496
v -0.587302 0.655491 0.873016
v -0.589557 0.714286 0.777778
v -0.587302 0.714286 0.773728
v -0.587302 0.706390 0.809524
v -0.587302 0.714286 0.786756
v -0.587302 0.722347 0.777778
v -0.588571 0.777778 0.746032
v -0.587302 0.770331 0.746032
v -0.587302 0.777778 0.721919
v -0.587302 0.777778 0.750224
v -0.596842 0.809524 0.714286
v -0.587302 0.778888 0.714286
v -0.587302 0.809524 0.693391
v -0.595401 0.809524 0.746032
v -0.587302 0.809524 0.763833
v -0.602151 0.841270 0.714286
v -0.587302 0.841270 0.686691
v -0.606312 0.841270 0.746032
v -0.595368 0.841270 0.777778
v -0.587302 0.831495 0.777778
v -0.587302 0.841270 0.781731
v -0.601919 0.873016 0.714286
v -0.587302 0.873016 0.696606
v -0.616011 0.873016 0.809524
v -0.587302 0.873016 0.791910
v -0.589308 0.904762 0.714286
v -0.587302 0.904762 0.712798
v -0.614837 0.904762 0.809524
v -0.587302 0.904762 0.787757
v -0.587302 0.906688 0.714286
v -0.587302 0.928850 0.746032
v -0.609597 0.936508 0.777778
v -0.587302 0.920045 0.777778
v -0.555556 -0.998559 0.714286
v -0.555556 -1.000000 0.713743
v -0.555556 -0.968254 0.727911
v -0.555556 -0.997221 0.777778
v -0.555556 -1.000000 0.773304
v -0.555556 -0.968254 0.807690
v -0.555556 -0.936508 0.730627
v -0.555556 -0.967271 0.809524
v -0.581711 -0.936508 0.841270
v -0.555556 -0.943446 0.841270
v -0.555556 -0.936508 0.849521
v -0.581625 -0.904762 0.746032
v -0.555556 -0.904762 0.731809
v -0.555556 -0.914450 0.873016
v -0.555556 -0.904762 0.880669
v -0.575831 -0.873016 0.746032
v -0.555556 -0.873016 0.733831
v -0.555556 -0.873016 0.898940
v -0.570581 -0.841270 0.746032
v -0.555556 -0.841270 0.736690
v -0.555556 -0.857846 0.904762
v -0.555556 -0.841270 0.908877
v -0.566706 -0.809524 0.746032
v -0.555556 -0.809524 0.739525
v -0.555556 -0.809524 0.911106
v -0.564442 -0.777778 0.746032
v -0.555556 -0.777778 0.741951
v -0.555556 -0.777778 0.907574
v -0.564352 -0.746032 0.746032
v -0.555556 -0.746032 0.743813
v -0.580835 -0.746032 0.904762
v -0.555556 -0.762990 0.904762
v -0.555556 -0.746032 0.899994
v -0.555556 -0.714286 0.743958
v -0.555556 -0.714286 0.895038
v -0.555556 -0.682540 0.741958
v -0.555556 -0.682540 0.894698
v -0.555556 -0.650794 0.740486
v -0.555556 -0.650794 0.894830
v -0.555556 -0.619048 0.742666
v -0.555556 -0.619048 0.891119
v -0.555556 -0.603570 0.746032
v -0.555556 -0.587302 0.750015
v -0.571683 -0.587302 0.873016
v -0.555556 -0.587302 0.881623
v -0.555556 -0.555556 0.762629
v -0.555556 -0.565649 0.873016
v -0.555556 -0.555556 0.866316
v -0.555556 -0.526581 0.777778
v -0.578575 -0.523810 0.809524
v -0.555556 -0.523810 0.781606
v -0.563083 -0.523810 0.841270
v -0.555556 -0.523810 0.844947
v -0.555556 -0.504575 0.809524
v -0.555556 -0.518350 0.841270
v -0.581143 -0.365079 0.809524
v -0.572201 -0.365079 0.841270
v -0.586094 -0.333333 0.777778
v -0.555556 -0.339294 0.777778
v -0.555556 -0.333333 0.772726
v -0.555556 -0.359980 0.809524
v -0.555556 -0.358157 0.841270
v -0.562046 -0.333333 0.873016
v -0.555556 -0.333333 0.869513
v -0.555556 -0.301587 0.754865
v -0.555556 -0.329746 0.873016
v -0.555556 -0.301587 0.886278
v -0.555556 -0.269841 0.753300
v -0.555556 -0.269841 0.892590
v -0.555556 -0.238095 0.764978
v -0.555556 -0.238095 0.891073
v -0.555556 -0.217978 0.777778
v -0.555556 -0.206349 0.787209
v -0.555556 -0.206349 0.885927
v -0.556556 -0.174603 0.809524
v -0.555556 -0.174886 0.809524
v -0.555556 -0.174603 0.809889
v -0.555556 -0.174603 0.885247
v -0.555556 -0.142857 0.821073
v -0.583804 -0.142857 0.873016
v -0.555556 -0.142857 0.904308
v -0.586425 -0.111111 0.841270
v -0.555556 -0.111111 0.812976
v -0.582514 -0.111111 0.873016
v -0.567851 -0.111111 0.904762
v -0.555556 -0.142404 0.904762
v -0.555556 -0.111111 0.924112
v -0.572654 -0.079365 0.809524
v -0.555556 -0.103387 0.809524
v -0.555556 -0.079365 0.800809
v -0.586838 -0.079365 0.841270
v -0.581882 -0.079365 0.873016
v -0.570214 -0.079365 0.904762
v -0.555556 -0.079365 0.933439
v -0.586903 -0.047619 0.809524
v -0.555556 -0.047619 0.784269
v -0.586412 -0.047619 0.841270
v -0.578753 -0.047619 0.873016
v -0.567304 -0.047619 0.904762
v -0.555556 -0.047619 0.928260
v -0.582604 -0.015873 0.714286
v -0.567547 -0.015873 0.746032
v -0.555556 -0.038829 0.777778
v -0.555556 -0.015873 0.755151
v -0.584607 -0.015873 0.841270
v -0.573001 -0.015873 0.873016
v -0.560263 -0.015873 0.904762
v -0.555556 -0.015873 0.913198
v -0.569593 0.015873 0.714286
v -0.555556 -0.005556 0.746032
v -0.555556 0.015873 0.730692
v -0.582085 0.015873 0.841270
v -0.564631 0.015873 0.873016
v -0.555556 -0.002122 0.904762
v -0.555556 0.015873 0.889738
v -0.572320 0.047619 0.714286
v -0.555556 0.047619 0.728554
v -0.576899 0.047619 0.841270
v -0.555556 0.039203 0.873016
v -0.555556 0.047619 0.866849
v -0.582743 0.079365 0.714286
v -0.555556 0.079365 0.733620
v -0.565075 0.079365 0.841270
v -0.555556 0.079365 0.848885
v -0.555556 0.111111 0.740386
v -0.555556 0.094707 0.841270
v -0.555556 0.111111 0.831173
v -0.569387 0.142857 0.746032
v -0.555556 0.127771 0.746032
v -0.555556 0.142857 0.760606
v -0.555556 0.138895 0.809524
v -0.555556 0.142857 0.801618
v -0.555556 0.153950 0.777778
v -0.574997 0.269841 0.746032
v -0.555556 0.297087 0.714286
v -0.555556 0.301587 0.710580
v -0.555556 0.278628 0.746032
v -0.555556 0.279312 0.777778
v -0.555556 0.293848 0.809524
v -0.555556 0.301587 0.818097
v -0.555556 0.333333 0.686166
v -0.555556 0.322779 0.841270
v -0.555556 0.333333 0.848965
v -0.574264 0.365079 0.682540
v -0.555556 0.341714 0.682540
v -0.555556 0.365079 0.674517
v -0.572360 0.365079 0.873016
v -0.555556 0.362174 0.873016
v -0.555556 0.365079 0.875127
v -0.567935 0.396825 0.682540
v -0.555556 0.396825 0.676422
v -0.555556 0.396825 0.902835
v -0.555556 0.411790 0.682540
v -0.555556 0.428571 0.688471
v -0.555556 0.398879 0.904762
v -0.555556 0.428571 0.928382
v -0.555556 0.460317 0.701511
v -0.555556 0.438819 0.936508
v -0.555556 0.460317 0.949763
v -0.563529 0.492063 0.714286
v -0.555556 0.492063 0.713172
v -0.555556 0.492063 0.964729
v -0.555556 0.495066 0.714286
v -0.555556 0.523810 0.725962
v -0.557728 0.523810 0.968254
v -0.555556 0.516187 0.968254
v -0.555556 0.523810 0.968961
v -0.555556 0.555556 0.738473
v -0.555556 0.527801 0.968254
v -0.555556 0.555556 0.960822
v -0.555556 0.579211 0.746032
v -0.555556 0.587302 0.749832
v -0.555556 0.587302 0.941593
v -0.555556 0.619048 0.760381
v -0.555556 0.593864 0.936508
v -0.555556 0.619048 0.909089
v -0.555556 0.650794 0.768367
v -0.576257 0.650794 0.873016
v -0.555556 0.643974 0.873016
v -0.555556 0.650794 0.856591
v -0.555556 0.623434 0.904762
v -0.555556 0.682540 0.776441
v -0.563440 0.682540 0.809524
v -0.555556 0.676266 0.809524
v -0.555556 0.682540 0.782347
v -0.555556 0.659971 0.841270
v -0.578430 0.714286 0.777778
v -0.555556 0.687037 0.777778
v -0.565427 0.746032 0.746032
v -0.555556 0.739337 0.746032
v -0.555556 0.746032 0.739041
v -0.555556 0.746032 0.752463
v -0.586418 0.777778 0.714286
v -0.555556 0.756200 0.714286
v -0.555556 0.777778 0.694064
v -0.555556 0.777778 0.763990
v -0.576822 0.809524 0.682540
v -0.555556 0.790684 0.682540
v -0.555556 0.809524 0.674733
v -0.555556 0.809524 0.771218
v -0.583584 0.841270 0.682540
v -0.555556 0.841270 0.669669
v -0.555556 0.834512 0.777778
v -0.555556 0.841270 0.779087
v -0.572627 0.873016 0.682540
v -0.555556 0.873016 0.673542
v -0.555556 0.873016 0.782991
v -0.555556 0.898312 0.682540
v -0.555556 0.904762 0.686392
v -0.555556 0.904762 0.779031
v -0.555556 0.936040 0.714286
v -0.570853 0.936508 0.746032
v -0.555556 0.936508 0.716577
v -0.555556 0.907637 0.777778
v -0.555556 0.936508 0.752942
v -0.555556 0.941209 0.746032
v -0.554029 -1.000000 0.714286
v -0.523810 -0.990798 0.746032
v -0.523810 -0.968254 0.732158
v -0.532164 -1.000000 0.746032
v -0.523810 -0.981406 0.777778
v -0.523810 -0.968254 0.797407
v -0.523810 -0.936508 0.724731
v -0.523810 -0.962565 0.809524
v -0.523810 -0.940228 0.841270
v -0.523810 -0.936508 0.845316
v -0.523810 -0.904762 0.721024
v -0.523810 -0.905982 0.873016
v -0.523810 -0.904762 0.873809
v -0.523810 -0.873016 0.719880
v -0.523810 -0.873016 0.888590
v -0.523810 -0.841270 0.721111
v -0.540455 -0.841270 0.904762
v -0.523810 -0.841270 0.898252
v -0.523810 -0.809524 0.724692
v -0.531366 -0.809524 0.904762
v -0.523810 -0.809524 0.901706
v -0.523810 -0.777778 0.731586
v -0.543877 -0.777778 0.904762
v -0.523810 -0.777778 0.896954
v -0.523810 -0.746032 0.742666
v -0.523810 -0.746032 0.888140
v -0.547701 -0.714286 0.746032
v -0.523810 -0.737043 0.746032
v -0.523810 -0.714286 0.755655
v -0.523810 -0.714286 0.883000
v -0.546848 -0.682540 0.746032
v -0.523810 -0.682540 0.761572
v -0.523810 -0.682540 0.884484
v -0.544436 -0.650794 0.746032
v -0.523810 -0.650794 0.759629
v -0.523810 -0.650794 0.891918
v -0.545780 -0.619048 0.746032
v -0.523810 -0.619048 0.755054
v -0.523810 -0.619048 0.901258
v -0.523810 -0.587302 0.751526
v -0.523810 -0.587302 0.903934
v -0.523810 -0.555556 0.751699
v -0.548697 -0.555556 0.873016
v -0.523810 -0.555556 0.893776
v -0.552984 -0.523810 0.777778
v -0.523810 -0.523810 0.759110
v -0.523810 -0.526670 0.873016
v -0.523810 -0.523810 0.869486
v -0.524749 -0.492063 0.777778
v -0.523810 -0.492063 0.776978
v -0.532990 -0.492063 0.809524
v -0.523810 -0.503059 0.841270
v -0.523810 -0.492063 0.817644
v -0.523810 -0.490928 0.777778
v -0.523810 -0.487282 0.809524
v -0.523810 -0.346870 0.777778
v -0.523810 -0.333333 0.761801
v -0.523810 -0.355371 0.809524
v -0.523810 -0.347180 0.841270
v -0.523810 -0.333333 0.855079
v -0.531025 -0.301587 0.746032
v -0.523810 -0.308978 0.746032
v -0.523810 -0.301587 0.743313
v -0.523810 -0.306988 0.873016
v -0.523810 -0.301587 0.874883
v -0.523810 -0.270271 0.746032
v -0.523810 -0.269841 0.746082
v -0.523810 -0.269841 0.879257
v -0.523810 -0.238095 0.765760
v -0.523810 -0.238095 0.879718
v -0.523810 -0.222011 0.777778
v -0.523810 -0.206349 0.791104
v -0.523810 -0.206349 0.884408
v -0.554574 -0.174603 0.809524
v -0.523810 -0.174603 0.803318
v -0.534127 -0.174603 0.904762
v -0.523810 -0.183324 0.904762
v -0.523810 -0.174603 0.913164
v -0.542083 -0.142857 0.809524
v -0.523810 -0.142857 0.800453
v -0.555367 -0.142857 0.904762
v -0.534783 -0.142857 0.936508
v -0.523810 -0.156054 0.936508
v -0.523810 -0.142857 0.949329
v -0.552293 -0.111111 0.809524
v -0.523810 -0.111111 0.792580
v -0.548902 -0.111111 0.936508
v -0.523810 -0.111111 0.967329
v -0.523810 -0.079365 0.784338
v -0.553917 -0.079365 0.936508
v -0.526626 -0.079365 0.968254
v -0.523810 -0.104433 0.968254
v -0.523810 -0.079365 0.970357
v -0.537588 -0.047619 0.777778
v -0.523810 -0.056578 0.777778
v -0.523810 -0.047619 0.774929
v -0.550822 -0.047619 0.936508
v -0.523810 -0.063535 0.968254
v -0.523810 -0.047619 0.965372
v -0.523810 -0.015873 0.764054
v -0.540310 -0.015873 0.936508
v -0.523810 -0.015873 0.952742
v -0.538556 0.015873 0.746032
v -0.523810 0.015873 0.754511
v -0.547111 0.015873 0.904762
v -0.523810 0.014269 0.936508
v -0.523810 0.015873 0.935168
v -0.531863 0.047619 0.746032
v -0.523810 0.047619 0.751201
v -0.550721 0.047619 0.873016
v -0.524967 0.047619 0.904762
v -0.523810 0.047619 0.905947
v -0.536395 0.079365 0.746032
v -0.523810 0.079365 0.754522
v -0.523810 0.078384 0.873016
v -0.523810 0.079365 0.871859
v -0.523810 0.048971 0.904762
v -0.546728 0.111111 0.746032
v -0.523810 0.111111 0.762837
v -0.528014 0.111111 0.841270
v -0.523810 0.111111 0.842694
v -0.531529 0.142857 0.777778
v -0.523810 0.138753 0.777778
v -0.523810 0.139784 0.809524
v -0.523810 0.113018 0.841270
v -0.546516 0.301587 0.714286
v -0.523810 0.292248 0.746032
v -0.523810 0.301587 0.730579
v -0.523810 0.285059 0.777778
v -0.523810 0.292641 0.809524
v -0.523810 0.301587 0.818572
v -0.523810 0.311857 0.714286
v -0.523810 0.333333 0.692320
v -0.523810 0.329953 0.841270
v -0.523810 0.333333 0.842833
v -0.523810 0.348874 0.682540
v -0.523810 0.365079 0.674378
v -0.550250 0.365079 0.873016
v -0.523810 0.365079 0.862902
v -0.523810 0.396825 0.673660
v -0.523810 0.376738 0.873016
v -0.523810 0.396825 0.889047
v -0.523810 0.419798 0.682540
v -0.523810 0.428571 0.685453
v -0.523810 0.412638 0.904762
v -0.523810 0.428571 0.918774
v -0.523810 0.460317 0.699438
v -0.523810 0.447511 0.936508
v -0.523810 0.460317 0.946521
v -0.523810 0.492063 0.712148
v -0.523810 0.492063 0.966436
v -0.523810 0.497508 0.714286
v -0.523810 0.523810 0.725222
v -0.523810 0.499306 0.968254
v -0.523810 0.523810 0.972232
v -0.523810 0.555556 0.738335
v -0.523810 0.545933 0.968254
v -0.523810 0.555556 0.965683
v -0.523810 0.575799 0.746032
v -0.523810 0.587302 0.752823
v -0.523810 0.587302 0.943543
v -0.523810 0.619048 0.772135
v -0.527497 0.619048 0.904762
v -0.523810 0.618574 0.904762
v -0.523810 0.619048 0.903573
v -0.523810 0.595379 0.936508
v -0.544034 0.650794 0.777778
v -0.523810 0.627812 0.777778
v -0.537010 0.650794 0.809524
v -0.523810 0.639992 0.809524
v -0.544533 0.650794 0.841270
v -0.523810 0.638856 0.841270
v -0.523810 0.632768 0.873016
v -0.554801 0.682540 0.777778
v -0.552846 0.746032 0.746032
v -0.523810 0.776823 0.714286
v -0.523810 0.777778 0.713125
v -0.535303 0.777778 0.746032
v -0.523810 0.777778 0.717316
v -0.523810 0.802873 0.682540
v -0.523810 0.809524 0.679276
v -0.523810 0.789780 0.746032
v -0.523810 0.809524 0.756401
v -0.523810 0.841270 0.670550
v -0.551160 0.841270 0.777778
v -0.523810 0.841270 0.769504
v -0.523810 0.873016 0.669586
v -0.523810 0.872029 0.777778
v -0.523810 0.873016 0.777978
v -0.548562 0.904762 0.682540
v -0.523810 0.904762 0.674887
v -0.523810 0.904762 0.778583
v -0.523810 0.928396 0.682540
v -0.555064 0.936508 0.714286
v -0.523810 0.936508 0.687293
v -0.523810 0.909181 0.777778
v -0.523810 0.936508 0.769878
v -0.526055 0.968254 0.714286
v -0.523810 0.968254 0.711496
v -0.527824 0.968254 0.746032
v -0.523810 0.968254 0.750655
v -0.523810 0.971436 0.714286
v -0.523810 0.973372 0.746032
v -0.508579 -0.968254 0.746032
v -0.508680 -0.968254 0.777778
v -0.492063 -0.952934 0.746032
v -0.492063 -0.936508 0.733193
v -0.492063 -0.956035 0.777778
v -0.492063 -0.944915 0.809524
v -0.515588 -0.936508 0.841270
v -0.492063 -0.936508 0.822235
v -0.492063 -0.904762 0.720810
v -0.492063 -0.922736 0.841270
v -0.521911 -0.904762 0.873016
v -0.492063 -0.904762 0.856022
v -0.492063 -0.873016 0.715810
v -0.492063 -0.877926 0.873016
v -0.492063 -0.873016 0.875131
v -0.492063 -0.841270 0.716074
v -0.492063 -0.841270 0.884503
v -0.492063 -0.809524 0.722148
v -0.492063 -0.809524 0.887931
v -0.492063 -0.777778 0.736397
v -0.492063 -0.777778 0.884133
v -0.517039 -0.746032 0.746032
v -0.492063 -0.764682 0.746032
v -0.492063 -0.746032 0.762704
v -0.492063 -0.746032 0.875815
v -0.502171 -0.714286 0.777778
v -0.492063 -0.728540 0.777778
v -0.492063 -0.714286 0.791090
v -0.499255 -0.714286 0.873016
v -0.492063 -0.731585 0.873016
v -0.492063 -0.714286 0.865785
v -0.509493 -0.682540 0.777778
v -0.492063 -0.682540 0.800180
v -0.494954 -0.682540 0.873016
v -0.492063 -0.682540 0.869658
v -0.504569 -0.650794 0.777778
v -0.492063 -0.650794 0.790345
v -0.492063 -0.679290 0.873016
v -0.492063 -0.650794 0.884078
v -0.492063 -0.630107 0.777778
v -0.492063 -0.619048 0.771662
v -0.497918 -0.619048 0.904762
v -0.492063 -0.620165 0.904762
v -0.492063 -0.619048 0.905295
v -0.492063 -0.587302 0.752748
v -0.522485 -0.587302 0.904762
v -0.492063 -0.587302 0.917323
v -0.509586 -0.555556 0.746032
v -0.492063 -0.572116 0.746032
v -0.492063 -0.555556 0.739449
v -0.513060 -0.555556 0.904762
v -0.492063 -0.555556 0.919612
v -0.507578 -0.523810 0.746032
v -0.492063 -0.523810 0.736237
v -0.521085 -0.523810 0.873016
v -0.494092 -0.523810 0.904762
v -0.492063 -0.523810 0.906483
v -0.497752 -0.492063 0.746032
v -0.492063 -0.492063 0.741525
v -0.502033 -0.492063 0.841270
v -0.492063 -0.501709 0.873016
v -0.492063 -0.492063 0.850613
v -0.492063 -0.521603 0.904762
v -0.492063 -0.478939 0.746032
v -0.497390 -0.460317 0.777778
v -0.492063 -0.460317 0.767869
v -0.492063 -0.467920 0.809524
v -0.492063 -0.460317 0.789560
v -0.492063 -0.486970 0.841270
v -0.492063 -0.452646 0.777778
v -0.500719 -0.333333 0.746032
v -0.492063 -0.340742 0.746032
v -0.492063 -0.333333 0.741690
v -0.492063 -0.361787 0.777778
v -0.492063 -0.361521 0.809524
v -0.492063 -0.348574 0.841270
v -0.492063 -0.333333 0.853974
v -0.492063 -0.301587 0.732348
v -0.514344 -0.301587 0.873016
v -0.492063 -0.301587 0.864410
v -0.523609 -0.269841 0.746032
v -0.492063 -0.269841 0.739212
v -0.503990 -0.269841 0.873016
v -0.492063 -0.269841 0.865874
v -0.492063 -0.258148 0.746032
v -0.492063 -0.238095 0.762269
v -0.496991 -0.238095 0.873016
v -0.492063 -0.238095 0.870518
v -0.492063 -0.210854 0.777778
v -0.492063 -0.206349 0.780402
v -0.492063 -0.235101 0.873016
v -0.492063 -0.206349 0.893537
v -0.492063 -0.174603 0.782877
v -0.492063 -0.200138 0.904762
v -0.501716 -0.174603 0.936508
v -0.492063 -0.179904 0.936508
v -0.492063 -0.174603 0.943220
v -0.492063 -0.142857 0.778402
v -0.499459 -0.142857 0.968254
v -0.492063 -0.148054 0.968254
v -0.492063 -0.142857 0.971605
v -0.499161 -0.111111 0.777778
v -0.492063 -0.138732 0.777778
v -0.492063 -0.111111 0.774351
v -0.522374 -0.111111 0.968254
v -0.492063 -0.111111 0.980226
v -0.509484 -0.079365 0.777778
v -0.492063 -0.079365 0.771634
v -0.492063 -0.079365 0.980192
v -0.492063 -0.047619 0.769704
v -0.516651 -0.047619 0.968254
v -0.492063 -0.047619 0.974712
v -0.492063 -0.015873 0.768422
v -0.492063 -0.024887 0.968254
v -0.492063 -0.015873 0.964476
v -0.492063 0.015873 0.768936
v -0.521210 0.015873 0.936508
v -0.492063 0.015873 0.946601
v -0.492063 0.047619 0.772941
v -0.492063 0.030449 0.936508
v -0.492063 0.047619 0.917617
v -0.495870 0.079365 0.777778
v -0.492063 0.068871 0.777778
v -0.492063 0.079365 0.783892
v -0.492063 0.078211 0.873016
v -0.492063 0.079365 0.870282
v -0.492063 0.058755 0.904762
v -0.508196 0.111111 0.777778
v -0.497189 0.111111 0.809524
v -0.492063 0.104897 0.809524
v -0.520990 0.111111 0.841270
v -0.492063 0.095730 0.841270
v -0.505401 0.301587 0.746032
v -0.492063 0.296164 0.777778
v -0.492063 0.301587 0.765459
v -0.499401 0.301587 0.809524
v -0.492063 0.301587 0.800519
v -0.492063 0.333116 0.714286
v -0.492063 0.333333 0.714041
v -0.492063 0.309817 0.746032
v -0.492063 0.305320 0.809524
v -0.520709 0.333333 0.841270
v -0.492063 0.333333 0.823796
v -0.505887 0.365079 0.682540
v -0.492063 0.365079 0.691528
v -0.493958 0.365079 0.841270
v -0.492063 0.365079 0.839614
v -0.500262 0.396825 0.682540
v -0.492063 0.396825 0.686538
v -0.492063 0.367235 0.841270
v -0.504511 0.396825 0.873016
v -0.492063 0.396825 0.861158
v -0.492063 0.428571 0.694543
v -0.492063 0.408248 0.873016
v -0.503152 0.428571 0.904762
v -0.492063 0.428571 0.894729
v -0.492063 0.460317 0.706279
v -0.492063 0.436782 0.904762
v -0.499189 0.460317 0.936508
v -0.492063 0.460317 0.932107
v -0.511691 0.492063 0.714286
v -0.492063 0.480088 0.714286
v -0.492063 0.492063 0.718894
v -0.492063 0.464577 0.936508
v -0.492063 0.492063 0.957175
v -0.492063 0.523810 0.732507
v -0.496751 0.523810 0.968254
v -0.492063 0.523810 0.967187
v -0.495660 0.555556 0.746032
v -0.492063 0.553113 0.746032
v -0.492063 0.555556 0.747537
v -0.492063 0.555556 0.960422
v -0.492063 0.587302 0.770391
v -0.492063 0.587302 0.940912
v -0.517382 0.619048 0.777778
v -0.492063 0.596111 0.777778
v -0.498017 0.619048 0.809524
v -0.492063 0.615062 0.809524
v -0.492063 0.619048 0.824495
v -0.492063 0.615515 0.904762
v -0.492063 0.619048 0.891648
v -0.492063 0.592789 0.936508
v -0.492063 0.623366 0.841270
v -0.492063 0.624607 0.873016
v -0.523145 0.777778 0.714286
v -0.518104 0.809524 0.682540
v -0.498749 0.809524 0.714286
v -0.510649 0.809524 0.746032
v -0.496088 0.841270 0.682540
v -0.492063 0.817579 0.714286
v -0.492063 0.841270 0.686725
v -0.492063 0.828649 0.746032
v -0.492063 0.841270 0.756114
v -0.492063 0.848284 0.682540
v -0.492063 0.873016 0.676962
v -0.521142 0.873016 0.777778
v -0.492063 0.873016 0.774593
v -0.492063 0.904762 0.674509
v -0.492063 0.882685 0.777778
v -0.492063 0.904762 0.783022
v -0.515894 0.936508 0.682540
v -0.492063 0.936508 0.675542
v -0.510869 0.936508 0.777778
v -0.492063 0.936508 0.785783
v -0.497009 0.968254 0.682540
v -0.492063 0.968254 0.679838
v -0.501534 0.968254 0.777778
v -0.492063 0.968254 0.785279
v -0.492063 0.979238 0.682540
v -0.507744 1.000000 0.714286
v -0.492063 1.000000 0.691822
v -0.509598 1.000000 0.746032
v -0.493362 1.000000 0.777778
v -0.492063 1.000000 0.779324
v -0.480559 -0.936508 0.746032
v -0.473222 -0.936508 0.777778
v -0.481511 -0.936508 0.809524
v -0.460317 -0.907682 0.746032
v -0.460317 -0.904762 0.743979
v -0.460317 -0.922147 0.777778
v -0.460317 -0.917281 0.809524
v -0.469613 -0.904762 0.841270
v -0.460317 -0.904762 0.829134
v -0.460317 -0.873016 0.732943
v -0.460317 -0.895796 0.841270
v -0.487188 -0.873016 0.873016
v -0.460317 -0.873016 0.856356
v -0.460317 -0.841270 0.733491
v -0.462796 -0.841270 0.873016
v -0.460317 -0.841270 0.871593
v -0.460317 -0.809524 0.744953
v -0.460317 -0.834583 0.873016
v -0.460317 -0.809524 0.876365
v -0.482525 -0.777778 0.746032
v -0.460317 -0.807984 0.746032
v -0.460317 -0.777778 0.769629
v -0.460317 -0.777778 0.873133
v -0.480717 -0.746032 0.777778
v -0.460317 -0.769595 0.777778
v -0.460317 -0.746032 0.805797
v -0.484578 -0.746032 0.873016
v -0.460317 -0.777356 0.873016
v -0.460317 -0.746032 0.852202
v -0.478948 -0.714286 0.809524
v -0.460317 -0.741910 0.809524
v -0.470024 -0.714286 0.841270
v -0.460317 -0.730548 0.841270
v -0.484185 -0.682540 0.809524
v -0.470413 -0.682540 0.841270
v -0.469219 -0.650794 0.809524
v -0.460317 -0.669247 0.841270
v -0.460317 -0.650794 0.821657
v -0.461996 -0.650794 0.873016
v -0.460317 -0.650794 0.870409
v -0.476842 -0.619048 0.777778
v -0.460317 -0.643907 0.809524
v -0.460317 -0.619048 0.784535
v -0.460317 -0.649968 0.873016
v -0.488105 -0.619048 0.904762
v -0.460317 -0.619048 0.898847
v -0.460317 -0.613221 0.777778
v -0.460317 -0.587302 0.746964
v -0.460317 -0.611477 0.904762
v -0.460317 -0.587302 0.916661
v -0.460317 -0.586292 0.746032
v -0.460317 -0.555556 0.720698
v -0.460317 -0.555556 0.924666
v -0.461761 -0.523810 0.714286
v -0.460317 -0.529129 0.714286
v -0.460317 -0.523810 0.713189
v -0.460317 -0.523810 0.922021
v -0.460317 -0.513642 0.714286
v -0.460317 -0.492063 0.716805
v -0.480186 -0.492063 0.873016
v -0.460380 -0.492063 0.904762
v -0.460317 -0.492063 0.904813
v -0.482312 -0.460317 0.746032
v -0.460317 -0.460317 0.728696
v -0.482860 -0.460317 0.809524
v -0.461540 -0.460317 0.841270
v -0.460317 -0.471459 0.873016
v -0.460317 -0.460317 0.844066
v -0.460317 -0.491985 0.904762
v -0.462879 -0.428571 0.746032
v -0.460317 -0.428571 0.744147
v -0.472870 -0.428571 0.777778
v -0.460317 -0.431611 0.809524
v -0.460317 -0.428571 0.803924
v -0.460317 -0.458174 0.841270
v -0.460317 -0.421707 0.746032
v -0.462412 -0.396825 0.777778
v -0.460317 -0.396825 0.773571
v -0.460317 -0.396825 0.785860
v -0.485856 -0.365079 0.777778
v -0.460317 -0.365079 0.753583
v -0.485002 -0.365079 0.809524
v -0.460317 -0.388261 0.809524
v -0.465071 -0.365079 0.841270
v -0.460317 -0.369770 0.841270
v -0.460317 -0.365079 0.845412
v -0.460317 -0.357680 0.746032
v -0.460317 -0.333333 0.735751
v -0.460317 -0.333333 0.858644
v -0.460317 -0.301587 0.730160
v -0.460317 -0.301587 0.856009
v -0.460317 -0.269841 0.741383
v -0.460317 -0.269841 0.850885
v -0.460317 -0.262570 0.746032
v -0.460317 -0.238095 0.766181
v -0.460317 -0.238095 0.856688
v -0.481676 -0.206349 0.777778
v -0.460317 -0.206349 0.774174
v -0.460317 -0.225777 0.873016
v -0.460317 -0.206349 0.895488
v -0.480643 -0.174603 0.777778
v -0.460317 -0.174603 0.771202
v -0.460317 -0.202187 0.904762
v -0.460317 -0.183286 0.936508
v -0.460317 -0.174603 0.946712
v -0.490658 -0.142857 0.777778
v -0.460317 -0.142857 0.767343
v -0.460317 -0.146214 0.968254
v -0.460317 -0.142857 0.969978
v -0.460317 -0.111111 0.765955
v -0.460317 -0.111111 0.975267
v -0.460317 -0.079365 0.766849
v -0.460317 -0.079365 0.973305
v -0.460317 -0.047619 0.769406
v -0.465296 -0.047619 0.968254
v -0.460317 -0.053571 0.968254
v -0.460317 -0.047619 0.966678
v -0.460317 -0.015873 0.773982
v -0.460317 -0.015873 0.954154
v -0.471474 0.015873 0.777778
v -0.460317 0.000514 0.777778
v -0.460317 0.015873 0.783941
v -0.460317 0.015873 0.937346
v -0.485285 0.047619 0.777778
v -0.460317 0.047619 0.804925
v -0.464878 0.047619 0.904762
v -0.460317 0.045778 0.904762
v -0.460317 0.047619 0.900539
v -0.460317 0.017157 0.936508
v -0.478922 0.079365 0.809524
v -0.460317 0.053191 0.809524
v -0.477753 0.079365 0.841270
v -0.460317 0.064006 0.841270
v -0.460317 0.059653 0.873016
v -0.483706 0.301587 0.777778
v -0.491827 0.333333 0.714286
v -0.468637 0.333333 0.746032
v -0.460317 0.329906 0.777778
v -0.460317 0.333333 0.772232
v -0.474508 0.333333 0.809524
v -0.460317 0.333333 0.781701
v -0.472057 0.365079 0.714286
v -0.460317 0.349980 0.746032
v -0.460317 0.365079 0.734526
v -0.464879 0.365079 0.809524
v -0.460317 0.365079 0.799483
v -0.464060 0.396825 0.714286
v -0.460317 0.396825 0.720404
v -0.460317 0.380931 0.809524
v -0.476449 0.396825 0.841270
v -0.460317 0.396825 0.815153
v -0.464802 0.428571 0.714286
v -0.460317 0.428571 0.719581
v -0.461019 0.428571 0.841270
v -0.460317 0.428571 0.839467
v -0.476881 0.428571 0.873016
v -0.476270 0.460317 0.714286
v -0.460317 0.460317 0.726880
v -0.460317 0.430169 0.841270
v -0.460317 0.453971 0.873016
v -0.468333 0.460317 0.904762
v -0.460317 0.460317 0.885034
v -0.460317 0.492063 0.738227
v -0.460317 0.470176 0.904762
v -0.460317 0.488978 0.936508
v -0.460317 0.492063 0.939350
v -0.468935 0.523810 0.746032
v -0.460317 0.508586 0.746032
v -0.460317 0.523810 0.755048
v -0.460317 0.523810 0.952548
v -0.460317 0.555556 0.777495
v -0.460317 0.555556 0.948858
v -0.484566 0.587302 0.777778
v -0.460317 0.555910 0.777778
v -0.460831 0.587302 0.809524
v -0.460317 0.586609 0.809524
v -0.460317 0.587302 0.810391
v -0.470566 0.587302 0.936508
v -0.460317 0.582396 0.936508
v -0.460317 0.587302 0.932477
v -0.481224 0.619048 0.841270
v -0.460317 0.608053 0.841270
v -0.462145 0.619048 0.873016
v -0.460317 0.618599 0.873016
v -0.460317 0.611267 0.904762
v -0.471224 0.841270 0.714286
v -0.474269 0.841270 0.746032
v -0.478420 0.873016 0.682540
v -0.460317 0.851868 0.714286
v -0.460317 0.873016 0.695394
v -0.460317 0.849910 0.746032
v -0.460317 0.873016 0.774264
v -0.460317 0.894639 0.682540
v -0.460317 0.904762 0.679666
v -0.460317 0.877477 0.777778
v -0.460317 0.904762 0.792634
v -0.460317 0.936508 0.673185
v -0.460317 0.936508 0.803430
v -0.460317 0.968254 0.670251
v -0.461640 0.968254 0.809524
v -0.460317 0.962617 0.809524
v -0.460317 0.968254 0.810748
v -0.482240 1.000000 0.682540
v -0.460317 1.000000 0.672211
v -0.462960 1.000000 0.809524
v -0.460317 1.000000 0.812327
v -0.458846 -0.904762 0.746032
v -0.447131 -0.904762 0.777778
v -0.446859 -0.904762 0.809524
v -0.449772 -0.873016 0.746032
v -0.432491 -0.873016 0.777778
v -0.428571 -0.880934 0.809524
v -0.428571 -0.873016 0.792550
v -0.435093 -0.873016 0.841270
v -0.428571 -0.873016 0.826231
v -0.450389 -0.841270 0.746032
v -0.428914 -0.841270 0.777778
v -0.428571 -0.841270 0.778521
v -0.428571 -0.864151 0.841270
v -0.428571 -0.841270 0.852509
v -0.459553 -0.809524 0.746032
v -0.436804 -0.809524 0.777778
v -0.428571 -0.809524 0.790430
v -0.450503 -0.809524 0.873016
v -0.428571 -0.809524 0.858722
v -0.454359 -0.777778 0.777778
v -0.429705 -0.777778 0.809524
v -0.428571 -0.779778 0.809524
v -0.428571 -0.777778 0.813724
v -0.459972 -0.777778 0.873016
v -0.428571 -0.777778 0.849836
v -0.457091 -0.746032 0.809524
v -0.448212 -0.746032 0.841270
v -0.428571 -0.766781 0.841270
v -0.439085 -0.650794 0.841270
v -0.428571 -0.635389 0.809524
v -0.428571 -0.619048 0.785808
v -0.428571 -0.646418 0.841270
v -0.428571 -0.632996 0.873016
v -0.428571 -0.619048 0.883356
v -0.457789 -0.587302 0.746032
v -0.428571 -0.595221 0.746032
v -0.428571 -0.587302 0.731253
v -0.428571 -0.614084 0.777778
v -0.428571 -0.588661 0.904762
v -0.428571 -0.587302 0.905379
v -0.449560 -0.555556 0.714286
v -0.428571 -0.572416 0.714286
v -0.428571 -0.555556 0.699172
v -0.428571 -0.555556 0.914127
v -0.428571 -0.523810 0.695939
v -0.428571 -0.523810 0.917281
v -0.455347 -0.492063 0.714286
v -0.428571 -0.492063 0.703283
v -0.428571 -0.492063 0.913737
v -0.428571 -0.461362 0.714286
v -0.428571 -0.460317 0.714829
v -0.449466 -0.460317 0.873016
v -0.428571 -0.464093 0.904762
v -0.428571 -0.460317 0.901885
v -0.428571 -0.428571 0.734795
v -0.457364 -0.428571 0.809524
v -0.443049 -0.428571 0.841270
v -0.432578 -0.428571 0.873016
v -0.428571 -0.428571 0.878778
v -0.428571 -0.406724 0.746032
v -0.428571 -0.396825 0.758992
v -0.452740 -0.396825 0.809524
v -0.440042 -0.396825 0.841270
v -0.428571 -0.412628 0.873016
v -0.428571 -0.396825 0.861601
v -0.428571 -0.365079 0.762495
v -0.428571 -0.365079 0.856558
v -0.437087 -0.333333 0.746032
v -0.428571 -0.333333 0.753008
v -0.428571 -0.333333 0.847838
v -0.435635 -0.301587 0.746032
v -0.428571 -0.301587 0.756452
v -0.437619 -0.301587 0.841270
v -0.428571 -0.318867 0.841270
v -0.428571 -0.301587 0.828244
v -0.453758 -0.269841 0.746032
v -0.433217 -0.269841 0.777778
v -0.428571 -0.279182 0.777778
v -0.432040 -0.269841 0.809524
v -0.428571 -0.277972 0.809524
v -0.448625 -0.269841 0.841270
v -0.447999 -0.238095 0.777778
v -0.435555 -0.238095 0.809524
v -0.444731 -0.238095 0.841270
v -0.451984 -0.206349 0.777778
v -0.428571 -0.227451 0.809524
v -0.428571 -0.206349 0.794512
v -0.428571 -0.223092 0.841270
v -0.428571 -0.206837 0.873016
v -0.428571 -0.206349 0.873674
v -0.428571 -0.181259 0.777778
v -0.428571 -0.174603 0.776053
v -0.428571 -0.192812 0.904762
v -0.434579 -0.174603 0.936508
v -0.428571 -0.174603 0.932843
v -0.428571 -0.142857 0.769109
v -0.428571 -0.171453 0.936508
v -0.456378 -0.142857 0.968254
v -0.428571 -0.142857 0.953839
v -0.428571 -0.111111 0.767329
v -0.446739 -0.111111 0.968254
v -0.428571 -0.111111 0.957774
v -0.428571 -0.079365 0.769283
v -0.451481 -0.079365 0.968254
v -0.428571 -0.079365 0.953344
v -0.428571 -0.047619 0.773955
v -0.428571 -0.047619 0.944648
v -0.445339 -0.015873 0.777778
v -0.428571 -0.031298 0.777778
v -0.428571 -0.015873 0.783765
v -0.433869 -0.015873 0.936508
v -0.428571 -0.024343 0.936508
v -0.428571 -0.015873 0.931945
v -0.428571 0.015873 0.803373
v -0.459007 0.015873 0.936508
v -0.428571 0.015873 0.909775
v -0.455516 0.047619 0.809524
v -0.428571 0.023445 0.809524
v -0.441332 0.047619 0.841270
v -0.428571 0.038125 0.841270
v -0.443619 0.047619 0.873016
v -0.428571 0.037050 0.873016
v -0.428571 0.021293 0.904762
v -0.458414 0.333333 0.777778
v -0.453989 0.365079 0.746032
v -0.449622 0.365079 0.777778
v -0.446565 0.396825 0.746032
v -0.443933 0.396825 0.777778
v -0.456268 0.396825 0.809524
v -0.442502 0.428571 0.746032
v -0.438943 0.428571 0.777778
v -0.447345 0.428571 0.809524
v -0.442960 0.460317 0.746032
v -0.435939 0.460317 0.777778
v -0.440444 0.460317 0.809524
v -0.448040 0.460317 0.841270
v -0.456287 0.460317 0.873016
v -0.451061 0.492063 0.746032
v -0.437018 0.492063 0.777778
v -0.436813 0.492063 0.809524
v -0.439228 0.492063 0.841270
v -0.440149 0.492063 0.873016
v -0.440330 0.492063 0.904762
v -0.455294 0.492063 0.936508
v -0.444178 0.523810 0.777778
v -0.437278 0.523810 0.809524
v -0.433963 0.523810 0.841270
v -0.428571 0.522053 0.873016
v -0.428571 0.523810 0.869689
v -0.428571 0.510646 0.904762
v -0.429446 0.523810 0.936508
v -0.428571 0.523810 0.934464
v -0.460067 0.555556 0.777778
v -0.443382 0.555556 0.809524
v -0.432357 0.555556 0.841270
v -0.428571 0.555556 0.851088
v -0.429928 0.555556 0.936508
v -0.428571 0.555556 0.934982
v -0.438232 0.587302 0.841270
v -0.428571 0.587302 0.855597
v -0.428571 0.587302 0.915926
v -0.428571 0.607199 0.873016
v -0.428571 0.600627 0.904762
v -0.428571 0.870572 0.714286
v -0.428571 0.873016 0.712049
v -0.428571 0.860853 0.746032
v -0.441321 0.873016 0.777778
v -0.428571 0.871111 0.777778
v -0.428571 0.873016 0.781591
v -0.447425 0.904762 0.682540
v -0.428571 0.904762 0.688888
v -0.435740 0.904762 0.809524
v -0.428571 0.895492 0.809524
v -0.428571 0.904762 0.817581
v -0.428571 0.915651 0.682540
v -0.428571 0.936508 0.675896
v -0.452280 0.936508 0.809524
v -0.428571 0.936508 0.832790
v -0.428571 0.968254 0.669627
v -0.428571 0.968254 0.839119
v -0.428571 1.000000 0.669137
v -0.428571 1.000000 0.839894
v -0.421683 -0.873016 0.809524
v -0.410478 -0.841270 0.809524
v -0.410327 -0.841270 0.841270
v -0.413260 -0.809524 0.809524
v -0.405858 -0.809524 0.841270
v -0.418142 -0.777778 0.841270
v -0.407923 -0.619048 0.777778
v -0.396825 -0.621821 0.777778
v -0.396825 -0.619048 0.773262
v -0.396825 -0.639285 0.809524
v -0.396825 -0.642124 0.841270
v -0.401364 -0.619048 0.873016
v -0.396825 -0.619048 0.870091
v -0.396825 -0.601516 0.746032
v -0.396825 -0.587302 0.721864
v -0.396825 -0.616629 0.873016
v -0.427133 -0.587302 0.904762
v -0.396825 -0.587302 0.889174
v -0.396825 -0.579887 0.714286
v -0.396825 -0.555556 0.693155
v -0.407480 -0.555556 0.904762
v -0.396825 -0.555556 0.899389
v -0.396825 -0.523810 0.692630
v -0.399734 -0.523810 0.904762
v -0.396825 -0.523810 0.903416
v -0.396825 -0.492063 0.702817
v -0.403145 -0.492063 0.904762
v -0.396825 -0.492063 0.902391
v -0.396825 -0.466980 0.714286
v -0.396825 -0.460317 0.718748
v -0.396825 -0.460317 0.895130
v -0.396825 -0.428571 0.745068
v -0.396825 -0.428571 0.882122
v -0.396825 -0.427242 0.746032
v -0.404380 -0.396825 0.777778
v -0.396825 -0.400943 0.777778
v -0.396825 -0.396825 0.784810
v -0.396825 -0.407914 0.873016
v -0.396825 -0.396825 0.860941
v -0.414071 -0.365079 0.777778
v -0.396825 -0.365079 0.805693
v -0.404962 -0.365079 0.841270
v -0.396825 -0.372337 0.841270
v -0.396825 -0.365079 0.820210
v -0.414527 -0.333333 0.777778
v -0.409084 -0.333333 0.809524
v -0.396825 -0.361077 0.809524
v -0.421934 -0.333333 0.841270
v -0.421290 -0.301587 0.777778
v -0.421129 -0.301587 0.809524
v -0.420962 -0.206349 0.809524
v -0.418100 -0.206349 0.841270
v -0.428097 -0.206349 0.873016
v -0.425802 -0.174603 0.777778
v -0.396825 -0.174688 0.809524
v -0.396825 -0.174603 0.809437
v -0.396825 -0.184351 0.841270
v -0.396825 -0.181080 0.873016
v -0.402526 -0.174603 0.904762
v -0.396825 -0.174603 0.890438
v -0.406253 -0.142857 0.777778
v -0.396825 -0.142857 0.783863
v -0.396825 -0.168591 0.904762
v -0.404347 -0.142857 0.936508
v -0.396825 -0.142857 0.927558
v -0.396825 -0.121234 0.777778
v -0.396825 -0.111111 0.776190
v -0.399748 -0.111111 0.936508
v -0.396825 -0.111111 0.933302
v -0.396825 -0.079365 0.777234
v -0.405818 -0.079365 0.936508
v -0.396825 -0.079365 0.927472
v -0.413682 -0.047619 0.777778
v -0.396825 -0.076012 0.777778
v -0.396825 -0.047619 0.785181
v -0.417302 -0.047619 0.936508
v -0.396825 -0.047619 0.917291
v -0.396825 -0.015873 0.799669
v -0.397147 -0.015873 0.904762
v -0.396825 -0.016456 0.904762
v -0.396825 -0.015873 0.904313
v -0.417418 0.015873 0.809524
v -0.396825 -0.000580 0.809524
v -0.396825 0.015873 0.837797
v -0.398259 0.015873 0.873016
v -0.396825 0.014495 0.873016
v -0.396825 0.015873 0.860200
v -0.422138 0.015873 0.904762
v -0.396825 0.017636 0.841270
v -0.427396 0.523810 0.873016
v -0.413226 0.523810 0.904762
v -0.413111 0.555556 0.873016
v -0.397971 0.555556 0.904762
v -0.406535 0.587302 0.873016
v -0.407144 0.587302 0.904762
v -0.423286 0.873016 0.714286
v -0.396825 0.868976 0.746032
v -0.396825 0.873016 0.737353
v -0.396825 0.868502 0.777778
v -0.396825 0.873016 0.804168
v -0.396825 0.884835 0.714286
v -0.396825 0.904762 0.699980
v -0.396825 0.874276 0.809524
v -0.401950 0.904762 0.841270
v -0.396825 0.899180 0.841270
v -0.396825 0.904762 0.843973
v -0.397957 0.936508 0.682540
v -0.396825 0.936508 0.682899
v -0.418636 0.936508 0.841270
v -0.396825 0.936508 0.853340
v -0.396825 0.937584 0.682540
v -0.396825 0.968254 0.676605
v -0.425874 0.968254 0.841270
v -0.396825 0.968254 0.857016
v -0.396825 1.000000 0.676541
v -0.426809 1.000000 0.841270
v -0.396825 1.000000 0.857634
v -0.365079 -0.631754 0.777778
v -0.365079 -0.619048 0.761241
v -0.365079 -0.649672 0.809524
v -0.365079 -0.645329 0.841270
v -0.365079 -0.619048 0.861408
v -0.365079 -0.605445 0.746032
v -0.365079 -0.587302 0.725611
v -0.365079 -0.602797 0.873016
v -0.365079 -0.587302 0.879029
v -0.365079 -0.570160 0.714286
v -0.365079 -0.555556 0.705420
v -0.365079 -0.555556 0.885209
v -0.365079 -0.523810 0.704211
v -0.365079 -0.523810 0.885334
v -0.365916 -0.492063 0.714286
v -0.365079 -0.493189 0.714286
v -0.365079 -0.492063 0.714750
v -0.365079 -0.492063 0.881205
v -0.365079 -0.460317 0.740202
v -0.365079 -0.460317 0.873576
v -0.395688 -0.428571 0.746032
v -0.365079 -0.454395 0.746032
v -0.373829 -0.428571 0.777778
v -0.365079 -0.434948 0.777778
v -0.365079 -0.428571 0.793528
v -0.384897 -0.428571 0.873016
v -0.365079 -0.458297 0.873016
v -0.365079 -0.428571 0.850515
v -0.383615 -0.396825 0.809524
v -0.365079 -0.417630 0.809524
v -0.382853 -0.396825 0.841270
v -0.365079 -0.416498 0.841270
v -0.395336 -0.365079 0.809524
v -0.396769 -0.174603 0.809524
v -0.388849 -0.174603 0.841270
v -0.390453 -0.174603 0.873016
v -0.374357 -0.142857 0.809524
v -0.366535 -0.142857 0.841270
v -0.368318 -0.142857 0.873016
v -0.378971 -0.142857 0.904762
v -0.393008 -0.111111 0.777778
v -0.365079 -0.121847 0.809524
v -0.365079 -0.111111 0.802979
v -0.365079 -0.139137 0.841270
v -0.365079 -0.132208 0.873016
v -0.372841 -0.111111 0.904762
v -0.365079 -0.111111 0.886668
v -0.395161 -0.079365 0.777778
v -0.365079 -0.079365 0.799316
v -0.374453 -0.079365 0.904762
v -0.365079 -0.079365 0.887477
v -0.365079 -0.047619 0.805991
v -0.381744 -0.047619 0.904762
v -0.365079 -0.047619 0.880462
v -0.378699 -0.015873 0.809524
v -0.365079 -0.038757 0.809524
v -0.365079 -0.015873 0.834331
v -0.369232 -0.015873 0.873016
v -0.365079 -0.027526 0.873016
v -0.365079 -0.015873 0.854434
v -0.393349 0.015873 0.841270
v -0.365079 -0.010681 0.841270
v -0.384935 0.873016 0.746032
v -0.366764 0.873016 0.777778
v -0.365079 0.903576 0.714286
v -0.365079 0.904762 0.713509
v -0.365079 0.879740 0.746032
v -0.365079 0.873241 0.777778
v -0.365079 0.879046 0.809524
v -0.371654 0.904762 0.841270
v -0.365079 0.904762 0.840380
v -0.365079 0.936508 0.698716
v -0.365079 0.905794 0.841270
v -0.365079 0.936508 0.856057
v -0.382396 0.968254 0.682540
v -0.365079 0.968254 0.691400
v -0.365079 0.968254 0.864378
v -0.382851 1.000000 0.682540
v -0.365079 1.000000 0.691668
v -0.365079 1.000000 0.869103
v -0.362104 -0.650794 0.809524
v -0.333333 -0.670416 0.809524
v -0.333333 -0.650794 0.789488
v -0.347589 -0.650794 0.841270
v -0.333333 -0.662457 0.841270
v -0.333333 -0.650794 0.844789
v -0.333333 -0.642417 0.777778
v -0.333333 -0.619048 0.756124
v -0.333333 -0.619048 0.858045
v -0.333333 -0.605489 0.746032
v -0.333333 -0.587302 0.734182
v -0.340342 -0.587302 0.873016
v -0.333333 -0.587302 0.869944
v -0.349730 -0.555556 0.714286
v -0.333333 -0.555556 0.723824
v -0.333333 -0.562690 0.873016
v -0.333333 -0.555556 0.873497
v -0.348667 -0.523810 0.714286
v -0.333333 -0.523810 0.726097
v -0.339589 -0.523810 0.873016
v -0.333333 -0.550926 0.873016
v -0.333333 -0.523810 0.867973
v -0.333333 -0.492063 0.742833
v -0.351929 -0.492063 0.873016
v -0.333333 -0.492063 0.855459
v -0.359266 -0.460317 0.746032
v -0.333333 -0.488574 0.746032
v -0.339836 -0.460317 0.777778
v -0.333333 -0.466873 0.777778
v -0.333333 -0.460317 0.796995
v -0.337696 -0.460317 0.841270
v -0.333333 -0.465996 0.841270
v -0.333333 -0.460317 0.824232
v -0.364366 -0.460317 0.873016
v -0.358492 -0.428571 0.809524
v -0.333333 -0.455653 0.809524
v -0.359187 -0.428571 0.841270
v -0.358207 -0.111111 0.809524
v -0.350184 -0.111111 0.841270
v -0.356967 -0.111111 0.873016
v -0.352718 -0.079365 0.809524
v -0.345841 -0.079365 0.841270
v -0.354883 -0.079365 0.873016
v -0.359541 -0.047619 0.809524
v -0.348628 -0.047619 0.841270
v -0.358638 -0.047619 0.873016
v -0.360734 -0.015873 0.841270
v -0.363666 0.904762 0.714286
v -0.333333 0.894186 0.746032
v -0.333333 0.904762 0.736631
v -0.333333 0.883669 0.777778
v -0.333333 0.895686 0.809524
v -0.333333 0.904762 0.818561
v -0.334370 0.936508 0.714286
v -0.333333 0.936508 0.714996
v -0.333333 0.928350 0.841270
v -0.333333 0.936508 0.846869
v -0.333333 0.938328 0.714286
v -0.333333 0.968254 0.708020
v -0.333333 0.968254 0.863494
v -0.333333 1.000000 0.707132
v -0.346725 1.000000 0.873016
v -0.333333 0.992441 0.873016
v -0.333333 1.000000 0.875849
v -0.306772 -0.904762 0.841270
v -0.301587 -0.911548 0.841270
v -0.301587 -0.904762 0.816091
v -0.301587 -0.904762 0.850599
v -0.304294 -0.873016 0.809524
v -0.301587 -0.895233 0.809524
v -0.301587 -0.873016 0.806389
v -0.308134 -0.873016 0.841270
v -0.301587 -0.873016 0.849359
v -0.301587 -0.863459 0.809524
v -0.301587 -0.858035 0.841270
v -0.301922 -0.714286 0.809524
v -0.301587 -0.715146 0.809524
v -0.301587 -0.714286 0.809300
v -0.311437 -0.714286 0.841270
v -0.301587 -0.745360 0.841270
v -0.301587 -0.714286 0.847926
v -0.319205 -0.682540 0.809524
v -0.301587 -0.682540 0.798238
v -0.319435 -0.682540 0.841270
v -0.301587 -0.682540 0.850550
v -0.303862 -0.650794 0.777778
v -0.301587 -0.651787 0.777778
v -0.301587 -0.650794 0.777225
v -0.301587 -0.650794 0.851819
v -0.301587 -0.619048 0.758632
v -0.301587 -0.619048 0.854542
v -0.301587 -0.592438 0.746032
v -0.301587 -0.587302 0.744167
v -0.301587 -0.587302 0.857636
v -0.301587 -0.555556 0.741886
v -0.331746 -0.555556 0.873016
v -0.301587 -0.555556 0.856310
v -0.307478 -0.523810 0.746032
v -0.301587 -0.539783 0.746032
v -0.301587 -0.523810 0.752806
v -0.301587 -0.523810 0.847966
v -0.329801 -0.492063 0.746032
v -0.306757 -0.492063 0.777778
v -0.301587 -0.498664 0.777778
v -0.301587 -0.492063 0.794870
v -0.313202 -0.492063 0.841270
v -0.301587 -0.508728 0.841270
v -0.301587 -0.492063 0.817227
v -0.329033 -0.460317 0.809524
v -0.301587 -0.487826 0.809524
v -0.307709 0.682540 0.809524
v -0.301587 0.673091 0.809524
v -0.301587 0.682540 0.805871
v -0.301587 0.682540 0.816534
v -0.306954 0.714286 0.809524
v -0.301587 0.714286 0.803455
v -0.301587 0.714286 0.818432
v -0.301587 0.740946 0.809524
v -0.315086 0.904762 0.746032
v -0.301587 0.898583 0.777778
v -0.301587 0.904762 0.766323
v -0.320668 0.904762 0.809524
v -0.301587 0.904762 0.786079
v -0.301587 0.915625 0.746032
v -0.301587 0.936508 0.736130
v -0.301587 0.917675 0.809524
v -0.322338 0.936508 0.841270
v -0.301587 0.936508 0.827702
v -0.320375 0.968254 0.714286
v -0.301587 0.968254 0.726971
v -0.301587 0.950519 0.841270
v -0.301587 0.968254 0.856050
v -0.317286 1.000000 0.714286
v -0.301587 1.000000 0.724147
v -0.301587 0.990685 0.873016
v -0.301587 1.000000 0.880173
v -0.278618 -0.936508 0.809524
v -0.269841 -0.941842 0.809524
v -0.269841 -0.936508 0.802287
v -0.285697 -0.936508 0.841270
v -0.269841 -0.947235 0.841270
v -0.269841 -0.936508 0.872325
v -0.274245 -0.904762 0.777778
v -0.269841 -0.909234 0.777778
v -0.269841 -0.904762 0.775283
v -0.300633 -0.904762 0.809524
v -0.287981 -0.904762 0.873016
v -0.269841 -0.935719 0.873016
v -0.269841 -0.904762 0.887164
v -0.284639 -0.873016 0.777778
v -0.269841 -0.873016 0.765365
v -0.281024 -0.873016 0.873016
v -0.269841 -0.873016 0.879283
v -0.281694 -0.841270 0.777778
v -0.269841 -0.841270 0.764416
v -0.297263 -0.841270 0.809524
v -0.296323 -0.841270 0.841270
v -0.269841 -0.857085 0.873016
v -0.269841 -0.841270 0.866064
v -0.272652 -0.809524 0.777778
v -0.269841 -0.809524 0.774275
v -0.289453 -0.809524 0.809524
v -0.288500 -0.809524 0.841270
v -0.269841 -0.809524 0.857293
v -0.269841 -0.800857 0.777778
v -0.285796 -0.777778 0.809524
v -0.269841 -0.777778 0.789966
v -0.290709 -0.777778 0.841270
v -0.269841 -0.777778 0.857952
v -0.289093 -0.746032 0.809524
v -0.269841 -0.746032 0.794944
v -0.301348 -0.746032 0.841270
v -0.269841 -0.746032 0.863830
v -0.269841 -0.714286 0.794001
v -0.269841 -0.714286 0.867054
v -0.269841 -0.682540 0.790512
v -0.269841 -0.682540 0.862702
v -0.296673 -0.650794 0.777778
v -0.269841 -0.650794 0.783016
v -0.269841 -0.650794 0.854074
v -0.269841 -0.638291 0.777778
v -0.269841 -0.619048 0.771708
v -0.269841 -0.619048 0.847859
v -0.296769 -0.587302 0.746032
v -0.269841 -0.587302 0.762993
v -0.269841 -0.587302 0.845160
v -0.292864 -0.555556 0.746032
v -0.269841 -0.555556 0.763804
v -0.269841 -0.555556 0.841702
v -0.272351 -0.523810 0.777778
v -0.269841 -0.528057 0.777778
v -0.269841 -0.523810 0.784976
v -0.287245 -0.523810 0.841270
v -0.269841 -0.554046 0.841270
v -0.269841 -0.523810 0.818259
v -0.295952 -0.492063 0.809524
v -0.269841 -0.516850 0.809524
v -0.271649 0.238095 0.904762
v -0.269841 0.234481 0.904762
v -0.269841 0.238095 0.897638
v -0.272797 0.238095 0.936508
v -0.269841 0.231259 0.936508
v -0.269841 0.238095 0.954871
v -0.273567 0.269841 0.873016
v -0.269841 0.258475 0.873016
v -0.269841 0.269841 0.863454
v -0.277990 0.269841 0.904762
v -0.277923 0.269841 0.936508
v -0.274062 0.269841 0.968254
v -0.269841 0.247160 0.968254
v -0.269841 0.269841 0.982105
v -0.273943 0.301587 0.873016
v -0.269841 0.301587 0.854703
v -0.276619 0.301587 0.904762
v -0.277108 0.301587 0.936508
v -0.274722 0.301587 0.968254
v -0.269841 0.301587 0.986981
v -0.269841 0.320848 0.873016
v -0.271387 0.333333 0.904762
v -0.269841 0.333333 0.891695
v -0.274529 0.333333 0.936508
v -0.274700 0.333333 0.968254
v -0.269841 0.333333 0.989661
v -0.269841 0.340340 0.904762
v -0.270715 0.365079 0.936508
v -0.269841 0.365079 0.932642
v -0.274714 0.365079 0.968254
v -0.269841 0.365079 0.991745
v -0.269841 0.369232 0.936508
v -0.269841 0.390586 0.968254
v -0.286996 0.682540 0.809524
v -0.269841 0.689710 0.809524
v -0.269841 0.714286 0.781977
v -0.269841 0.714286 0.824583
v -0.278381 0.746032 0.777778
v -0.269841 0.720026 0.777778
v -0.269841 0.746032 0.772066
v -0.300065 0.746032 0.809524
v -0.269841 0.746032 0.828169
v -0.276447 0.777778 0.777778
v -0.269841 0.777778 0.772601
v -0.282762 0.777778 0.809524
v -0.269841 0.777778 0.818665
v -0.269841 0.800511 0.777778
v -0.269841 0.793242 0.809524
v -0.291414 0.904762 0.777778
v -0.282845 0.936508 0.746032
v -0.269841 0.923321 0.777778
v -0.269841 0.936508 0.765416
v -0.276859 0.936508 0.809524
v -0.269841 0.936508 0.795655
v -0.271060 0.968254 0.746032
v -0.269841 0.968254 0.747703
v -0.269841 0.942752 0.809524
v -0.269841 0.967649 0.841270
v -0.269841 0.968254 0.841975
v -0.269841 0.976544 0.746032
v -0.269841 1.000000 0.744032
v -0.269841 0.992984 0.873016
v -0.269841 1.000000 0.881957
v -0.238095 -0.954220 0.809524
v -0.238095 -0.936508 0.785876
v -0.238095 -0.961794 0.841270
v -0.269251 -0.936508 0.873016
v -0.238095 -0.949786 0.873016
v -0.238095 -0.936508 0.887078
v -0.238095 -0.928315 0.777778
v -0.238095 -0.904762 0.762191
v -0.238095 -0.904762 0.894091
v -0.238102 -0.873016 0.746032
v -0.238095 -0.873022 0.746032
v -0.238095 -0.873016 0.746029
v -0.238095 -0.873016 0.887435
v -0.249061 -0.841270 0.746032
v -0.238095 -0.841270 0.739801
v -0.256404 -0.841270 0.873016
v -0.238095 -0.841270 0.877955
v -0.242712 -0.809524 0.746032
v -0.238095 -0.809524 0.742247
v -0.238095 -0.812214 0.873016
v -0.238095 -0.809524 0.872389
v -0.238095 -0.799842 0.746032
v -0.258941 -0.777778 0.777778
v -0.238095 -0.777778 0.758109
v -0.238095 -0.777778 0.871876
v -0.238486 -0.746032 0.777778
v -0.238095 -0.746032 0.777554
v -0.245537 -0.746032 0.873016
v -0.238095 -0.768319 0.873016
v -0.238095 -0.746032 0.874287
v -0.238095 -0.745514 0.777778
v -0.238095 -0.714286 0.791654
v -0.248389 -0.714286 0.873016
v -0.238095 -0.714286 0.874276
v -0.238095 -0.682540 0.799353
v -0.238095 -0.705332 0.873016
v -0.238095 -0.682540 0.864144
v -0.238095 -0.650794 0.804852
v -0.238095 -0.650794 0.847020
v -0.261157 -0.619048 0.777778
v -0.238095 -0.619048 0.808188
v -0.250711 -0.619048 0.841270
v -0.238095 -0.634951 0.841270
v -0.238095 -0.619048 0.812523
v -0.250992 -0.587302 0.777778
v -0.238095 -0.587302 0.807450
v -0.260511 -0.587302 0.841270
v -0.238095 -0.587302 0.810705
v -0.249883 -0.555556 0.777778
v -0.240742 -0.555556 0.809524
v -0.238095 -0.579280 0.809524
v -0.268862 -0.555556 0.841270
v -0.260561 -0.523810 0.809524
v -0.239990 0.238095 0.873016
v -0.238095 0.237553 0.873016
v -0.238095 0.238095 0.872360
v -0.238095 0.218818 0.904762
v -0.238095 0.211360 0.936508
v -0.266020 0.238095 0.968254
v -0.238095 0.215151 0.968254
v -0.243047 0.238095 1.000000
v -0.238095 0.233676 1.000000
v -0.238095 0.269841 0.844851
v -0.260914 0.269841 1.000000
v -0.257569 0.301587 0.841270
v -0.238095 0.280774 0.841270
v -0.238095 0.301587 0.833731
v -0.264850 0.301587 1.000000
v -0.243292 0.333333 0.841270
v -0.238095 0.333333 0.839176
v -0.265552 0.333333 0.873016
v -0.266403 0.333333 1.000000
v -0.238095 0.336636 0.841270
v -0.243394 0.365079 0.873016
v -0.238095 0.365079 0.866011
v -0.260403 0.365079 0.904762
v -0.266894 0.365079 1.000000
v -0.238095 0.370645 0.873016
v -0.238095 0.394832 0.904762
v -0.255597 0.396825 0.936508
v -0.238095 0.396825 0.908658
v -0.266095 0.396825 0.968254
v -0.238095 0.394069 1.000000
v -0.238095 0.396825 0.995190
v -0.238095 0.408327 0.936508
v -0.238095 0.408334 0.968254
v -0.238095 0.711925 0.809524
v -0.238095 0.714286 0.800192
v -0.238095 0.714286 0.811686
v -0.238095 0.721101 0.777778
v -0.238095 0.746032 0.762689
v -0.238095 0.746032 0.825919
v -0.238095 0.777778 0.756303
v -0.238095 0.777778 0.824823
v -0.265612 0.809524 0.777778
v -0.238095 0.809524 0.759124
v -0.248781 0.809524 0.809524
v -0.238095 0.809524 0.813438
v -0.244343 0.841270 0.777778
v -0.238095 0.841270 0.772733
v -0.238095 0.816929 0.809524
v -0.238095 0.841270 0.783278
v -0.238095 0.849433 0.777778
v -0.258895 0.936508 0.777778
v -0.244684 0.968254 0.777778
v -0.241710 0.968254 0.809524
v -0.268510 0.968254 0.841270
v -0.266553 1.000000 0.746032
v -0.238095 0.993841 0.777778
v -0.238095 1.000000 0.776372
v -0.238095 0.972492 0.809524
v -0.238095 0.982754 0.841270
v -0.238095 0.996432 0.873016
v -0.238095 1.000000 0.879293
v -0.206349 -0.956563 0.809524
v -0.206349 -0.936508 0.781623
v -0.206349 -0.964273 0.841270
v -0.206349 -0.950855 0.873016
v -0.206349 -0.936508 0.884868
v -0.206349 -0.933046 0.777778
v -0.206349 -0.904762 0.755772
v -0.206349 -0.904762 0.891985
v -0.206349 -0.888115 0.746032
v -0.206349 -0.873016 0.738206
v -0.206349 -0.873016 0.888147
v -0.206349 -0.841270 0.729365
v -0.206349 -0.841270 0.880466
v -0.206349 -0.809524 0.728241
v -0.230947 -0.809524 0.873016
v -0.206349 -0.809524 0.874141
v -0.218799 -0.777778 0.746032
v -0.206349 -0.777778 0.739162
v -0.206349 -0.796951 0.873016
v -0.206349 -0.777778 0.869863
v -0.206349 -0.769011 0.746032
v -0.206349 -0.746032 0.771664
v -0.226090 -0.746032 0.873016
v -0.206349 -0.746032 0.867824
v -0.206349 -0.740348 0.777778
v -0.206349 -0.714286 0.804806
v -0.229004 -0.714286 0.873016
v -0.206349 -0.714286 0.861960
v -0.222578 -0.682540 0.809524
v -0.206349 -0.705759 0.809524
v -0.206349 -0.682540 0.835974
v -0.206349 -0.682540 0.844271
v -0.232870 -0.650794 0.809524
v -0.227118 -0.650794 0.841270
v -0.206349 -0.677863 0.841270
v -0.237087 -0.619048 0.809524
v -0.237151 -0.587302 0.809524
v -0.207078 -0.015873 0.777778
v -0.206349 -0.016890 0.777778
v -0.206349 -0.015873 0.767928
v -0.206349 -0.015873 0.778208
v -0.224602 0.015873 0.746032
v -0.206349 -0.014520 0.746032
v -0.206349 0.015873 0.727706
v -0.220485 0.015873 0.777778
v -0.206349 0.015873 0.785766
v -0.210135 0.047619 0.714286
v -0.206349 0.038108 0.714286
v -0.206349 0.047619 0.711708
v -0.232663 0.047619 0.746032
v -0.219091 0.047619 0.777778
v -0.206349 0.047619 0.784030
v -0.215154 0.079365 0.714286
v -0.206349 0.079365 0.708388
v -0.232830 0.079365 0.746032
v -0.206349 0.068675 0.777778
v -0.206349 0.079365 0.773185
v -0.208340 0.111111 0.714286
v -0.206349 0.111111 0.713063
v -0.215602 0.111111 0.746032
v -0.206349 0.111111 0.751629
v -0.206349 0.113951 0.714286
v -0.206349 0.117494 0.746032
v -0.236117 0.238095 0.873016
v -0.206349 0.224668 0.904762
v -0.206349 0.238095 0.882889
v -0.206349 0.214770 0.936508
v -0.206349 0.214736 0.968254
v -0.206349 0.228581 1.000000
v -0.206349 0.245827 0.873016
v -0.206349 0.269841 0.849205
v -0.206349 0.292853 0.841270
v -0.206349 0.301587 0.837629
v -0.230646 0.333333 0.841270
v -0.206349 0.315350 0.841270
v -0.206349 0.333333 0.845216
v -0.206349 0.365079 0.866401
v -0.206349 0.372557 0.873016
v -0.226487 0.396825 0.904762
v -0.206349 0.396825 0.900970
v -0.206349 0.389688 1.000000
v -0.206349 0.396825 0.987512
v -0.206349 0.399699 0.904762
v -0.206349 0.409724 0.936508
v -0.206349 0.406300 0.968254
v -0.234449 0.714286 0.809524
v -0.206349 0.733179 0.777778
v -0.206349 0.746032 0.765339
v -0.206349 0.734379 0.809524
v -0.206349 0.746032 0.817135
v -0.206349 0.777778 0.751030
v -0.206349 0.777778 0.823831
v -0.206349 0.809524 0.748071
v -0.206349 0.809524 0.819431
v -0.206349 0.841270 0.754729
v -0.206349 0.836221 0.809524
v -0.206349 0.841270 0.805286
v -0.208760 0.873016 0.777778
v -0.206349 0.873016 0.775904
v -0.206349 0.873016 0.779051
v -0.206349 0.875085 0.777778
v -0.236451 1.000000 0.777778
v -0.213700 1.000000 0.809524
v -0.206349 0.995068 0.841270
v -0.206349 1.000000 0.826149
v -0.208698 1.000000 0.873016
v -0.206349 1.000000 0.870614
v -0.174603 -0.953599 0.809524
v -0.174603 -0.936508 0.783292
v -0.174603 -0.959413 0.841270
v -0.174603 -0.942843 0.873016
v -0.174603 -0.936508 0.877467
v -0.174603 -0.932300 0.777778
v -0.174603 -0.904762 0.753170
v -0.174603 -0.904762 0.886661
v -0.174603 -0.893690 0.746032
v -0.174603 -0.873016 0.734287
v -0.174603 -0.873016 0.885884
v -0.174603 -0.841270 0.725250
v -0.174603 -0.841270 0.879882
v -0.174603 -0.809524 0.724651
v -0.191567 -0.809524 0.873016
v -0.174603 -0.813727 0.873016
v -0.174603 -0.809524 0.871379
v -0.174603 -0.777778 0.735382
v -0.174603 -0.777778 0.859002
v -0.174603 -0.764657 0.746032
v -0.174603 -0.746032 0.775545
v -0.174603 -0.746032 0.844787
v -0.174603 -0.744752 0.777778
v -0.200501 -0.714286 0.809524
v -0.174603 -0.733387 0.809524
v -0.189768 -0.714286 0.841270
v -0.174603 -0.738787 0.841270
v -0.203979 -0.682540 0.841270
v -0.204419 -0.015873 0.746032
v -0.174603 -0.031252 0.746032
v -0.174603 -0.015873 0.734291
v -0.174603 -0.045046 0.777778
v -0.174603 -0.015873 0.793311
v -0.189675 0.015873 0.714286
v -0.174603 0.004417 0.714286
v -0.174603 0.015873 0.708010
v -0.174603 0.015873 0.795612
v -0.174603 0.047619 0.696329
v -0.174603 0.047619 0.789095
v -0.174603 0.079365 0.693990
v -0.174603 0.075360 0.777778
v -0.174603 0.079365 0.775813
v -0.174603 0.111111 0.703175
v -0.174603 0.111111 0.753233
v -0.174603 0.129587 0.714286
v -0.174603 0.120292 0.746032
v -0.175061 0.238095 0.904762
v -0.174603 0.227455 0.936508
v -0.174603 0.238095 0.905294
v -0.174603 0.226643 0.968254
v -0.182212 0.238095 1.000000
v -0.174603 0.238095 0.994682
v -0.174603 0.259373 0.873016
v -0.174603 0.269841 0.860383
v -0.174603 0.238289 0.904762
v -0.174603 0.241196 1.000000
v -0.195153 0.301587 0.841270
v -0.174603 0.301587 0.846284
v -0.174603 0.333333 0.853489
v -0.182732 0.365079 0.873016
v -0.174603 0.362725 0.873016
v -0.174603 0.365079 0.874703
v -0.185597 0.396825 0.904762
v -0.174603 0.395662 0.904762
v -0.174603 0.396825 0.907777
v -0.174603 0.378697 1.000000
v -0.174603 0.396825 0.974046
v -0.174603 0.406136 0.936508
v -0.174603 0.400414 0.968254
v -0.174603 0.744906 0.777778
v -0.174603 0.746032 0.776390
v -0.184982 0.746032 0.809524
v -0.174603 0.746032 0.783871
v -0.174603 0.777778 0.755720
v -0.174603 0.754203 0.809524
v -0.174603 0.777778 0.819836
v -0.174603 0.809524 0.749077
v -0.174603 0.809524 0.823686
v -0.174603 0.841270 0.749266
v -0.200821 0.841270 0.809524
v -0.174603 0.841270 0.819839
v -0.174603 0.873016 0.755638
v -0.175221 0.873016 0.809524
v -0.174603 0.873016 0.809912
v -0.174839 0.904762 0.777778
v -0.174603 0.904762 0.777563
v -0.174603 0.874017 0.809524
v -0.174603 0.904762 0.778010
v -0.174603 0.904948 0.777778
v -0.191471 1.000000 0.841270
v -0.142857 -0.946162 0.809524
v -0.142857 -0.936508 0.792684
v -0.142857 -0.949468 0.841270
v -0.161098 -0.936508 0.873016
v -0.142857 -0.936508 0.861854
v -0.142857 -0.927096 0.777778
v -0.142857 -0.904762 0.755120
v -0.142857 -0.922643 0.873016
v -0.142857 -0.904762 0.878628
v -0.142857 -0.891642 0.746032
v -0.142857 -0.873016 0.735140
v -0.142857 -0.873016 0.880729
v -0.142857 -0.841270 0.727481
v -0.142857 -0.841270 0.876758
v -0.142857 -0.809524 0.729209
v -0.142857 -0.827033 0.873016
v -0.142857 -0.809524 0.865740
v -0.142857 -0.777778 0.741847
v -0.142857 -0.777778 0.847878
v -0.142857 -0.772244 0.746032
v -0.170014 -0.746032 0.777778
v -0.142857 -0.752243 0.777778
v -0.153594 -0.746032 0.809524
v -0.142857 -0.750214 0.809524
v -0.170095 -0.746032 0.841270
v -0.142857 -0.767115 0.841270
v -0.162116 -0.111111 0.809524
v -0.142857 -0.122085 0.809524
v -0.142857 -0.111111 0.801148
v -0.157219 -0.111111 0.841270
v -0.142857 -0.130013 0.841270
v -0.142857 -0.111111 0.871493
v -0.143916 -0.079365 0.777778
v -0.142857 -0.080010 0.777778
v -0.142857 -0.079365 0.777476
v -0.160656 -0.079365 0.809524
v -0.151903 -0.079365 0.841270
v -0.142857 -0.079365 0.863130
v -0.172133 -0.047619 0.777778
v -0.142857 -0.047619 0.757091
v -0.156542 -0.047619 0.809524
v -0.142857 -0.054973 0.841270
v -0.142857 -0.047619 0.833850
v -0.142857 -0.039801 0.746032
v -0.142857 -0.015873 0.728228
v -0.144670 -0.015873 0.809524
v -0.142857 -0.015873 0.810553
v -0.142857 -0.001472 0.714286
v -0.142857 0.015873 0.704133
v -0.142857 -0.014540 0.809524
v -0.142857 0.015873 0.794718
v -0.142857 0.047619 0.692415
v -0.142857 0.047619 0.780781
v -0.142857 0.079365 0.691687
v -0.142857 0.053208 0.777778
v -0.142857 0.079365 0.763294
v -0.142857 0.111111 0.703860
v -0.147796 0.111111 0.746032
v -0.142857 0.108962 0.746032
v -0.142857 0.111111 0.742352
v -0.142857 0.128753 0.714286
v -0.157365 0.238095 0.936508
v -0.157196 0.238095 0.968254
v -0.152575 0.269841 0.873016
v -0.142857 0.255419 0.904762
v -0.142857 0.269841 0.879218
v -0.142857 0.246460 0.936508
v -0.142857 0.247456 0.968254
v -0.142857 0.269104 1.000000
v -0.142857 0.276331 0.873016
v -0.142857 0.301587 0.854113
v -0.142857 0.333333 0.857206
v -0.142857 0.362364 0.873016
v -0.142857 0.365079 0.874558
v -0.146085 0.365079 1.000000
v -0.142857 0.362313 1.000000
v -0.142857 0.365079 0.998402
v -0.143549 0.396825 0.904762
v -0.142857 0.396825 0.904730
v -0.153736 0.396825 0.968254
v -0.142857 0.394680 0.968254
v -0.142857 0.396825 0.961713
v -0.142857 0.396851 0.904762
v -0.142857 0.404983 0.936508
v -0.170961 0.746032 0.777778
v -0.142857 0.759135 0.777778
v -0.142857 0.777778 0.763931
v -0.142857 0.769908 0.809524
v -0.142857 0.777778 0.814297
v -0.142857 0.809524 0.754879
v -0.142857 0.809524 0.827587
v -0.142857 0.841270 0.751815
v -0.142857 0.841270 0.836198
v -0.142857 0.873016 0.750636
v -0.142857 0.873016 0.838989
v -0.142857 0.904762 0.754899
v -0.160085 0.904762 0.809524
v -0.142857 0.904762 0.832783
v -0.142857 0.935910 0.777778
v -0.144596 0.936508 0.809524
v -0.142857 0.936508 0.783933
v -0.142857 0.936508 0.812717
v -0.142857 0.939135 0.809524
v -0.120704 -0.936508 0.809524
v -0.118240 -0.936508 0.841270
v -0.111111 -0.914373 0.777778
v -0.111111 -0.904762 0.766832
v -0.111111 -0.931344 0.809524
v -0.111111 -0.931501 0.841270
v -0.126656 -0.904762 0.873016
v -0.111111 -0.904762 0.863410
v -0.111111 -0.876699 0.746032
v -0.111111 -0.873016 0.743923
v -0.115243 -0.873016 0.873016
v -0.111111 -0.873016 0.871139
v -0.111111 -0.841270 0.738032
v -0.126179 -0.841270 0.873016
v -0.111111 -0.841270 0.867778
v -0.111111 -0.809524 0.742665
v -0.111111 -0.809524 0.855619
v -0.135028 -0.777778 0.746032
v -0.111111 -0.801593 0.746032
v -0.111111 -0.777778 0.764511
v -0.126201 -0.777778 0.841270
v -0.111111 -0.786158 0.841270
v -0.111111 -0.777778 0.828582
v -0.111111 -0.768259 0.777778
v -0.111111 -0.766382 0.809524
v -0.120776 -0.111111 0.809524
v -0.111111 -0.125218 0.841270
v -0.111111 -0.111111 0.814478
v -0.141667 -0.111111 0.873016
v -0.111111 -0.123995 0.873016
v -0.111111 -0.111111 0.901099
v -0.141211 -0.079365 0.777778
v -0.111111 -0.106950 0.809524
v -0.111111 -0.079365 0.786264
v -0.137522 -0.079365 0.873016
v -0.117597 -0.079365 0.904762
v -0.111111 -0.104838 0.904762
v -0.111111 -0.079365 0.916336
v -0.111111 -0.070008 0.777778
v -0.111111 -0.047619 0.760452
v -0.137785 -0.047619 0.841270
v -0.117447 -0.047619 0.873016
v -0.111111 -0.064625 0.904762
v -0.111111 -0.047619 0.885472
v -0.111111 -0.033286 0.746032
v -0.111111 -0.015873 0.734775
v -0.111111 -0.032342 0.841270
v -0.111111 -0.015873 0.813281
v -0.111111 -0.043166 0.873016
v -0.111111 0.012743 0.714286
v -0.111111 0.015873 0.712868
v -0.111111 -0.013945 0.809524
v -0.111111 0.015873 0.780325
v -0.111111 0.047619 0.706005
v -0.137887 0.047619 0.777778
v -0.111111 0.019056 0.777778
v -0.111111 0.047619 0.758438
v -0.111111 0.079365 0.706889
v -0.112809 0.079365 0.746032
v -0.111111 0.076711 0.746032
v -0.111111 0.079365 0.742442
v -0.111951 0.111111 0.714286
v -0.111111 0.110069 0.714286
v -0.111901 0.269841 0.904762
v -0.111111 0.264182 0.936508
v -0.111111 0.269841 0.906474
v -0.111130 0.269841 0.968254
v -0.111111 0.269841 0.968192
v -0.142185 0.269841 1.000000
v -0.111111 0.290670 0.873016
v -0.111111 0.301587 0.862465
v -0.111111 0.270248 0.904762
v -0.111111 0.269859 0.968254
v -0.123221 0.301587 1.000000
v -0.111111 0.301587 0.990734
v -0.111111 0.333333 0.859304
v -0.121061 0.333333 1.000000
v -0.111111 0.333333 0.993893
v -0.130599 0.365079 0.873016
v -0.111111 0.365079 0.870729
v -0.111111 0.365079 0.983124
v -0.111111 0.368698 0.873016
v -0.111111 0.396825 0.898635
v -0.111111 0.387491 0.968254
v -0.111111 0.396825 0.953437
v -0.111111 0.401675 0.904762
v -0.111111 0.406154 0.936508
v -0.111111 0.771018 0.777778
v -0.111111 0.777778 0.772487
v -0.115804 0.777778 0.809524
v -0.111111 0.777778 0.803510
v -0.111111 0.809524 0.760222
v -0.111111 0.779271 0.809524
v -0.111111 0.809524 0.831603
v -0.111111 0.841270 0.755742
v -0.134432 0.841270 0.841270
v -0.111111 0.821881 0.841270
v -0.111111 0.841270 0.850720
v -0.111111 0.873016 0.753457
v -0.140912 0.873016 0.841270
v -0.111111 0.873016 0.865130
v -0.111111 0.904762 0.753388
v -0.138161 0.904762 0.841270
v -0.112420 0.904762 0.873016
v -0.111111 0.899634 0.873016
v -0.111111 0.904762 0.874164
v -0.142176 0.936508 0.777778
v -0.111111 0.936508 0.762990
v -0.132686 0.936508 0.841270
v -0.112675 0.936508 0.873016
v -0.111111 0.936508 0.874493
v -0.111111 0.953263 0.777778
v -0.118970 0.968254 0.809524
v -0.111111 0.968254 0.800925
v -0.124637 0.968254 0.841270
v -0.111111 0.950521 0.873016
v -0.111111 0.968254 0.866744
v -0.111111 0.973944 0.809524
v -0.111111 0.990350 0.841270
v -0.096251 -0.904762 0.777778
v -0.079365 -0.908549 0.809524
v -0.079365 -0.904762 0.802546
v -0.080874 -0.904762 0.841270
v -0.079365 -0.904762 0.833225
v -0.107314 -0.873016 0.746032
v -0.079365 -0.887458 0.777778
v -0.079365 -0.873016 0.766964
v -0.079365 -0.902223 0.841270
v -0.079365 -0.873016 0.852205
v -0.097884 -0.841270 0.746032
v -0.079365 -0.841270 0.761322
v -0.079365 -0.841270 0.851144
v -0.106353 -0.809524 0.746032
v -0.079365 -0.809524 0.772734
v -0.082294 -0.809524 0.841270
v -0.079365 -0.814033 0.841270
v -0.079365 -0.809524 0.836683
v -0.100592 -0.777778 0.777778
v -0.079365 -0.803250 0.777778
v -0.095656 -0.777778 0.809524
v -0.079365 -0.793189 0.809524
v -0.095271 -0.555556 0.714286
v -0.079365 -0.573260 0.714286
v -0.079365 -0.555556 0.709535
v -0.104241 -0.555556 0.746032
v -0.079365 -0.586505 0.746032
v -0.079365 -0.555556 0.764208
v -0.079365 -0.546235 0.714286
v -0.079365 -0.526743 0.746032
v -0.079592 -0.396825 0.841270
v -0.079365 -0.398022 0.841270
v -0.079365 -0.396825 0.818401
v -0.079365 -0.396825 0.841808
v -0.079365 -0.394783 0.841270
v -0.090625 -0.111111 0.841270
v -0.082982 -0.111111 0.873016
v -0.091307 -0.079365 0.809524
v -0.079365 -0.098093 0.841270
v -0.079365 -0.079365 0.824861
v -0.079365 -0.107922 0.873016
v -0.079365 -0.087436 0.904762
v -0.079365 -0.079365 0.912091
v -0.096009 -0.047619 0.777778
v -0.079365 -0.050264 0.809524
v -0.079365 -0.047619 0.807813
v -0.079365 -0.061544 0.904762
v -0.079365 -0.047619 0.892616
v -0.097227 -0.015873 0.746032
v -0.087859 -0.015873 0.777778
v -0.106993 -0.015873 0.809524
v -0.079365 -0.045737 0.809524
v -0.079365 -0.040465 0.841270
v -0.079365 -0.043139 0.873016
v -0.109055 0.015873 0.714286
v -0.089261 0.015873 0.746032
v -0.107919 0.015873 0.777778
v -0.100663 0.047619 0.714286
v -0.097414 0.047619 0.746032
v -0.101670 0.079365 0.714286
v -0.098316 0.269841 0.936508
v -0.085648 0.301587 0.873016
v -0.079365 0.284295 0.904762
v -0.079365 0.301587 0.876456
v -0.079365 0.281427 0.936508
v -0.079365 0.300474 0.968254
v -0.079365 0.301587 0.968882
v -0.079365 0.312815 0.873016
v -0.079365 0.333333 0.869460
v -0.079365 0.333333 0.974420
v -0.101980 0.365079 0.873016
v -0.079365 0.346187 0.873016
v -0.079365 0.365079 0.880391
v -0.079365 0.365079 0.968774
v -0.084170 0.396825 0.904762
v -0.079365 0.395589 0.904762
v -0.079365 0.396825 0.911494
v -0.079365 0.366348 0.968254
v -0.079365 0.396825 0.940619
v -0.079365 0.400448 0.936508
v -0.092672 0.777778 0.777778
v -0.079365 0.783508 0.777778
v -0.079365 0.809524 0.764996
v -0.079365 0.785114 0.809524
v -0.079365 0.809524 0.838538
v -0.079365 0.841270 0.759734
v -0.079365 0.811439 0.841270
v -0.079365 0.841270 0.865881
v -0.079365 0.873016 0.758806
v -0.102073 0.873016 0.873016
v -0.079365 0.849212 0.873016
v -0.079365 0.873016 0.887239
v -0.079365 0.904762 0.760109
v -0.079365 0.904762 0.900076
v -0.079365 0.936508 0.766751
v -0.079365 0.936508 0.901343
v -0.079365 0.954914 0.777778
v -0.079365 0.968254 0.790646
v -0.107479 0.968254 0.873016
v -0.079365 0.968254 0.890057
v -0.079365 0.982250 0.809524
v -0.079365 0.998084 0.841270
v -0.079365 0.994636 0.873016
v -0.074396 -0.904762 0.809524
v -0.067535 -0.873016 0.777778
v -0.050323 -0.873016 0.809524
v -0.059448 -0.873016 0.841270
v -0.062268 -0.841270 0.777778
v -0.047619 -0.844070 0.809524
v -0.047619 -0.841270 0.809024
v -0.059224 -0.841270 0.841270
v -0.047619 -0.841270 0.810396
v -0.074671 -0.809524 0.777778
v -0.062958 -0.809524 0.809524
v -0.047619 -0.840716 0.809524
v -0.077725 -0.587302 0.746032
v -0.047619 -0.592401 0.746032
v -0.047619 -0.587302 0.728887
v -0.047619 -0.587302 0.752732
v -0.047619 -0.573215 0.714286
v -0.047619 -0.555556 0.710228
v -0.047619 -0.555556 0.774254
v -0.047619 -0.544266 0.714286
v -0.076032 -0.523810 0.746032
v -0.047619 -0.523810 0.730567
v -0.055711 -0.523810 0.777778
v -0.047619 -0.542793 0.777778
v -0.047619 -0.523810 0.781433
v -0.047619 -0.505511 0.746032
v -0.054855 -0.492063 0.777778
v -0.047619 -0.492063 0.764507
v -0.047619 -0.492063 0.796897
v -0.057086 -0.460317 0.777778
v -0.047619 -0.460317 0.768560
v -0.064650 -0.460317 0.809524
v -0.047619 -0.487171 0.809524
v -0.051600 -0.460317 0.841270
v -0.047619 -0.464010 0.841270
v -0.047619 -0.460317 0.844792
v -0.059236 -0.428571 0.777778
v -0.047619 -0.428571 0.769831
v -0.075544 -0.428571 0.809524
v -0.071434 -0.428571 0.841270
v -0.047619 -0.428571 0.869968
v -0.053836 -0.396825 0.777778
v -0.047619 -0.396825 0.774810
v -0.079232 -0.396825 0.809524
v -0.056255 -0.396825 0.873016
v -0.047619 -0.419901 0.873016
v -0.047619 -0.396825 0.878111
v -0.047619 -0.388068 0.777778
v -0.068754 -0.365079 0.809524
v -0.047619 -0.365079 0.791782
v -0.073164 -0.365079 0.841270
v -0.047619 -0.366093 0.873016
v -0.047619 -0.365079 0.872641
v -0.047619 -0.344381 0.809524
v -0.047619 -0.337004 0.841270
v -0.068320 -0.079365 0.841270
v -0.063329 -0.079365 0.873016
v -0.075318 -0.079365 0.904762
v -0.078639 -0.047619 0.809524
v -0.071318 -0.047619 0.841270
v -0.072176 -0.047619 0.873016
v -0.052308 0.301587 0.904762
v -0.053097 0.301587 0.936508
v -0.078323 0.301587 0.968254
v -0.073955 0.333333 0.873016
v -0.047619 0.320635 0.904762
v -0.047619 0.333333 0.901698
v -0.047619 0.320215 0.936508
v -0.069054 0.333333 0.968254
v -0.047619 0.333333 0.940748
v -0.055086 0.365079 0.904762
v -0.047619 0.341532 0.904762
v -0.050527 0.365079 0.936508
v -0.047619 0.351116 0.936508
v -0.078325 0.365079 0.968254
v -0.074024 0.396825 0.936508
v -0.055045 0.682540 0.555556
v -0.047619 0.662602 0.555556
v -0.047619 0.682540 0.538310
v -0.061108 0.682540 0.587302
v -0.047619 0.663930 0.587302
v -0.055599 0.682540 0.619048
v -0.047619 0.676384 0.619048
v -0.047619 0.682540 0.627099
v -0.047619 0.702528 0.555556
v -0.047790 0.714286 0.587302
v -0.047619 0.714286 0.586269
v -0.047619 0.690263 0.619048
v -0.047619 0.714286 0.587894
v -0.047619 0.714419 0.587302
v -0.047619 0.797444 0.777778
v -0.047619 0.809524 0.771395
v -0.047619 0.788779 0.809524
v -0.072378 0.809524 0.841270
v -0.047619 0.803547 0.841270
v -0.047619 0.809524 0.847335
v -0.047619 0.841270 0.765821
v -0.067188 0.841270 0.873016
v -0.047619 0.830922 0.873016
v -0.047619 0.841270 0.880705
v -0.047619 0.873016 0.767005
v -0.047619 0.873016 0.904176
v -0.047619 0.904762 0.771069
v -0.071315 0.904762 0.904762
v -0.047619 0.874298 0.904762
v -0.047619 0.904762 0.913122
v -0.051540 0.936508 0.777778
v -0.047619 0.931298 0.777778
v -0.047619 0.936508 0.779482
v -0.072765 0.936508 0.904762
v -0.047619 0.936508 0.912435
v -0.047619 0.968254 0.802231
v -0.047619 0.960352 0.904762
v -0.047619 0.968254 0.899205
v -0.047619 0.974815 0.809524
v -0.047619 0.991370 0.841270
v -0.047619 0.991656 0.873016
v -0.047224 -0.841270 0.809524
v -0.025696 -0.587302 0.746032
v -0.015873 -0.556251 0.714286
v -0.015873 -0.555556 0.714071
v -0.015873 -0.583076 0.746032
v -0.015873 -0.555556 0.769326
v -0.015873 -0.554245 0.714286
v -0.015873 -0.523810 0.724003
v -0.015873 -0.543399 0.777778
v -0.015873 -0.523810 0.786489
v -0.031155 -0.492063 0.746032
v -0.015873 -0.492063 0.739902
v -0.039064 -0.492063 0.809524
v -0.015873 -0.500888 0.809524
v -0.015873 -0.492063 0.818188
v -0.015873 -0.476727 0.746032
v -0.015873 -0.460317 0.752695
v -0.015873 -0.474230 0.841270
v -0.015873 -0.460317 0.854865
v -0.015873 -0.428571 0.763004
v -0.035569 -0.428571 0.873016
v -0.015873 -0.433763 0.873016
v -0.015873 -0.428571 0.875623
v -0.015873 -0.396825 0.774479
v -0.015873 -0.396825 0.877992
v -0.015873 -0.389873 0.777778
v -0.015873 -0.365079 0.798674
v -0.015873 -0.380416 0.873016
v -0.015873 -0.365079 0.862651
v -0.015873 -0.353050 0.809524
v -0.015873 -0.347353 0.841270
v -0.045048 0.333333 0.904762
v -0.043890 0.333333 0.936508
v -0.033597 0.682540 0.523810
v -0.015873 0.664823 0.523810
v -0.015873 0.682540 0.511968
v -0.015873 0.656542 0.555556
v -0.015873 0.664081 0.587302
v -0.015873 0.677060 0.619048
v -0.015873 0.682540 0.629620
v -0.015873 0.700525 0.523810
v -0.037129 0.714286 0.555556
v -0.015873 0.714286 0.536683
v -0.015873 0.698075 0.619048
v -0.015873 0.714286 0.609946
v -0.015873 0.722091 0.555556
v -0.015873 0.721903 0.587302
v -0.029380 0.809524 0.777778
v -0.015873 0.794030 0.809524
v -0.015873 0.809524 0.786952
v -0.015873 0.797384 0.841270
v -0.015873 0.809524 0.858914
v -0.015873 0.839146 0.777778
v -0.015873 0.841270 0.777492
v -0.015873 0.818545 0.873016
v -0.015873 0.841270 0.889159
v -0.023215 0.873016 0.777778
v -0.015873 0.843398 0.777778
v -0.015873 0.873016 0.781922
v -0.044434 0.873016 0.904762
v -0.015873 0.865327 0.904762
v -0.015873 0.873016 0.907550
v -0.035155 0.904762 0.777778
v -0.015873 0.904762 0.789953
v -0.015873 0.904762 0.913036
v -0.015873 0.936508 0.801942
v -0.015873 0.936508 0.910327
v -0.037677 0.968254 0.809524
v -0.015873 0.948370 0.809524
v -0.015873 0.968254 0.830730
v -0.015873 0.951891 0.904762
v -0.015873 0.968254 0.888938
v -0.015873 0.975310 0.841270
v -0.015873 0.979006 0.873016
v -0.014866 -0.555556 0.714286
v 0.015622 -0.555556 0.746032
v 0.015873 -0.554985 0.746032
v 0.015873 -0.523810 0.732579
v 0.004603 -0.523810 0.777778
v 0.015873 -0.523810 0.764286
v 0.015873 -0.492063 0.743016
v 0.015873 -0.512864 0.777778
v 0.003210 -0.492063 0.809524
v 0.015873 -0.492063 0.797068
v 0.015873 -0.486952 0.746032
v 0.015873 -0.460317 0.760799
v 0.015873 -0.484420 0.809524
v 0.010367 -0.460317 0.841270
v 0.015873 -0.460317 0.835794
v 0.015873 -0.428571 0.774734
v 0.015873 -0.452739 0.841270
v -0.010826 -0.428571 0.873016
v 0.015873 -0.428571 0.851632
v -0.008957 -0.396825 0.777778
v 0.015873 -0.423551 0.777778
v 0.015873 -0.396825 0.803713
v -0.008347 -0.396825 0.873016
v 0.015873 -0.396825 0.844021
v -0.005968 -0.365079 0.809524
v 0.015873 -0.391600 0.809524
v -0.003022 -0.365079 0.841270
v 0.015873 -0.393739 0.841270
v 0.003357 0.682540 0.523810
v 0.015873 0.677199 0.555556
v 0.015873 0.682540 0.539724
v 0.015873 0.676067 0.587302
v 0.015873 0.677541 0.619048
v 0.008896 0.682540 0.650794
v 0.015873 0.677753 0.650794
v 0.015873 0.682540 0.657319
v 0.015873 0.714286 0.551938
v 0.015873 0.704454 0.619048
v 0.015873 0.714286 0.608925
v 0.015873 0.688024 0.650794
v 0.015873 0.715690 0.555556
v 0.015873 0.717550 0.587302
v 0.015873 0.806781 0.809524
v 0.015873 0.809524 0.807244
v 0.015873 0.794789 0.841270
v 0.015873 0.809524 0.872175
v -0.015386 0.841270 0.777778
v 0.015873 0.841270 0.800291
v 0.015873 0.809959 0.873016
v 0.015873 0.841270 0.889760
v 0.015873 0.873016 0.805384
v 0.003323 0.873016 0.904762
v 0.015873 0.873016 0.901103
v 0.008401 0.904762 0.809524
v 0.015873 0.884882 0.809524
v 0.015873 0.904762 0.817082
v 0.011659 0.904762 0.904762
v 0.015873 0.904762 0.902006
v -0.007172 0.936508 0.809524
v 0.015873 0.936508 0.835965
v -0.002644 0.936508 0.904762
v 0.015873 0.936508 0.887253
v -0.007514 0.968254 0.841270
v 0.015873 0.942401 0.841270
v -0.002312 0.968254 0.873016
v 0.015873 0.950549 0.873016
v 0.045555 -0.841270 0.841270
v 0.047619 -0.844968 0.841270
v 0.047619 -0.841270 0.840540
v 0.032146 -0.841270 0.873016
v 0.047619 -0.871072 0.873016
v 0.047619 -0.841270 0.894037
v 0.047619 -0.831061 0.841270
v 0.032633 -0.809524 0.873016
v 0.047619 -0.809524 0.844590
v 0.047619 -0.809524 0.898492
v 0.046638 -0.777778 0.873016
v 0.047619 -0.777778 0.870823
v 0.047619 -0.777778 0.874774
v 0.047619 -0.776510 0.873016
v 0.023321 -0.523810 0.746032
v 0.018721 -0.492063 0.746032
v 0.023760 -0.492063 0.777778
v 0.027073 -0.460317 0.777778
v 0.027662 -0.460317 0.809524
v 0.018922 -0.428571 0.777778
v 0.029011 -0.428571 0.809524
v 0.022286 -0.428571 0.841270
v 0.018761 -0.396825 0.809524
v 0.017190 -0.396825 0.841270
v 0.044378 -0.111111 0.777778
v 0.047619 -0.116098 0.777778
v 0.047619 -0.111111 0.772142
v 0.034291 -0.111111 0.809524
v 0.047619 -0.133054 0.809524
v 0.047619 -0.111111 0.830025
v 0.042737 -0.079365 0.746032
v 0.047619 -0.088245 0.746032
v 0.047619 -0.079365 0.735742
v 0.032673 -0.079365 0.777778
v 0.031727 -0.079365 0.809524
v 0.047619 -0.079365 0.826669
v 0.044536 -0.047619 0.714286
v 0.047619 -0.054988 0.714286
v 0.047619 -0.047619 0.709576
v 0.033053 -0.047619 0.746032
v 0.030059 -0.047619 0.777778
v 0.041793 -0.047619 0.809524
v 0.047619 -0.047619 0.813949
v 0.041578 -0.015873 0.714286
v 0.047619 -0.015873 0.705511
v 0.032331 -0.015873 0.746032
v 0.037272 -0.015873 0.777778
v 0.047619 -0.040136 0.809524
v 0.047619 -0.015873 0.790629
v 0.047619 0.005878 0.714286
v 0.043475 0.015873 0.746032
v 0.047619 0.015873 0.728970
v 0.047619 0.000775 0.777778
v 0.047619 0.015873 0.755566
v 0.047619 0.021196 0.746032
v 0.044749 0.650794 0.682540
v 0.047619 0.649207 0.682540
v 0.047619 0.650794 0.660703
v 0.047619 0.650794 0.683555
v 0.023169 0.682540 0.555556
v 0.032979 0.682540 0.587302
v 0.047619 0.674459 0.619048
v 0.047619 0.682540 0.600927
v 0.047619 0.651597 0.650794
v 0.031431 0.682540 0.682540
v 0.047619 0.682540 0.689791
v 0.018939 0.714286 0.555556
v 0.029654 0.714286 0.587302
v 0.027221 0.714286 0.619048
v 0.047619 0.714286 0.606595
v 0.034330 0.714286 0.650794
v 0.047619 0.703953 0.682540
v 0.047619 0.714286 0.671105
v 0.047619 0.717079 0.619048
v 0.047619 0.720173 0.650794
v 0.019873 0.809524 0.809524
v 0.047619 0.796500 0.841270
v 0.047619 0.809524 0.827896
v 0.022663 0.809524 0.873016
v 0.047619 0.808014 0.873016
v 0.047619 0.809524 0.873816
v 0.028514 0.841270 0.809524
v 0.047619 0.841270 0.824559
v 0.047619 0.841270 0.883915
v 0.020926 0.873016 0.809524
v 0.047619 0.873016 0.833756
v 0.047619 0.873016 0.884167
v 0.038672 0.904762 0.841270
v 0.047619 0.886913 0.841270
v 0.046386 0.904762 0.873016
v 0.047619 0.902082 0.873016
v 0.020220 0.936508 0.841270
v 0.026572 0.936508 0.873016
v 0.064309 -0.873016 0.841270
v 0.079365 -0.890653 0.841270
v 0.079365 -0.873016 0.835199
v 0.049258 -0.873016 0.873016
v 0.079365 -0.895074 0.873016
v 0.079365 -0.873016 0.901210
v 0.079365 -0.841270 0.834700
v 0.056253 -0.841270 0.904762
v 0.079365 -0.869858 0.904762
v 0.079365 -0.841270 0.915697
v 0.056293 -0.809524 0.841270
v 0.079365 -0.809524 0.838363
v 0.051733 -0.809524 0.904762
v 0.079365 -0.809524 0.919967
v 0.079365 -0.796471 0.841270
v 0.079365 -0.777778 0.849378
v 0.066207 -0.777778 0.904762
v 0.079365 -0.777778 0.912571
v 0.079365 -0.752457 0.873016
v 0.079365 -0.763870 0.904762
v 0.067819 -0.142857 0.777778
v 0.079365 -0.153206 0.777778
v 0.079365 -0.142857 0.756413
v 0.055957 -0.142857 0.809524
v 0.079365 -0.155915 0.809524
v 0.079365 -0.142857 0.833064
v 0.078058 -0.111111 0.714286
v 0.079365 -0.112877 0.714286
v 0.079365 -0.111111 0.712566
v 0.059950 -0.111111 0.746032
v 0.079365 -0.137472 0.746032
v 0.059144 -0.111111 0.841270
v 0.079365 -0.132940 0.841270
v 0.079365 -0.111111 0.847781
v 0.057625 -0.079365 0.714286
v 0.079365 -0.079365 0.685818
v 0.066974 -0.079365 0.841270
v 0.079365 -0.079365 0.845518
v 0.066825 -0.047619 0.682540
v 0.079365 -0.073621 0.682540
v 0.079365 -0.047619 0.672301
v 0.079365 -0.065776 0.841270
v 0.079365 -0.047619 0.834459
v 0.063367 -0.015873 0.682540
v 0.079365 -0.015873 0.668449
v 0.063363 -0.015873 0.809524
v 0.079365 -0.015873 0.818801
v 0.071261 0.015873 0.682540
v 0.079365 0.015873 0.674680
v 0.050424 0.015873 0.714286
v 0.056499 0.015873 0.777778
v 0.079365 0.001375 0.809524
v 0.079365 0.015873 0.798421
v 0.079365 0.030175 0.682540
v 0.071533 0.047619 0.714286
v 0.079365 0.047619 0.701461
v 0.068096 0.047619 0.746032
v 0.079365 0.041271 0.777778
v 0.079365 0.047619 0.766527
v 0.079365 0.055495 0.714286
v 0.079365 0.057541 0.746032
v 0.049266 0.650794 0.650794
v 0.079365 0.643239 0.650794
v 0.079365 0.650794 0.641773
v 0.079365 0.638778 0.682540
v 0.079365 0.650794 0.689183
v 0.079365 0.675330 0.619048
v 0.079365 0.682540 0.611940
v 0.079365 0.682540 0.694388
v 0.079365 0.714286 0.618140
v 0.063385 0.714286 0.682540
v 0.079365 0.714286 0.686592
v 0.079365 0.714804 0.619048
v 0.079365 0.725698 0.650794
v 0.079365 0.718681 0.682540
v 0.079365 0.800592 0.841270
v 0.079365 0.809524 0.837518
v 0.058670 0.809524 0.873016
v 0.079365 0.809524 0.857329
v 0.078232 0.841270 0.841270
v 0.079365 0.835463 0.841270
v 0.079365 0.824524 0.873016
v 0.079365 0.841270 0.846677
v 0.079365 0.841270 0.874867
v 0.058279 0.873016 0.841270
v 0.067804 0.873016 0.873016
v 0.079365 0.848846 0.873016
v 0.104819 -0.904762 0.841270
v 0.111111 -0.907014 0.841270
v 0.111111 -0.904762 0.838661
v 0.111111 -0.904762 0.857654
v 0.111111 -0.873016 0.831022
v 0.111111 -0.903418 0.873016
v 0.089052 -0.873016 0.904762
v 0.111111 -0.877545 0.904762
v 0.111111 -0.873016 0.907327
v 0.111111 -0.841270 0.833400
v 0.111111 -0.841270 0.920161
v 0.111111 -0.809524 0.837946
v 0.111111 -0.809524 0.925631
v 0.111111 -0.793690 0.841270
v 0.111111 -0.777778 0.847190
v 0.111111 -0.777778 0.919090
v 0.102400 -0.746032 0.873016
v 0.111111 -0.746032 0.870416
v 0.111111 -0.752917 0.904762
v 0.111111 -0.746032 0.880668
v 0.111111 -0.743968 0.873016
v 0.107487 -0.142857 0.714286
v 0.111111 -0.146746 0.714286
v 0.111111 -0.142857 0.710993
v 0.084859 -0.142857 0.746032
v 0.111111 -0.166769 0.746032
v 0.111111 -0.172209 0.777778
v 0.111111 -0.166283 0.809524
v 0.101516 -0.142857 0.841270
v 0.111111 -0.144894 0.841270
v 0.111111 -0.142857 0.842829
v 0.111111 -0.111111 0.685651
v 0.111111 -0.111111 0.855277
v 0.083490 -0.079365 0.682540
v 0.111111 -0.106572 0.682540
v 0.111111 -0.079365 0.669510
v 0.111111 -0.079365 0.853794
v 0.111111 -0.047619 0.657778
v 0.097145 -0.047619 0.841270
v 0.111111 -0.047619 0.845117
v 0.111111 -0.015873 0.650805
v 0.111111 -0.037447 0.841270
v 0.111111 -0.015873 0.832031
v 0.111111 0.015873 0.651777
v 0.094294 0.015873 0.809524
v 0.111111 0.015873 0.817814
v 0.091456 0.047619 0.682540
v 0.111111 0.047619 0.665098
v 0.086328 0.047619 0.777778
v 0.111111 0.033823 0.809524
v 0.111111 0.047619 0.798618
v 0.111111 0.068432 0.682540
v 0.107486 0.079365 0.714286
v 0.111111 0.079365 0.706772
v 0.108922 0.079365 0.746032
v 0.111111 0.068852 0.777778
v 0.111111 0.079365 0.750607
v 0.111111 0.082255 0.714286
v 0.111111 0.080961 0.746032
v 0.111111 0.648239 0.650794
v 0.111111 0.650794 0.649103
v 0.102166 0.650794 0.682540
v 0.111111 0.650794 0.661306
v 0.088626 0.682540 0.619048
v 0.111111 0.682540 0.643376
v 0.104020 0.682540 0.682540
v 0.111111 0.682540 0.667149
v 0.080050 0.714286 0.619048
v 0.096694 0.714286 0.650794
v 0.111111 0.691843 0.650794
v 0.085788 0.714286 0.682540
v 0.101783 0.777778 0.841270
v 0.111111 0.766428 0.841270
v 0.111111 0.777778 0.830058
v 0.111111 0.777778 0.846267
v 0.111111 0.809524 0.838499
v 0.111111 0.809524 0.845915
v 0.111111 0.813421 0.841270
v 0.085685 0.841270 0.873016
v 0.118008 -0.904762 0.841270
v 0.142857 -0.894923 0.841270
v 0.142857 -0.873016 0.832659
v 0.142857 -0.899152 0.873016
v 0.142857 -0.874914 0.904762
v 0.142857 -0.873016 0.905868
v 0.142857 -0.841270 0.832460
v 0.142857 -0.841270 0.917565
v 0.142857 -0.809524 0.836435
v 0.142857 -0.809524 0.921995
v 0.142857 -0.787144 0.841270
v 0.142857 -0.777778 0.845051
v 0.142857 -0.777778 0.916414
v 0.142857 -0.746032 0.867602
v 0.142857 -0.754665 0.904762
v 0.142857 -0.746032 0.883698
v 0.142857 -0.741562 0.873016
v 0.126474 -0.174603 0.746032
v 0.142857 -0.186754 0.746032
v 0.142857 -0.174603 0.729887
v 0.117927 -0.174603 0.777778
v 0.142857 -0.186992 0.777778
v 0.142857 -0.174603 0.804974
v 0.142857 -0.163744 0.714286
v 0.142857 -0.142857 0.701264
v 0.142857 -0.172869 0.809524
v 0.142857 -0.147218 0.841270
v 0.142857 -0.142857 0.844627
v 0.137515 -0.111111 0.682540
v 0.142857 -0.112093 0.682540
v 0.142857 -0.111111 0.682142
v 0.142857 -0.111111 0.859177
v 0.142857 -0.079365 0.669545
v 0.142857 -0.079365 0.859222
v 0.142857 -0.047619 0.657961
v 0.142857 -0.047619 0.850929
v 0.111253 -0.015873 0.650794
v 0.142857 -0.023223 0.650794
v 0.142857 -0.015873 0.648921
v 0.142857 -0.017934 0.841270
v 0.142857 -0.015873 0.840518
v 0.115529 0.015873 0.650794
v 0.142857 0.015873 0.646432
v 0.142857 0.015873 0.829465
v 0.142857 0.041017 0.650794
v 0.142857 0.047619 0.652606
v 0.126617 0.047619 0.809524
v 0.142857 0.047619 0.819022
v 0.129415 0.079365 0.682540
v 0.142857 0.079365 0.674913
v 0.127534 0.079365 0.777778
v 0.142857 0.069110 0.809524
v 0.142857 0.079365 0.798048
v 0.142857 0.087048 0.682540
v 0.142857 0.098183 0.714286
v 0.142857 0.097302 0.746032
v 0.142857 0.090662 0.777778
v 0.140373 0.523810 0.746032
v 0.142857 0.519242 0.746032
v 0.142857 0.523810 0.742543
v 0.139676 0.523810 0.777778
v 0.142857 0.515105 0.777778
v 0.142857 0.523810 0.782426
v 0.139774 0.555556 0.746032
v 0.142857 0.555556 0.739558
v 0.142745 0.555556 0.777778
v 0.142857 0.555556 0.777929
v 0.142857 0.561012 0.746032
v 0.142857 0.555791 0.777778
v 0.112402 0.650794 0.650794
v 0.113791 0.682540 0.650794
v 0.141289 0.714286 0.809524
v 0.142857 0.711922 0.809524
v 0.142857 0.714286 0.807116
v 0.136062 0.714286 0.841270
v 0.142857 0.704597 0.841270
v 0.142857 0.714286 0.849535
v 0.124543 0.746032 0.809524
v 0.142857 0.746032 0.780970
v 0.119468 0.746032 0.841270
v 0.142857 0.746032 0.858205
v 0.119536 0.777778 0.809524
v 0.142857 0.777778 0.778009
v 0.142857 0.777778 0.857707
v 0.142857 0.807682 0.809524
v 0.142857 0.809524 0.814228
v 0.142857 0.809524 0.849521
v 0.142857 0.818954 0.841270
v 0.134999 1.000000 -0.174603
v 0.142857 0.995180 -0.174603
v 0.142857 1.000000 -0.189692
v 0.136897 1.000000 -0.142857
v 0.142857 0.996805 -0.142857
v 0.142857 1.000000 -0.134016
v 0.174603 -0.879697 0.841270
v 0.174603 -0.873016 0.836961
v 0.174603 -0.889523 0.873016
v 0.153040 -0.873016 0.904762
v 0.174603 -0.873016 0.897986
v 0.174603 -0.841270 0.830726
v 0.174603 -0.865644 0.904762
v 0.174603 -0.841270 0.912717
v 0.174603 -0.809524 0.833049
v 0.174603 -0.809524 0.914887
v 0.164661 -0.777778 0.841270
v 0.174603 -0.777778 0.840087
v 0.174603 -0.777778 0.909882
v 0.174603 -0.773037 0.841270
v 0.174603 -0.746032 0.861512
v 0.174603 -0.763642 0.904762
v 0.174603 -0.746032 0.883079
v 0.174603 -0.737200 0.873016
v 0.171658 -0.206349 0.746032
v 0.174603 -0.212573 0.746032
v 0.174603 -0.206349 0.743109
v 0.173212 -0.206349 0.777778
v 0.174603 -0.208980 0.777778
v 0.174603 -0.206349 0.779357
v 0.174603 -0.174603 0.724434
v 0.157683 -0.174603 0.809524
v 0.174603 -0.178489 0.809524
v 0.174603 -0.174603 0.812190
v 0.174603 -0.161582 0.714286
v 0.174603 -0.142857 0.707827
v 0.174603 -0.144758 0.841270
v 0.174603 -0.142857 0.842599
v 0.144216 -0.111111 0.682540
v 0.174603 -0.111111 0.695020
v 0.174603 -0.111111 0.860104
v 0.174603 -0.080974 0.682540
v 0.174603 -0.079365 0.682069
v 0.174603 -0.079365 0.864057
v 0.174603 -0.047619 0.672513
v 0.174603 -0.047619 0.856904
v 0.148190 -0.015873 0.650794
v 0.174603 -0.015873 0.663122
v 0.146596 -0.015873 0.841270
v 0.174603 -0.015873 0.847480
v 0.158175 0.015873 0.650794
v 0.174603 0.015873 0.657545
v 0.173189 0.015873 0.841270
v 0.174603 0.015873 0.841860
v 0.174603 0.047619 0.661674
v 0.174603 0.037869 0.841270
v 0.174603 0.047619 0.840807
v 0.174603 0.079365 0.678123
v 0.151839 0.079365 0.809524
v 0.173867 0.079365 0.841270
v 0.174603 0.058768 0.841270
v 0.174603 0.079365 0.842105
v 0.174603 0.085065 0.682540
v 0.174603 0.101013 0.714286
v 0.174603 0.103965 0.746032
v 0.174603 0.105212 0.777778
v 0.174603 0.110147 0.809524
v 0.174603 0.096525 0.841270
v 0.162191 0.492063 0.746032
v 0.174603 0.479114 0.746032
v 0.174603 0.492063 0.737613
v 0.152845 0.492063 0.777778
v 0.174603 0.461692 0.777778
v 0.169447 0.492063 0.809524
v 0.174603 0.481658 0.809524
v 0.174603 0.492063 0.814224
v 0.174603 0.523810 0.722528
v 0.162615 0.523810 0.809524
v 0.174603 0.523810 0.820033
v 0.174603 0.555556 0.722953
v 0.167491 0.555556 0.809524
v 0.174603 0.555556 0.816314
v 0.174603 0.582810 0.746032
v 0.164828 0.587302 0.777778
v 0.174603 0.587302 0.755644
v 0.174603 0.578194 0.809524
v 0.174603 0.587302 0.800345
v 0.174603 0.598711 0.777778
v 0.165430 0.682540 0.809524
v 0.174603 0.665342 0.809524
v 0.174603 0.682540 0.799873
v 0.161175 0.682540 0.841270
v 0.174603 0.666882 0.841270
v 0.174603 0.682540 0.853568
v 0.174029 0.714286 0.777778
v 0.174603 0.713681 0.777778
v 0.174603 0.714286 0.777479
v 0.174603 0.714286 0.866248
v 0.145659 0.746032 0.777778
v 0.174603 0.746032 0.760057
v 0.174603 0.746032 0.864939
v 0.143025 0.777778 0.777778
v 0.174603 0.777778 0.751012
v 0.174603 0.777778 0.859248
v 0.168704 0.809524 0.777778
v 0.174603 0.809524 0.771109
v 0.144701 0.809524 0.809524
v 0.174603 0.809524 0.849803
v 0.174603 0.814051 0.777778
v 0.174603 0.827470 0.809524
v 0.174603 0.823563 0.841270
v 0.154989 1.000000 -0.206349
v 0.174603 0.991173 -0.206349
v 0.174603 1.000000 -0.222597
v 0.174603 0.983584 -0.174603
v 0.174603 0.987102 -0.142857
v 0.174603 1.000000 -0.113292
v 0.191809 -0.873016 0.841270
v 0.206349 -0.877697 0.873016
v 0.206349 -0.873016 0.853752
v 0.206349 -0.873016 0.880974
v 0.206349 -0.865184 0.841270
v 0.206349 -0.841270 0.830413
v 0.206349 -0.846520 0.904762
v 0.206349 -0.841270 0.906513
v 0.206349 -0.809524 0.829372
v 0.206349 -0.809524 0.907622
v 0.206349 -0.777778 0.834820
v 0.200815 -0.777778 0.904762
v 0.206349 -0.785725 0.904762
v 0.206349 -0.777778 0.901833
v 0.201811 -0.746032 0.841270
v 0.206349 -0.746032 0.839644
v 0.206349 -0.746032 0.885365
v 0.205125 -0.714286 0.841270
v 0.206349 -0.714286 0.840355
v 0.206349 -0.717917 0.873016
v 0.206349 -0.714286 0.852933
v 0.206349 -0.688767 0.841270
v 0.205467 -0.365079 0.777778
v 0.206349 -0.376808 0.777778
v 0.206349 -0.365079 0.771304
v 0.206349 -0.365079 0.784608
v 0.203746 -0.333333 0.777778
v 0.206349 -0.333333 0.760256
v 0.206349 -0.333333 0.790575
v 0.201296 -0.301587 0.777778
v 0.206349 -0.301587 0.746104
v 0.206349 -0.301587 0.793211
v 0.203001 -0.269841 0.746032
v 0.206349 -0.301387 0.746032
v 0.206349 -0.269841 0.743345
v 0.198041 -0.269841 0.777778
v 0.206349 -0.269841 0.794280
v 0.199780 -0.238095 0.746032
v 0.206349 -0.238095 0.743228
v 0.193137 -0.238095 0.777778
v 0.206349 -0.238095 0.794570
v 0.206349 -0.206349 0.744422
v 0.206349 -0.206349 0.797832
v 0.206349 -0.174603 0.742563
v 0.206349 -0.187124 0.809524
v 0.206349 -0.174603 0.813344
v 0.186237 -0.142857 0.714286
v 0.206349 -0.142857 0.734328
v 0.194140 -0.142857 0.841270
v 0.206349 -0.142857 0.839445
v 0.200672 -0.111111 0.714286
v 0.206349 -0.111111 0.721696
v 0.206349 -0.141228 0.841270
v 0.206349 -0.111111 0.861680
v 0.175343 -0.079365 0.682540
v 0.206349 -0.091713 0.714286
v 0.206349 -0.079365 0.711515
v 0.205522 -0.079365 0.873016
v 0.206349 -0.080377 0.873016
v 0.206349 -0.079365 0.873277
v 0.187357 -0.047619 0.682540
v 0.206349 -0.047619 0.704955
v 0.206349 -0.076172 0.873016
v 0.206349 -0.047619 0.870130
v 0.195737 -0.015873 0.682540
v 0.206349 -0.015873 0.697858
v 0.206349 -0.015873 0.862172
v 0.200405 0.015873 0.682540
v 0.206349 0.015873 0.692026
v 0.206349 0.015873 0.860840
v 0.198186 0.047619 0.682540
v 0.206349 0.047619 0.694679
v 0.175102 0.047619 0.841270
v 0.206349 0.047619 0.869019
v 0.181049 0.079365 0.682540
v 0.206349 0.079365 0.712198
v 0.199652 0.079365 0.873016
v 0.206349 0.058105 0.873016
v 0.206349 0.079365 0.878465
v 0.206349 0.081497 0.714286
v 0.206349 0.098124 0.746032
v 0.196579 0.111111 0.777778
v 0.206349 0.111111 0.771776
v 0.175500 0.111111 0.809524
v 0.175426 0.111111 0.841270
v 0.192536 0.111111 0.873016
v 0.206349 0.111111 0.883540
v 0.206349 0.114196 0.777778
v 0.206349 0.142468 0.809524
v 0.182281 0.142857 0.841270
v 0.206349 0.142857 0.809976
v 0.190943 0.142857 0.873016
v 0.206349 0.142857 0.883050
v 0.202989 0.174603 0.841270
v 0.206349 0.174603 0.838458
v 0.206349 0.171017 0.873016
v 0.206349 0.174603 0.858297
v 0.206349 0.177354 0.841270
v 0.196378 0.428571 0.777778
v 0.206349 0.408433 0.777778
v 0.206349 0.428571 0.760206
v 0.202918 0.428571 0.809524
v 0.206349 0.420422 0.809524
v 0.206349 0.428571 0.812986
v 0.195982 0.460317 0.746032
v 0.206349 0.444485 0.746032
v 0.206349 0.460317 0.740990
v 0.175718 0.460317 0.777778
v 0.186537 0.460317 0.809524
v 0.206349 0.460317 0.826212
v 0.206349 0.492063 0.730073
v 0.206349 0.492063 0.837945
v 0.206349 0.523810 0.724804
v 0.202154 0.523810 0.841270
v 0.206349 0.507944 0.841270
v 0.206349 0.523810 0.843603
v 0.206349 0.555556 0.731527
v 0.203006 0.555556 0.841270
v 0.206349 0.555556 0.843461
v 0.206349 0.579551 0.746032
v 0.206349 0.587302 0.753497
v 0.178539 0.587302 0.809524
v 0.206349 0.580394 0.841270
v 0.206349 0.587302 0.839981
v 0.204551 0.619048 0.777778
v 0.206349 0.619048 0.777036
v 0.188694 0.619048 0.809524
v 0.206349 0.619048 0.838468
v 0.206349 0.621713 0.777778
v 0.185311 0.650794 0.809524
v 0.206349 0.650794 0.790708
v 0.193248 0.650794 0.841270
v 0.206349 0.623755 0.841270
v 0.206349 0.650794 0.848666
v 0.206349 0.682540 0.783436
v 0.206349 0.682540 0.862196
v 0.206349 0.693196 0.777778
v 0.206349 0.714286 0.770904
v 0.206349 0.714286 0.866195
v 0.206349 0.746032 0.754127
v 0.206349 0.746032 0.860900
v 0.184512 0.777778 0.746032
v 0.206349 0.762188 0.746032
v 0.206349 0.777778 0.738856
v 0.206349 0.777778 0.853299
v 0.199360 0.809524 0.746032
v 0.206349 0.809524 0.741234
v 0.206349 0.809524 0.843815
v 0.206349 0.815952 0.746032
v 0.206349 0.837509 0.777778
v 0.205963 0.841270 0.809524
v 0.206349 0.841270 0.808022
v 0.206349 0.815460 0.841270
v 0.206349 0.841270 0.809847
v 0.206349 0.841450 0.809524
v 0.206349 0.985493 -0.206349
v 0.206349 1.000000 -0.236161
v 0.206349 0.980244 -0.174603
v 0.206349 0.985715 -0.142857
v 0.206349 1.000000 -0.113252
v 0.215661 -0.873016 0.873016
v 0.238095 -0.847994 0.841270
v 0.238095 -0.841270 0.835461
v 0.238095 -0.854346 0.873016
v 0.212400 -0.841270 0.904762
v 0.238095 -0.841270 0.885762
v 0.238095 -0.809524 0.827048
v 0.218677 -0.809524 0.904762
v 0.238095 -0.809524 0.893817
v 0.238095 -0.777778 0.826943
v 0.238095 -0.777778 0.891817
v 0.238095 -0.746032 0.824459
v 0.238095 -0.746032 0.888529
v 0.238095 -0.714286 0.814872
v 0.209037 -0.714286 0.873016
v 0.238095 -0.714286 0.883773
v 0.228872 -0.682540 0.809524
v 0.238095 -0.701949 0.809524
v 0.238095 -0.682540 0.805143
v 0.206593 -0.682540 0.841270
v 0.229781 -0.682540 0.873016
v 0.238095 -0.682540 0.876445
v 0.225435 -0.650794 0.809524
v 0.238095 -0.650794 0.802890
v 0.216177 -0.650794 0.841270
v 0.238095 -0.671900 0.873016
v 0.238095 -0.650794 0.860851
v 0.238095 -0.623049 0.809524
v 0.237321 -0.619048 0.841270
v 0.238095 -0.619048 0.830824
v 0.238095 -0.619048 0.841858
v 0.238095 -0.618218 0.841270
v 0.222795 -0.428571 0.777778
v 0.238095 -0.443500 0.777778
v 0.238095 -0.428571 0.758061
v 0.222957 -0.428571 0.809524
v 0.238095 -0.448220 0.809524
v 0.226494 -0.428571 0.841270
v 0.238095 -0.448886 0.841270
v 0.238095 -0.428571 0.871114
v 0.229324 -0.396825 0.746032
v 0.238095 -0.405719 0.746032
v 0.238095 -0.396825 0.744255
v 0.209066 -0.396825 0.777778
v 0.211889 -0.396825 0.809524
v 0.218820 -0.396825 0.841270
v 0.233618 -0.396825 0.873016
v 0.238095 -0.425327 0.873016
v 0.238095 -0.396825 0.878370
v 0.221401 -0.365079 0.746032
v 0.238095 -0.365079 0.742240
v 0.209753 -0.365079 0.809524
v 0.219479 -0.365079 0.841270
v 0.235831 -0.365079 0.873016
v 0.238095 -0.365079 0.875758
v 0.234031 -0.333333 -0.301587
v 0.238095 -0.344119 -0.301587
v 0.238095 -0.333333 -0.309100
v 0.232728 -0.333333 -0.269841
v 0.238095 -0.346474 -0.269841
v 0.238095 -0.333333 -0.250319
v 0.219751 -0.333333 0.746032
v 0.238095 -0.333333 0.743092
v 0.210934 -0.333333 0.809524
v 0.225421 -0.333333 0.841270
v 0.238095 -0.356265 0.873016
v 0.238095 -0.333333 0.860686
v 0.233164 -0.301587 -0.301587
v 0.238095 -0.301587 -0.310423
v 0.229297 -0.301587 -0.269841
v 0.235205 -0.301587 -0.238095
v 0.238095 -0.317639 -0.238095
v 0.238095 -0.301587 -0.230595
v 0.238095 -0.308856 0.746032
v 0.238095 -0.301587 0.748049
v 0.214246 -0.301587 0.809524
v 0.236567 -0.301587 0.841270
v 0.238095 -0.301587 0.842849
v 0.238095 -0.277308 -0.301587
v 0.233534 -0.269841 -0.269841
v 0.238095 -0.269841 -0.294926
v 0.237820 -0.269841 -0.238095
v 0.238095 -0.269841 -0.237285
v 0.212430 -0.269841 0.746032
v 0.238095 -0.269841 0.762697
v 0.222203 -0.269841 0.809524
v 0.238095 -0.297848 0.841270
v 0.238095 -0.269841 0.819889
v 0.238095 -0.259358 -0.269841
v 0.238095 -0.269185 -0.238095
v 0.209872 -0.238095 0.746032
v 0.237117 -0.238095 0.777778
v 0.238095 -0.239087 0.777778
v 0.238095 -0.243229 0.809524
v 0.207995 -0.206349 0.746032
v 0.225468 -0.206349 0.777778
v 0.209703 -0.174603 0.746032
v 0.228639 -0.174603 0.777778
v 0.229519 -0.174603 0.809524
v 0.217436 -0.142857 0.746032
v 0.238095 -0.154036 0.777778
v 0.238095 -0.142857 0.774148
v 0.238095 -0.171543 0.809524
v 0.230392 -0.142857 0.841270
v 0.238095 -0.143541 0.841270
v 0.238095 -0.142857 0.841676
v 0.228684 -0.111111 0.746032
v 0.238095 -0.111111 0.758554
v 0.238095 -0.111111 0.868722
v 0.209510 -0.079365 0.714286
v 0.237191 -0.079365 0.746032
v 0.238095 -0.079365 0.747234
v 0.238095 -0.104946 0.873016
v 0.238095 -0.079365 0.884215
v 0.215108 -0.047619 0.714286
v 0.238095 -0.069793 0.746032
v 0.238095 -0.047619 0.744059
v 0.211079 -0.047619 0.873016
v 0.238095 -0.047619 0.887343
v 0.218531 -0.015873 0.714286
v 0.238095 -0.015873 0.743809
v 0.220401 -0.015873 0.873016
v 0.238095 -0.015873 0.884507
v 0.220383 0.015873 0.714286
v 0.238095 0.015873 0.742632
v 0.220461 0.015873 0.873016
v 0.238095 0.015873 0.884431
v 0.218852 0.047619 0.714286
v 0.238095 0.047619 0.742011
v 0.210732 0.047619 0.873016
v 0.238095 0.047619 0.888277
v 0.207937 0.079365 0.714286
v 0.233147 0.079365 0.746032
v 0.238095 0.065571 0.746032
v 0.238095 0.079365 0.749401
v 0.238095 0.079365 0.891402
v 0.238095 0.111111 0.770317
v 0.238095 0.111111 0.889643
v 0.238095 0.119506 0.777778
v 0.207087 0.142857 0.809524
v 0.238095 0.142857 0.797940
v 0.238095 0.142857 0.881325
v 0.238095 0.157633 0.809524
v 0.238095 0.174603 0.840258
v 0.238095 0.159984 0.873016
v 0.238095 0.174603 0.842568
v 0.238095 0.175132 0.841270
v 0.227780 0.396825 0.746032
v 0.238095 0.380504 0.746032
v 0.238095 0.396825 0.736063
v 0.214595 0.396825 0.777778
v 0.238095 0.376157 0.777778
v 0.221342 0.396825 0.809524
v 0.238095 0.381405 0.809524
v 0.238095 0.396825 0.827300
v 0.216621 0.428571 0.746032
v 0.238095 0.428571 0.733641
v 0.238095 0.428571 0.835960
v 0.238095 0.460317 0.732134
v 0.235535 0.460317 0.841270
v 0.238095 0.453047 0.841270
v 0.238095 0.460317 0.842100
v 0.238095 0.492063 0.731169
v 0.214292 0.492063 0.841270
v 0.238095 0.492063 0.847742
v 0.238095 0.523810 0.733654
v 0.238095 0.523810 0.852101
v 0.238095 0.555556 0.742074
v 0.238095 0.555556 0.853010
v 0.238095 0.565463 0.746032
v 0.238095 0.587302 0.758614
v 0.208490 0.587302 0.841270
v 0.238095 0.587302 0.850829
v 0.238095 0.619048 0.772424
v 0.210242 0.619048 0.841270
v 0.238095 0.619048 0.848934
v 0.238095 0.648057 0.777778
v 0.238095 0.650794 0.778807
v 0.238095 0.650794 0.852259
v 0.232274 0.682540 0.777778
v 0.238095 0.662973 0.777778
v 0.238095 0.682540 0.777063
v 0.238095 0.682540 0.858137
v 0.238095 0.714286 0.769663
v 0.238095 0.714286 0.857022
v 0.238095 0.746032 0.752949
v 0.238095 0.746032 0.849806
v 0.238095 0.756406 0.746032
v 0.238095 0.777778 0.733817
v 0.238095 0.777778 0.841429
v 0.238095 0.809524 0.726510
v 0.212455 0.809524 0.841270
v 0.238095 0.778340 0.841270
v 0.238095 0.809524 0.827119
v 0.234396 0.841270 0.746032
v 0.238095 0.841270 0.742913
v 0.213490 0.841270 0.777778
v 0.225748 0.841270 0.809524
v 0.238095 0.841098 0.809524
v 0.238095 0.841270 0.809235
v 0.238095 0.844330 0.746032
v 0.238095 0.855512 0.777778
v 0.238095 0.988704 -0.206349
v 0.238095 1.000000 -0.231619
v 0.238095 0.985036 -0.174603
v 0.238095 0.992192 -0.142857
v 0.238095 1.000000 -0.128090
v 0.251989 -0.841270 0.841270
v 0.253431 -0.841270 0.873016
v 0.269841 -0.825418 0.841270
v 0.269841 -0.809524 0.829430
v 0.269841 -0.815777 0.873016
v 0.269841 -0.809524 0.875736
v 0.269841 -0.777778 0.819892
v 0.269841 -0.777778 0.881733
v 0.269841 -0.746032 0.809688
v 0.269841 -0.746032 0.885401
v 0.247582 -0.714286 0.809524
v 0.269841 -0.745671 0.809524
v 0.269841 -0.714286 0.802206
v 0.269841 -0.714286 0.885490
v 0.269841 -0.682540 0.796756
v 0.269841 -0.682540 0.880841
v 0.269841 -0.650794 0.796231
v 0.269778 -0.650794 0.873016
v 0.269841 -0.650794 0.873026
v 0.241719 -0.619048 0.809524
v 0.269841 -0.619048 0.802367
v 0.269841 -0.650761 0.873016
v 0.269841 -0.619048 0.854110
v 0.269841 -0.601399 0.809524
v 0.269841 -0.597945 0.841270
v 0.265844 -0.460317 0.809524
v 0.269841 -0.462305 0.809524
v 0.269841 -0.460317 0.805742
v 0.254949 -0.460317 0.841270
v 0.269841 -0.471322 0.841270
v 0.269706 -0.460317 0.873016
v 0.269841 -0.460427 0.873016
v 0.269841 -0.460317 0.873080
v 0.269841 -0.445581 0.777778
v 0.269841 -0.428571 0.764216
v 0.239336 -0.428571 0.873016
v 0.269841 -0.428571 0.890913
v 0.249654 -0.396825 0.746032
v 0.269841 -0.396825 0.750489
v 0.269841 -0.396825 0.903513
v 0.263635 -0.365079 0.746032
v 0.269841 -0.365079 0.747375
v 0.267804 -0.365079 0.904762
v 0.269841 -0.385967 0.904762
v 0.269841 -0.365079 0.906179
v 0.269841 -0.350739 -0.301587
v 0.269841 -0.333333 -0.313860
v 0.269841 -0.360455 -0.269841
v 0.246852 -0.333333 -0.238095
v 0.269841 -0.349769 -0.238095
v 0.269841 -0.333333 -0.218141
v 0.249069 -0.333333 0.746032
v 0.269841 -0.333333 0.754011
v 0.247115 -0.333333 0.873016
v 0.269841 -0.357231 0.904762
v 0.269841 -0.333333 0.896762
v 0.269841 -0.301587 -0.322265
v 0.260968 -0.301587 -0.206349
v 0.269841 -0.315955 -0.206349
v 0.269841 -0.301587 -0.199544
v 0.269841 -0.301587 0.770331
v 0.267803 -0.301587 0.873016
v 0.269841 -0.301587 0.874851
v 0.241192 -0.269841 -0.301587
v 0.269841 -0.269841 -0.320598
v 0.263544 -0.269841 -0.206349
v 0.269841 -0.269841 -0.201569
v 0.250755 -0.269841 0.777778
v 0.269841 -0.290638 0.777778
v 0.269841 -0.269841 0.806544
v 0.269841 -0.273108 0.841270
v 0.269841 -0.269841 0.819863
v 0.269841 -0.298902 0.873016
v 0.266576 -0.238095 -0.301587
v 0.269841 -0.238095 -0.304793
v 0.255450 -0.238095 -0.269841
v 0.264754 -0.238095 -0.238095
v 0.269841 -0.263196 -0.206349
v 0.269841 -0.238095 -0.231675
v 0.269841 -0.267130 0.809524
v 0.269841 -0.235405 -0.301587
v 0.269841 -0.227591 -0.269841
v 0.269841 -0.234826 -0.238095
v 0.242409 -0.142857 0.777778
v 0.269841 -0.148913 0.809524
v 0.269841 -0.142857 0.805146
v 0.269841 -0.145502 0.841270
v 0.269841 -0.142857 0.843181
v 0.269841 -0.113790 0.777778
v 0.269841 -0.111111 0.776477
v 0.259108 -0.111111 0.873016
v 0.269841 -0.113522 0.873016
v 0.269841 -0.111111 0.874513
v 0.269841 -0.079365 0.763538
v 0.269841 -0.079365 0.890798
v 0.242376 -0.047619 0.746032
v 0.269841 -0.047619 0.758385
v 0.269841 -0.047619 0.896980
v 0.242294 -0.015873 0.746032
v 0.269841 -0.015873 0.758637
v 0.269841 -0.015873 0.895615
v 0.243528 0.015873 0.746032
v 0.269841 0.015873 0.758625
v 0.269841 0.015873 0.893749
v 0.244536 0.047619 0.746032
v 0.269841 0.047619 0.757303
v 0.269841 0.047619 0.893269
v 0.269841 0.079365 0.759484
v 0.269841 0.079365 0.890955
v 0.269841 0.111111 0.770426
v 0.269841 0.111111 0.883031
v 0.269841 0.123410 0.777778
v 0.269841 0.142857 0.795108
v 0.255765 0.142857 0.873016
v 0.269841 0.132409 0.873016
v 0.269841 0.142857 0.861928
v 0.269841 0.155777 0.809524
v 0.238856 0.174603 0.841270
v 0.269841 0.158742 0.841270
v 0.267739 0.365079 0.809524
v 0.269841 0.364323 0.809524
v 0.269841 0.365079 0.777810
v 0.269841 0.365079 0.828697
v 0.269841 0.368518 0.746032
v 0.269841 0.396825 0.720660
v 0.269841 0.365080 0.777778
v 0.251273 0.396825 0.841270
v 0.269841 0.366431 0.841270
v 0.269841 0.396825 0.855801
v 0.269841 0.428571 0.723856
v 0.246888 0.428571 0.841270
v 0.269841 0.428571 0.851639
v 0.269841 0.460317 0.729450
v 0.269841 0.460317 0.850286
v 0.269841 0.492063 0.735497
v 0.269841 0.492063 0.851646
v 0.269841 0.523810 0.742391
v 0.269841 0.523810 0.852920
v 0.253069 0.555556 0.746032
v 0.269841 0.538611 0.746032
v 0.269841 0.555556 0.752543
v 0.269841 0.555556 0.852045
v 0.269841 0.587302 0.764365
v 0.269841 0.587302 0.848961
v 0.269841 0.619048 0.773738
v 0.269841 0.619048 0.845563
v 0.269841 0.647673 0.777778
v 0.269841 0.650794 0.778892
v 0.269841 0.650794 0.845194
v 0.269841 0.663497 0.777778
v 0.269841 0.682540 0.777133
v 0.269841 0.682540 0.845981
v 0.269841 0.714286 0.770347
v 0.269841 0.714286 0.842145
v 0.269841 0.746032 0.752126
v 0.255444 0.746032 0.841270
v 0.269841 0.717624 0.841270
v 0.269841 0.746032 0.829719
v 0.269841 0.753127 0.746032
v 0.269841 0.777778 0.731383
v 0.238410 0.777778 0.841270
v 0.269841 0.777778 0.820246
v 0.269841 0.809524 0.719424
v 0.269841 0.809524 0.811589
v 0.269841 0.841270 0.728739
v 0.269841 0.816309 0.809524
v 0.269841 0.841270 0.795320
v 0.269841 0.861293 0.746032
v 0.269841 0.866022 0.777778
v 0.265396 1.000000 -0.206349
v 0.269841 0.998833 -0.174603
v 0.269841 1.000000 -0.185783
v 0.256042 1.000000 -0.142857
v 0.269841 1.000000 -0.170252
v 0.288196 -0.809524 0.841270
v 0.274059 -0.809524 0.873016
v 0.301587 -0.790930 0.841270
v 0.301587 -0.777778 0.832222
v 0.287301 -0.777778 0.873016
v 0.301587 -0.777778 0.850494
v 0.301587 -0.746032 0.815632
v 0.301587 -0.746634 0.873016
v 0.301587 -0.746032 0.873124
v 0.301587 -0.734641 0.809524
v 0.301587 -0.714286 0.804894
v 0.301587 -0.714286 0.875383
v 0.301587 -0.682540 0.800081
v 0.301549 -0.682540 0.873016
v 0.301587 -0.682678 0.873016
v 0.301587 -0.682540 0.872992
v 0.301587 -0.650794 0.800390
v 0.269900 -0.650794 0.873016
v 0.301587 -0.650794 0.860526
v 0.301587 -0.619048 0.806126
v 0.301587 -0.619048 0.848051
v 0.301587 -0.608735 0.809524
v 0.301587 -0.602713 0.841270
v 0.291185 -0.460317 0.809524
v 0.301587 -0.476779 0.841270
v 0.301587 -0.460317 0.811434
v 0.301587 -0.465124 0.873016
v 0.301587 -0.460317 0.875636
v 0.301587 -0.431490 0.777778
v 0.301587 -0.428571 0.775863
v 0.301587 -0.459403 0.809524
v 0.301587 -0.428571 0.894445
v 0.301587 -0.396825 0.762496
v 0.274379 -0.396825 0.904762
v 0.301587 -0.410960 0.904762
v 0.301587 -0.396825 0.909335
v 0.301587 -0.365079 0.760024
v 0.301587 -0.365079 0.916693
v 0.281789 -0.333333 -0.301587
v 0.295155 -0.333333 -0.269841
v 0.289856 -0.333333 -0.238095
v 0.301587 -0.333333 0.768987
v 0.281327 -0.333333 0.904762
v 0.301587 -0.333333 0.914666
v 0.299290 -0.301587 -0.301587
v 0.301587 -0.324605 -0.269841
v 0.301587 -0.301587 -0.298190
v 0.301587 -0.319878 -0.238095
v 0.284310 -0.301587 -0.206349
v 0.301587 -0.301587 -0.219768
v 0.281342 -0.301587 0.777778
v 0.301587 -0.318473 0.777778
v 0.301587 -0.301587 0.791322
v 0.301587 -0.312463 0.904762
v 0.301587 -0.301587 0.894553
v 0.301587 -0.295029 -0.301587
v 0.301587 -0.269841 -0.307531
v 0.285316 -0.269841 -0.206349
v 0.301587 -0.269841 -0.213463
v 0.273174 -0.269841 0.809524
v 0.301587 -0.283011 0.809524
v 0.301587 -0.269945 0.841270
v 0.301587 -0.281240 0.873016
v 0.298132 -0.238095 -0.301587
v 0.301587 -0.239795 -0.301587
v 0.301587 -0.238095 -0.300690
v 0.301587 -0.238095 -0.233500
v 0.301587 -0.225132 -0.269841
v 0.301587 -0.234844 -0.238095
v 0.275769 -0.142857 0.809524
v 0.275374 -0.142857 0.841270
v 0.272780 -0.111111 0.777778
v 0.301587 -0.124748 0.809524
v 0.301587 -0.111111 0.797858
v 0.301587 -0.131853 0.841270
v 0.277564 -0.111111 0.873016
v 0.301587 -0.111111 0.863209
v 0.301587 -0.090168 0.777778
v 0.301587 -0.079365 0.771737
v 0.301587 -0.101107 0.873016
v 0.301587 -0.079365 0.883695
v 0.301587 -0.047619 0.760467
v 0.301587 -0.047619 0.892002
v 0.301587 -0.015873 0.757407
v 0.301587 -0.015873 0.892992
v 0.301587 0.015873 0.757816
v 0.301587 0.015873 0.891419
v 0.301587 0.047619 0.758273
v 0.301587 0.047619 0.889271
v 0.301587 0.079365 0.760574
v 0.301587 0.079365 0.884256
v 0.301587 0.111111 0.769169
v 0.298978 0.111111 0.873016
v 0.301587 0.108854 0.873016
v 0.301587 0.111111 0.871604
v 0.301587 0.127018 0.777778
v 0.301587 0.142857 0.798589
v 0.298805 0.142857 0.841270
v 0.301587 0.141472 0.841270
v 0.301587 0.142857 0.835126
v 0.301587 0.148692 0.809524
v 0.295507 0.333333 0.904762
v 0.301587 0.327968 0.904762
v 0.301587 0.333333 0.892823
v 0.301587 0.333333 0.921516
v 0.301587 0.361596 0.809524
v 0.301587 0.365079 0.790712
v 0.271492 0.365079 0.841270
v 0.301587 0.354694 0.841270
v 0.282516 0.365079 0.873016
v 0.301587 0.343674 0.873016
v 0.297321 0.365079 0.904762
v 0.301587 0.365079 0.910213
v 0.301587 0.377877 0.746032
v 0.301587 0.396825 0.726441
v 0.301587 0.367703 0.777778
v 0.289376 0.396825 0.873016
v 0.301587 0.370417 0.904762
v 0.301587 0.396825 0.884282
v 0.301587 0.428571 0.724047
v 0.301587 0.415870 0.873016
v 0.301587 0.428571 0.867632
v 0.301587 0.460317 0.730267
v 0.301587 0.460317 0.858005
v 0.301587 0.492063 0.738510
v 0.301587 0.492063 0.852925
v 0.294809 0.523810 0.746032
v 0.301587 0.519964 0.746032
v 0.301587 0.523810 0.747812
v 0.301587 0.523810 0.848454
v 0.301587 0.555556 0.760662
v 0.301587 0.555556 0.842887
v 0.301587 0.587302 0.771122
v 0.290835 0.587302 0.841270
v 0.301587 0.564871 0.841270
v 0.301587 0.587302 0.832379
v 0.292038 0.619048 0.777778
v 0.301587 0.611017 0.777778
v 0.301587 0.619048 0.787371
v 0.280344 0.619048 0.841270
v 0.301587 0.619048 0.820508
v 0.301587 0.650794 0.802996
v 0.277905 0.650794 0.841270
v 0.301587 0.650794 0.813609
v 0.274017 0.682540 0.777778
v 0.301587 0.682540 0.802342
v 0.277808 0.682540 0.841270
v 0.301587 0.682540 0.812483
v 0.301587 0.711282 0.777778
v 0.301587 0.714286 0.776972
v 0.271224 0.714286 0.841270
v 0.301587 0.714286 0.809875
v 0.301587 0.746032 0.752559
v 0.296804 0.746032 0.809524
v 0.301587 0.716987 0.809524
v 0.301587 0.746032 0.801641
v 0.301587 0.750456 0.746032
v 0.301587 0.777778 0.729742
v 0.289550 0.777778 0.809524
v 0.301587 0.777778 0.799659
v 0.301587 0.809524 0.718604
v 0.274876 0.809524 0.809524
v 0.301587 0.809524 0.795084
v 0.301587 0.841270 0.726220
v 0.301587 0.841270 0.786859
v 0.301587 0.869115 0.746032
v 0.301587 0.866992 0.777778
v 0.271687 1.000000 -0.174603
v 0.307237 -0.777778 0.841270
v 0.318426 -0.746032 0.841270
v 0.301772 -0.746032 0.873016
v 0.309672 -0.714286 0.809524
v 0.325834 -0.714286 0.841270
v 0.305949 -0.714286 0.873016
v 0.317920 -0.682540 0.809524
v 0.327642 -0.682540 0.841270
v 0.318879 -0.650794 0.809524
v 0.323675 -0.650794 0.841270
v 0.309565 -0.619048 0.809524
v 0.312680 -0.619048 0.841270
v 0.333333 -0.470207 0.841270
v 0.333333 -0.460317 0.828938
v 0.318926 -0.460317 0.873016
v 0.333333 -0.460317 0.862100
v 0.306603 -0.428571 0.777778
v 0.333333 -0.447158 0.809524
v 0.333333 -0.428571 0.793327
v 0.333333 -0.455671 0.873016
v 0.333333 -0.428571 0.885670
v 0.333333 -0.407017 0.777778
v 0.333333 -0.396825 0.773376
v 0.326879 -0.396825 0.904762
v 0.333333 -0.396825 0.902417
v 0.333333 -0.365079 0.770324
v 0.333333 -0.391698 0.904762
v 0.333333 -0.365079 0.912390
v 0.328098 -0.333333 0.777778
v 0.333333 -0.338759 0.777778
v 0.333333 -0.333333 0.779823
v 0.333333 -0.333333 0.912826
v 0.310758 -0.301587 -0.269841
v 0.309036 -0.301587 -0.238095
v 0.333333 -0.301587 0.803103
v 0.333333 -0.314965 0.904762
v 0.333333 -0.301587 0.893440
v 0.306444 -0.269841 -0.301587
v 0.318424 -0.269841 -0.269841
v 0.315531 -0.269841 -0.238095
v 0.333333 -0.293801 0.809524
v 0.333333 -0.273532 0.841270
v 0.333333 -0.282170 0.873016
v 0.314770 -0.238095 -0.269841
v 0.305837 -0.238095 -0.238095
v 0.311180 -0.111111 0.809524
v 0.315350 -0.111111 0.841270
v 0.311781 -0.079365 0.777778
v 0.333247 -0.079365 0.809524
v 0.333048 -0.079365 0.841270
v 0.314829 -0.079365 0.873016
v 0.333333 -0.057159 0.777778
v 0.333333 -0.047619 0.770927
v 0.333333 -0.079243 0.809524
v 0.333333 -0.078850 0.841270
v 0.328771 -0.047619 0.873016
v 0.333333 -0.047619 0.867027
v 0.333333 -0.015873 0.757182
v 0.333333 -0.034205 0.873016
v 0.333333 -0.015873 0.877295
v 0.333333 0.015873 0.753291
v 0.333333 0.015873 0.880277
v 0.333333 0.047619 0.753765
v 0.333333 0.047619 0.879989
v 0.333333 0.079365 0.756855
v 0.333333 0.079365 0.875039
v 0.333333 0.111111 0.765659
v 0.333333 0.084138 0.873016
v 0.333333 0.111111 0.857819
v 0.333333 0.131187 0.777778
v 0.331571 0.142857 0.809524
v 0.333333 0.142503 0.809524
v 0.333333 0.128181 0.841270
v 0.333333 0.329503 0.904762
v 0.333333 0.333333 0.897954
v 0.331298 0.333333 0.936508
v 0.333333 0.332936 0.936508
v 0.333333 0.333333 0.936709
v 0.311332 0.365079 0.809524
v 0.333333 0.363646 0.841270
v 0.333333 0.365079 0.837225
v 0.333333 0.350101 0.873016
v 0.333333 0.334359 0.936508
v 0.333333 0.365079 0.924237
v 0.331025 0.396825 0.746032
v 0.333333 0.383163 0.777778
v 0.333333 0.396825 0.748572
v 0.333333 0.374681 0.809524
v 0.333333 0.385783 0.904762
v 0.333333 0.396825 0.895817
v 0.333333 0.399153 0.746032
v 0.333333 0.428571 0.733431
v 0.333333 0.427769 0.873016
v 0.333333 0.428571 0.872634
v 0.333333 0.460317 0.733535
v 0.333333 0.460317 0.857580
v 0.333333 0.492063 0.738446
v 0.333333 0.492063 0.847868
v 0.325706 0.523810 0.746032
v 0.333333 0.523810 0.745700
v 0.324809 0.523810 0.841270
v 0.333333 0.514142 0.841270
v 0.333333 0.523810 0.836622
v 0.333333 0.525200 0.746032
v 0.333333 0.555556 0.763087
v 0.305279 0.555556 0.841270
v 0.333333 0.555556 0.819725
v 0.327203 0.587302 0.777778
v 0.333333 0.583197 0.777778
v 0.325503 0.587302 0.809524
v 0.333333 0.575863 0.809524
v 0.311154 0.619048 0.809524
v 0.304638 0.650794 0.809524
v 0.303803 0.682540 0.809524
v 0.302688 0.714286 0.777778
v 0.301914 0.714286 0.809524
v 0.319177 0.746032 0.777778
v 0.333333 0.758886 0.746032
v 0.333333 0.777778 0.731729
v 0.333333 0.769107 0.777778
v 0.333333 0.777778 0.780429
v 0.333333 0.809524 0.722201
v 0.333333 0.809524 0.783507
v 0.333333 0.841270 0.731213
v 0.333333 0.841270 0.780049
v 0.333333 0.865377 0.746032
v 0.333333 0.852702 0.777778
v 0.348407 -0.460317 0.841270
v 0.359845 -0.428571 0.809524
v 0.365079 -0.442741 0.841270
v 0.365079 -0.428571 0.819997
v 0.353509 -0.428571 0.873016
v 0.365079 -0.428571 0.851973
v 0.345537 -0.396825 0.777778
v 0.365079 -0.422862 0.809524
v 0.365079 -0.396825 0.791956
v 0.364432 -0.396825 0.873016
v 0.365079 -0.396825 0.871487
v 0.357105 -0.365079 0.777778
v 0.365079 -0.365079 0.782485
v 0.365079 -0.394070 0.873016
v 0.344093 -0.365079 0.904762
v 0.365079 -0.365079 0.879789
v 0.365079 -0.333333 0.793337
v 0.344452 -0.333333 0.904762
v 0.365079 -0.333333 0.880251
v 0.353928 -0.301587 0.809524
v 0.365079 -0.308240 0.809524
v 0.365079 -0.301587 0.820211
v 0.357382 -0.301587 0.873016
v 0.365079 -0.315376 0.873016
v 0.365079 -0.301587 0.858557
v 0.365079 -0.289713 0.841270
v 0.339735 -0.047619 0.777778
v 0.348498 -0.047619 0.809524
v 0.344828 -0.047619 0.841270
v 0.361819 -0.015873 0.777778
v 0.365079 -0.017333 0.809524
v 0.365079 -0.015873 0.800398
v 0.357450 -0.015873 0.841270
v 0.365079 -0.015873 0.812715
v 0.337948 -0.015873 0.873016
v 0.365079 -0.011710 0.777778
v 0.365079 0.015873 0.758395
v 0.365079 0.001672 0.841270
v 0.344474 0.015873 0.873016
v 0.365079 0.015873 0.850605
v 0.365079 0.047619 0.750702
v 0.348404 0.047619 0.873016
v 0.365079 0.047619 0.861085
v 0.365079 0.079365 0.751494
v 0.339675 0.079365 0.873016
v 0.365079 0.079365 0.861202
v 0.365079 0.111111 0.760558
v 0.365079 0.111111 0.848686
v 0.365079 0.135215 0.777778
v 0.365079 0.139130 0.809524
v 0.365079 0.119493 0.841270
v 0.336972 0.333333 0.904762
v 0.333621 0.333333 0.936508
v 0.334724 0.365079 0.841270
v 0.343231 0.365079 0.873016
v 0.345523 0.365079 0.904762
v 0.349132 0.396825 0.777778
v 0.355326 0.396825 0.809524
v 0.354539 0.396825 0.841270
v 0.347559 0.396825 0.873016
v 0.353225 0.428571 0.746032
v 0.365079 0.415891 0.777778
v 0.365079 0.428571 0.761710
v 0.365079 0.411100 0.809524
v 0.363923 0.428571 0.841270
v 0.365079 0.428571 0.838904
v 0.365079 0.452388 0.746032
v 0.365079 0.460317 0.743827
v 0.362307 0.460317 0.841270
v 0.365079 0.460317 0.838715
v 0.365079 0.492063 0.741224
v 0.348339 0.492063 0.841270
v 0.365079 0.492063 0.830424
v 0.365079 0.523810 0.743759
v 0.365079 0.523810 0.818210
v 0.365079 0.535467 0.746032
v 0.365079 0.555556 0.760905
v 0.350577 0.555556 0.809524
v 0.365079 0.541688 0.809524
v 0.365079 0.555556 0.794462
v 0.365079 0.571094 0.777778
v 0.359429 0.777778 0.746032
v 0.337621 0.777778 0.777778
v 0.365079 0.787316 0.746032
v 0.365079 0.809524 0.735555
v 0.346301 0.809524 0.777778
v 0.365079 0.809524 0.756733
v 0.365079 0.841270 0.744794
v 0.339532 0.841270 0.777778
v 0.365079 0.841270 0.747916
v 0.365079 0.843421 0.746032
v 0.348071 0.968254 0.777778
v 0.365079 0.955227 0.777778
v 0.365079 0.968254 0.774998
v 0.359502 0.968254 0.809524
v 0.365079 0.966286 0.809524
v 0.365079 0.968254 0.810519
v 0.365079 0.974032 0.777778
v 0.365079 0.971266 0.809524
v 0.369987 -0.428571 0.841270
v 0.378120 -0.396825 0.809524
v 0.376840 -0.396825 0.841270
v 0.386680 -0.365079 0.809524
v 0.382208 -0.365079 0.841270
v 0.369522 -0.365079 0.873016
v 0.386277 -0.333333 0.809524
v 0.384006 -0.333333 0.841270
v 0.369917 -0.333333 0.873016
v 0.375057 -0.301587 0.841270
v 0.365853 -0.015873 0.809524
v 0.383002 0.015873 0.777778
v 0.383269 0.015873 0.809524
v 0.371362 0.015873 0.841270
v 0.396825 0.035436 0.777778
v 0.396825 0.047619 0.765952
v 0.396825 0.039181 0.809524
v 0.384754 0.047619 0.841270
v 0.396825 0.047619 0.820064
v 0.396825 0.079365 0.754502
v 0.396370 0.079365 0.841270
v 0.396825 0.079365 0.840749
v 0.396825 0.111111 0.760062
v 0.391695 0.111111 0.841270
v 0.396825 0.111111 0.838567
v 0.396825 0.135441 0.777778
v 0.396825 0.136729 0.809524
v 0.374585 0.428571 0.777778
v 0.375351 0.428571 0.809524
v 0.369033 0.460317 0.746032
v 0.392629 0.460317 0.777778
v 0.387542 0.460317 0.809524
v 0.379694 0.492063 0.746032
v 0.396825 0.470629 0.777778
v 0.396825 0.492063 0.763221
v 0.391557 0.492063 0.809524
v 0.396825 0.492063 0.799061
v 0.382765 0.523810 0.746032
v 0.396825 0.523810 0.753977
v 0.380452 0.523810 0.809524
v 0.396825 0.523810 0.793513
v 0.396825 0.555556 0.776720
v 0.396825 0.555556 0.778060
v 0.396825 0.555985 0.777778
v 0.373492 0.809524 0.746032
v 0.366287 0.841270 0.746032
v 0.390549 0.968254 0.777778
v 0.370249 0.968254 0.809524
v 0.405897 0.047619 0.777778
v 0.402374 0.047619 0.809524
v 0.422553 0.079365 0.777778
v 0.417810 0.079365 0.809524
v 0.427901 0.111111 0.777778
v 0.426145 0.111111 0.809524
v 0.408590 0.492063 0.777778
v 0.413898 0.523810 0.777778
v 0.397335 0.555556 0.777778
v 0.458894 -0.269841 0.809524
v 0.460317 -0.271372 0.809524
v 0.460317 -0.269841 0.804511
v 0.460317 -0.269841 0.810522
v 0.455035 -0.238095 0.809524
v 0.460317 -0.238095 0.793275
v 0.460317 -0.238095 0.817418
v 0.460317 -0.223727 0.809524
v 0.481747 -0.301587 0.777778
v 0.492063 -0.308192 0.777778
v 0.492063 -0.301587 0.763242
v 0.492063 -0.301587 0.798779
v 0.481956 -0.269841 0.746032
v 0.492063 -0.289281 0.746032
v 0.492063 -0.269841 0.733999
v 0.464075 -0.269841 0.777778
v 0.492063 -0.297223 0.809524
v 0.492063 -0.269841 0.831530
v 0.479677 -0.238095 0.746032
v 0.492063 -0.238095 0.728938
v 0.463639 -0.238095 0.777778
v 0.480678 -0.238095 0.841270
v 0.492063 -0.251368 0.841270
v 0.492063 -0.238095 0.845247
v 0.485082 -0.206349 0.746032
v 0.492063 -0.206349 0.735676
v 0.471401 -0.206349 0.777778
v 0.465165 -0.206349 0.809524
v 0.482017 -0.206349 0.841270
v 0.492063 -0.206349 0.846155
v 0.492063 -0.182028 0.746032
v 0.483084 -0.174603 0.777778
v 0.492063 -0.174603 0.752371
v 0.480744 -0.174603 0.809524
v 0.492063 -0.186394 0.841270
v 0.492063 -0.174603 0.833266
v 0.492063 -0.149658 0.777778
v 0.492063 -0.150125 0.809524
v 0.490651 0.555556 0.714286
v 0.492063 0.551315 0.714286
v 0.492063 0.555556 0.712068
v 0.492063 0.555556 0.719529
v 0.492063 0.569968 0.714286
v 0.510982 -0.650794 0.777778
v 0.523810 -0.674001 0.777778
v 0.523810 -0.650794 0.768797
v 0.501863 -0.650794 0.809524
v 0.523810 -0.668098 0.809524
v 0.523810 -0.650794 0.820125
v 0.511757 -0.619048 0.777778
v 0.523810 -0.619048 0.765550
v 0.503161 -0.619048 0.809524
v 0.523810 -0.619048 0.834071
v 0.518194 -0.587302 0.777778
v 0.523810 -0.587302 0.771380
v 0.509150 -0.587302 0.809524
v 0.523810 -0.587302 0.838627
v 0.523810 -0.573334 0.777778
v 0.520127 -0.555556 0.809524
v 0.523810 -0.555556 0.799601
v 0.523810 -0.555556 0.818976
v 0.523810 -0.549739 0.809524
v 0.499908 -0.301587 0.746032
v 0.523810 -0.320210 0.746032
v 0.523810 -0.301587 0.724112
v 0.523810 -0.330289 0.777778
v 0.496517 -0.301587 0.809524
v 0.523810 -0.319169 0.809524
v 0.523810 -0.301587 0.827819
v 0.511448 -0.269841 0.714286
v 0.523810 -0.287211 0.714286
v 0.523810 -0.269841 0.706668
v 0.503478 -0.269841 0.841270
v 0.523810 -0.286452 0.841270
v 0.523810 -0.269841 0.850411
v 0.506608 -0.238095 0.714286
v 0.523810 -0.238095 0.704115
v 0.523810 -0.238095 0.860016
v 0.514115 -0.206349 0.714286
v 0.523810 -0.206349 0.708953
v 0.523810 -0.206349 0.862028
v 0.523810 -0.184419 0.714286
v 0.495030 -0.174603 0.746032
v 0.523810 -0.174603 0.718117
v 0.496389 -0.174603 0.841270
v 0.523810 -0.174603 0.858555
v 0.507630 -0.142857 0.746032
v 0.523810 -0.142857 0.729690
v 0.494784 -0.142857 0.777778
v 0.495087 -0.142857 0.809524
v 0.510035 -0.142857 0.841270
v 0.523810 -0.142857 0.852128
v 0.516886 -0.111111 0.746032
v 0.523810 -0.111111 0.738584
v 0.504504 -0.111111 0.777778
v 0.505552 -0.111111 0.809524
v 0.520570 -0.111111 0.841270
v 0.523810 -0.111111 0.844204
v 0.523415 -0.079365 0.746032
v 0.523810 -0.079365 0.745587
v 0.511731 -0.079365 0.777778
v 0.514033 -0.079365 0.809524
v 0.523810 -0.101240 0.841270
v 0.523810 -0.079365 0.828223
v 0.523810 -0.077500 0.746032
v 0.519737 -0.047619 0.777778
v 0.523810 -0.047619 0.764381
v 0.523810 -0.049549 0.809524
v 0.523810 -0.047619 0.804574
v 0.523810 -0.036782 0.777778
v 0.522245 0.365079 0.619048
v 0.523810 0.362958 0.619048
v 0.523810 0.365079 0.617657
v 0.507246 0.365079 0.650794
v 0.523810 0.352476 0.650794
v 0.514945 0.365079 0.682540
v 0.523810 0.359066 0.682540
v 0.523810 0.365079 0.701241
v 0.519840 0.396825 0.619048
v 0.523810 0.396825 0.616942
v 0.493933 0.396825 0.650794
v 0.503907 0.396825 0.682540
v 0.516565 0.396825 0.714286
v 0.523810 0.376059 0.714286
v 0.523017 0.396825 0.746032
v 0.523810 0.395039 0.746032
v 0.523810 0.396825 0.749855
v 0.523810 0.402858 0.619048
v 0.506269 0.428571 0.650794
v 0.523810 0.428571 0.635859
v 0.511103 0.428571 0.682540
v 0.519075 0.428571 0.714286
v 0.520123 0.428571 0.746032
v 0.519504 0.428571 0.777778
v 0.523810 0.414605 0.777778
v 0.523810 0.428571 0.802143
v 0.523810 0.460048 0.650794
v 0.517038 0.460317 0.682540
v 0.523810 0.460317 0.651269
v 0.521101 0.460317 0.714286
v 0.520110 0.460317 0.746032
v 0.516342 0.460317 0.777778
v 0.522532 0.460317 0.809524
v 0.523810 0.445309 0.809524
v 0.523810 0.460317 0.811098
v 0.514607 0.492063 0.682540
v 0.523810 0.492063 0.667934
v 0.514928 0.492063 0.714286
v 0.517014 0.492063 0.746032
v 0.520119 0.492063 0.777778
v 0.523810 0.464130 0.809524
v 0.523810 0.492063 0.784420
v 0.508432 0.523810 0.682540
v 0.523810 0.523810 0.668910
v 0.501493 0.523810 0.714286
v 0.509265 0.523810 0.746032
v 0.523810 0.500825 0.777778
v 0.523810 0.523810 0.764533
v 0.507307 0.555556 0.682540
v 0.523810 0.555556 0.672537
v 0.504386 0.555556 0.746032
v 0.523810 0.555556 0.757042
v 0.518603 0.587302 0.682540
v 0.523810 0.587302 0.680168
v 0.494084 0.587302 0.714286
v 0.518257 0.587302 0.746032
v 0.523810 0.587302 0.748134
v 0.523810 0.593537 0.682540
v 0.523810 0.618580 0.714286
v 0.523810 0.591348 0.746032
v 0.555556 -0.669343 0.777778
v 0.555556 -0.650794 0.749944
v 0.555556 -0.659381 0.809524
v 0.555556 -0.650794 0.818501
v 0.541526 -0.619048 0.746032
v 0.555556 -0.646848 0.746032
v 0.555556 -0.619048 0.734644
v 0.549404 -0.619048 0.841270
v 0.555556 -0.620925 0.841270
v 0.555556 -0.619048 0.842287
v 0.543304 -0.587302 0.746032
v 0.555556 -0.587302 0.732320
v 0.527799 -0.587302 0.841270
v 0.555556 -0.587302 0.849356
v 0.555059 -0.555556 0.746032
v 0.555556 -0.555556 0.745429
v 0.532748 -0.555556 0.777778
v 0.547336 -0.555556 0.841270
v 0.555556 -0.555556 0.843897
v 0.555556 -0.554795 0.746032
v 0.555556 -0.527899 0.777778
v 0.553209 -0.523810 0.809524
v 0.555556 -0.523810 0.799995
v 0.555556 -0.550527 0.841270
v 0.555556 -0.523810 0.811911
v 0.555556 -0.522179 0.809524
v 0.545694 -0.333333 0.746032
v 0.555556 -0.338879 0.746032
v 0.555556 -0.333333 0.739638
v 0.528070 -0.333333 0.777778
v 0.555556 -0.353264 0.777778
v 0.539781 -0.333333 0.809524
v 0.555556 -0.349732 0.809524
v 0.555556 -0.333333 0.829073
v 0.541771 -0.301587 0.714286
v 0.555556 -0.308399 0.714286
v 0.555556 -0.301587 0.709602
v 0.537086 -0.301587 0.841270
v 0.555556 -0.322960 0.841270
v 0.555556 -0.301587 0.855075
v 0.555556 -0.269841 0.699330
v 0.555556 -0.269841 0.867479
v 0.555556 -0.238095 0.699454
v 0.555556 -0.238095 0.871382
v 0.555556 -0.206349 0.705908
v 0.555556 -0.206349 0.870390
v 0.552280 -0.174603 0.714286
v 0.555556 -0.174603 0.714032
v 0.555556 -0.174603 0.867742
v 0.555556 -0.173325 0.714286
v 0.555556 -0.142857 0.722851
v 0.555556 -0.142857 0.865092
v 0.555556 -0.111111 0.727669
v 0.555556 -0.111111 0.861773
v 0.555556 -0.079365 0.729940
v 0.532704 -0.079365 0.841270
v 0.555556 -0.079365 0.855850
v 0.533617 -0.047619 0.746032
v 0.555556 -0.047619 0.732673
v 0.524612 -0.047619 0.809524
v 0.548528 -0.047619 0.841270
v 0.555556 -0.047619 0.845822
v 0.547060 -0.015873 0.746032
v 0.555556 -0.015873 0.740039
v 0.533887 -0.015873 0.777778
v 0.542556 -0.015873 0.809524
v 0.555556 -0.037350 0.841270
v 0.555556 -0.015873 0.824057
v 0.555556 -0.004143 0.746032
v 0.555556 0.012623 0.777778
v 0.555556 0.000167 0.809524
v 0.526287 0.365079 0.619048
v 0.535876 0.365079 0.650794
v 0.530997 0.365079 0.682540
v 0.528167 0.396825 0.619048
v 0.544539 0.396825 0.650794
v 0.544713 0.396825 0.682540
v 0.552177 0.396825 0.714286
v 0.555556 0.380563 0.746032
v 0.555556 0.396825 0.717057
v 0.534107 0.396825 0.777778
v 0.555556 0.376051 0.777778
v 0.545377 0.396825 0.809524
v 0.555556 0.384741 0.809524
v 0.555556 0.396825 0.822586
v 0.540043 0.428571 0.650794
v 0.545810 0.428571 0.682540
v 0.555556 0.404750 0.714286
v 0.555556 0.428571 0.703061
v 0.525745 0.428571 0.809524
v 0.555010 0.428571 0.841270
v 0.555556 0.427486 0.841270
v 0.555556 0.428571 0.841553
v 0.552976 0.460317 0.682540
v 0.555556 0.460317 0.685042
v 0.555203 0.460317 0.841270
v 0.555556 0.460317 0.841439
v 0.555556 0.462004 0.682540
v 0.555556 0.492063 0.671770
v 0.536859 0.492063 0.809524
v 0.555556 0.460987 0.841270
v 0.555556 0.492063 0.825795
v 0.555556 0.523810 0.666704
v 0.534359 0.523810 0.777778
v 0.555556 0.515207 0.809524
v 0.555556 0.523810 0.800752
v 0.555556 0.555556 0.667529
v 0.553446 0.555556 0.777778
v 0.555556 0.555556 0.779290
v 0.555556 0.587302 0.673512
v 0.555556 0.558335 0.777778
v 0.555556 0.587302 0.764370
v 0.555556 0.612762 0.682540
v 0.524472 0.619048 0.714286
v 0.555556 0.619048 0.689954
v 0.555556 0.618970 0.746032
v 0.555556 0.619048 0.745936
v 0.555556 0.633368 0.714286
v 0.581768 -0.968254 0.714286
v 0.587302 -0.976707 0.714286
v 0.587302 -0.968254 0.707067
v 0.573358 -0.968254 0.746032
v 0.587302 -0.981492 0.746032
v 0.587302 -0.968254 0.772817
v 0.580011 -0.936508 0.714286
v 0.587302 -0.936508 0.704310
v 0.571033 -0.936508 0.746032
v 0.577770 -0.936508 0.777778
v 0.587302 -0.960733 0.777778
v 0.587302 -0.936508 0.788446
v 0.587302 -0.919354 0.714286
v 0.587207 -0.904762 0.746032
v 0.587302 -0.904762 0.745653
v 0.587302 -0.916074 0.777778
v 0.587302 -0.904762 0.746735
v 0.587302 -0.904663 0.746032
v 0.587302 -0.654753 0.777778
v 0.587302 -0.650794 0.761282
v 0.569636 -0.650794 0.809524
v 0.587302 -0.650794 0.787742
v 0.587302 -0.646690 0.746032
v 0.587302 -0.619048 0.719337
v 0.587302 -0.635376 0.809524
v 0.557523 -0.619048 0.841270
v 0.587302 -0.619048 0.820800
v 0.576391 -0.587302 0.714286
v 0.587302 -0.610060 0.714286
v 0.587302 -0.587302 0.706872
v 0.570034 -0.587302 0.841270
v 0.587302 -0.587302 0.828389
v 0.584809 -0.555556 0.714286
v 0.587302 -0.555556 0.711793
v 0.561018 -0.555556 0.841270
v 0.587302 -0.555556 0.822672
v 0.587302 -0.552020 0.714286
v 0.587302 -0.526655 0.746032
v 0.567393 -0.523810 0.777778
v 0.587302 -0.523810 0.755352
v 0.565139 -0.523810 0.809524
v 0.587302 -0.531015 0.809524
v 0.587302 -0.523810 0.797746
v 0.587302 -0.515461 0.777778
v 0.574903 -0.365079 0.777778
v 0.587302 -0.378326 0.777778
v 0.587302 -0.365079 0.766122
v 0.571550 -0.365079 0.809524
v 0.587302 -0.388399 0.809524
v 0.584362 -0.365079 0.841270
v 0.587302 -0.371136 0.841270
v 0.587302 -0.365079 0.845770
v 0.587302 -0.349788 0.746032
v 0.587302 -0.333333 0.732776
v 0.564298 -0.333333 0.841270
v 0.587302 -0.333333 0.868922
v 0.587302 -0.305768 0.714286
v 0.587302 -0.301587 0.712292
v 0.579899 -0.301587 0.873016
v 0.587302 -0.323059 0.873016
v 0.587302 -0.301587 0.878302
v 0.587302 -0.269841 0.706181
v 0.571273 -0.269841 0.873016
v 0.587302 -0.269841 0.878251
v 0.587302 -0.238095 0.708649
v 0.573320 -0.238095 0.873016
v 0.587302 -0.238095 0.874119
v 0.581255 -0.206349 0.714286
v 0.587302 -0.214198 0.714286
v 0.587302 -0.206349 0.716705
v 0.587302 -0.230791 0.873016
v 0.587302 -0.206349 0.868640
v 0.556311 -0.174603 0.714286
v 0.587302 -0.174603 0.726565
v 0.587302 -0.174603 0.864727
v 0.587302 -0.142857 0.732133
v 0.587302 -0.142857 0.863650
v 0.587302 -0.111111 0.733004
v 0.587302 -0.111111 0.863837
v 0.587302 -0.079365 0.730733
v 0.587302 -0.079365 0.861869
v 0.587302 -0.047619 0.727496
v 0.587302 -0.047619 0.855091
v 0.587302 -0.015873 0.726717
v 0.581377 -0.015873 0.841270
v 0.587302 -0.015873 0.843273
v 0.571125 0.015873 0.746032
v 0.587302 0.015873 0.734921
v 0.558529 0.015873 0.777778
v 0.573308 0.015873 0.809524
v 0.587302 -0.011640 0.841270
v 0.587302 0.015873 0.819178
v 0.587302 0.029172 0.746032
v 0.587302 0.037609 0.777778
v 0.587302 0.025821 0.809524
v 0.564738 0.396825 0.746032
v 0.584881 0.396825 0.777778
v 0.587302 0.390879 0.809524
v 0.587302 0.396825 0.787378
v 0.587302 0.396825 0.813439
v 0.557450 0.428571 0.714286
v 0.572258 0.428571 0.746032
v 0.587302 0.400546 0.777778
v 0.587302 0.428571 0.764449
v 0.557081 0.428571 0.841270
v 0.587302 0.428571 0.828331
v 0.561949 0.460317 0.714286
v 0.583218 0.460317 0.746032
v 0.587302 0.460317 0.749827
v 0.557701 0.460317 0.841270
v 0.587302 0.460317 0.836184
v 0.563542 0.492063 0.682540
v 0.578355 0.492063 0.714286
v 0.587302 0.465983 0.746032
v 0.587302 0.492063 0.726525
v 0.587302 0.492063 0.834413
v 0.579602 0.523810 0.682540
v 0.587302 0.501743 0.714286
v 0.587302 0.523810 0.692920
v 0.564548 0.523810 0.809524
v 0.587302 0.523810 0.823408
v 0.587302 0.538462 0.682540
v 0.587302 0.555556 0.678365
v 0.587302 0.550264 0.809524
v 0.587302 0.555556 0.805709
v 0.587302 0.587302 0.677696
v 0.575853 0.587302 0.777778
v 0.587302 0.587302 0.786722
v 0.587302 0.612305 0.682540
v 0.587302 0.619048 0.685952
v 0.555645 0.619048 0.746032
v 0.587302 0.603871 0.777778
v 0.587302 0.619048 0.768143
v 0.587302 0.645651 0.714286
v 0.587302 0.639926 0.746032
v 0.605301 -0.968254 0.682540
v 0.619048 -0.993899 0.682540
v 0.619048 -0.968254 0.671067
v 0.609094 -1.000000 0.714286
v 0.619048 -1.000000 0.692988
v 0.619048 -0.998672 0.746032
v 0.619048 -1.000000 0.741354
v 0.591967 -0.968254 0.777778
v 0.619048 -0.979447 0.777778
v 0.619048 -0.968254 0.792907
v 0.603350 -0.936508 0.682540
v 0.619048 -0.936508 0.670766
v 0.614017 -0.936508 0.809524
v 0.619048 -0.941531 0.809524
v 0.619048 -0.936508 0.812309
v 0.616774 -0.904762 0.682540
v 0.619048 -0.904762 0.680965
v 0.594430 -0.904762 0.714286
v 0.592695 -0.904762 0.777778
v 0.619048 -0.905908 0.809524
v 0.619048 -0.904762 0.809361
v 0.619048 -0.902413 0.682540
v 0.619048 -0.879971 0.714286
v 0.618839 -0.873016 0.746032
v 0.619048 -0.873016 0.745219
v 0.619048 -0.876993 0.777778
v 0.619048 -0.873016 0.748064
v 0.619048 -0.872850 0.746032
v 0.594557 -0.650794 0.777778
v 0.619048 -0.634153 0.746032
v 0.619048 -0.619048 0.720530
v 0.619048 -0.626380 0.777778
v 0.597965 -0.619048 0.809524
v 0.619048 -0.619048 0.783534
v 0.619048 -0.614465 0.714286
v 0.619048 -0.587302 0.699026
v 0.602984 -0.587302 0.809524
v 0.619048 -0.587302 0.789407
v 0.619048 -0.555556 0.694370
v 0.598449 -0.555556 0.809524
v 0.619048 -0.555556 0.783817
v 0.619048 -0.525810 0.714286
v 0.598366 -0.523810 0.746032
v 0.619048 -0.523810 0.721676
v 0.603567 -0.523810 0.777778
v 0.619048 -0.540375 0.777778
v 0.619048 -0.523810 0.760299
v 0.619048 -0.516510 0.746032
v 0.601372 -0.396825 0.809524
v 0.619048 -0.412630 0.809524
v 0.619048 -0.396825 0.780993
v 0.614709 -0.396825 0.841270
v 0.619048 -0.401412 0.841270
v 0.619048 -0.396825 0.846276
v 0.619048 -0.395094 0.777778
v 0.619048 -0.365079 0.760381
v 0.611928 -0.365079 0.873016
v 0.619048 -0.375490 0.873016
v 0.619048 -0.365079 0.879997
v 0.619048 -0.345009 0.746032
v 0.619048 -0.333333 0.740988
v 0.592220 -0.333333 0.873016
v 0.619048 -0.333333 0.892160
v 0.591767 -0.301587 0.714286
v 0.619048 -0.301587 0.729395
v 0.619048 -0.301587 0.891112
v 0.602064 -0.269841 0.714286
v 0.619048 -0.269841 0.725838
v 0.619048 -0.269841 0.882174
v 0.596779 -0.238095 0.714286
v 0.619048 -0.238095 0.730260
v 0.599950 -0.238095 0.873016
v 0.619048 -0.244223 0.873016
v 0.619048 -0.238095 0.870470
v 0.619048 -0.206349 0.738870
v 0.619048 -0.206349 0.858336
v 0.618797 -0.174603 0.746032
v 0.619048 -0.175220 0.746032
v 0.619048 -0.174603 0.746240
v 0.619048 -0.174603 0.851333
v 0.613850 -0.142857 0.746032
v 0.619048 -0.142857 0.749541
v 0.619048 -0.142857 0.850376
v 0.619048 -0.116555 0.746032
v 0.619048 -0.111111 0.745526
v 0.619048 -0.111111 0.853276
v 0.619048 -0.079365 0.738807
v 0.619048 -0.079365 0.855085
v 0.619048 -0.047619 0.729755
v 0.619048 -0.047619 0.852046
v 0.619048 -0.015873 0.720531
v 0.619048 -0.015873 0.843935
v 0.619048 0.015873 0.716186
v 0.619048 -0.008539 0.841270
v 0.619048 0.015873 0.827969
v 0.605650 0.047619 0.746032
v 0.619048 0.047619 0.729955
v 0.601068 0.047619 0.777778
v 0.619048 0.041839 0.809524
v 0.619048 0.047619 0.800367
v 0.619048 0.057847 0.746032
v 0.619048 0.058769 0.777778
v 0.589683 0.396825 0.809524
v 0.593557 0.428571 0.777778
v 0.598856 0.428571 0.809524
v 0.602448 0.460317 0.777778
v 0.609600 0.460317 0.809524
v 0.596885 0.492063 0.746032
v 0.619048 0.491264 0.777778
v 0.619048 0.492063 0.777168
v 0.619048 0.478547 0.809524
v 0.619048 0.492063 0.817535
v 0.598776 0.523810 0.714286
v 0.617761 0.523810 0.746032
v 0.619048 0.523810 0.748116
v 0.619048 0.523810 0.823280
v 0.593461 0.555556 0.682540
v 0.619048 0.555205 0.714286
v 0.619048 0.555556 0.714022
v 0.619048 0.525586 0.746032
v 0.597482 0.555556 0.809524
v 0.619048 0.555556 0.815118
v 0.598757 0.587302 0.682540
v 0.619048 0.587302 0.700019
v 0.619048 0.568992 0.809524
v 0.619048 0.587302 0.799063
v 0.619048 0.619048 0.699906
v 0.602911 0.619048 0.777778
v 0.619048 0.619048 0.786615
v 0.615968 0.650794 -0.142857
v 0.619048 0.625962 -0.142857
v 0.619048 0.650794 -0.153418
v 0.619048 0.650794 -0.139581
v 0.614389 0.650794 0.714286
v 0.619048 0.650794 0.713547
v 0.603968 0.650794 0.746032
v 0.619048 0.638504 0.777778
v 0.619048 0.650794 0.765822
v 0.619048 0.654058 -0.142857
v 0.619048 0.651705 0.714286
v 0.619048 0.660605 0.746032
v 0.616612 0.841270 0.809524
v 0.619048 0.839023 0.809524
v 0.619048 0.841270 0.800729
v 0.619048 0.841270 0.811685
v 0.610585 0.873016 0.777778
v 0.619048 0.856315 0.777778
v 0.619048 0.873016 0.772466
v 0.601984 0.873016 0.809524
v 0.619048 0.873016 0.828405
v 0.619048 0.888307 0.777778
v 0.613353 0.904762 0.809524
v 0.619048 0.904762 0.794676
v 0.619048 0.904762 0.817002
v 0.619048 0.909335 0.809524
v 0.650431 -0.968254 0.650794
v 0.650794 -0.969287 0.650794
v 0.650794 -0.968254 0.650623
v 0.623983 -1.000000 0.682540
v 0.650794 -1.000000 0.660947
v 0.624599 -1.000000 0.746032
v 0.650794 -0.984616 0.777778
v 0.650794 -1.000000 0.754967
v 0.650794 -0.968254 0.801693
v 0.650794 -0.965371 0.650794
v 0.650794 -0.936508 0.653022
v 0.650794 -0.956565 0.809524
v 0.650794 -0.936508 0.822143
v 0.650794 -0.904762 0.663389
v 0.619339 -0.904762 0.809524
v 0.650794 -0.904762 0.821730
v 0.650794 -0.875103 0.682540
v 0.626577 -0.873016 0.714286
v 0.650794 -0.873016 0.685269
v 0.623067 -0.873016 0.777778
v 0.649775 -0.873016 0.809524
v 0.650794 -0.873016 0.810147
v 0.650794 -0.855426 0.714286
v 0.650794 -0.845529 0.746032
v 0.650794 -0.844317 0.777778
v 0.650794 -0.871666 0.809524
v 0.650794 -0.621354 0.746032
v 0.650794 -0.619048 0.741364
v 0.626093 -0.619048 0.777778
v 0.650794 -0.619048 0.749364
v 0.650794 -0.607431 0.714286
v 0.650794 -0.587302 0.700280
v 0.631613 -0.587302 0.777778
v 0.650794 -0.587302 0.760178
v 0.650794 -0.555556 0.685481
v 0.625289 -0.555556 0.777778
v 0.650794 -0.555556 0.756732
v 0.622826 -0.523810 0.714286
v 0.650794 -0.523810 0.699781
v 0.650794 -0.523810 0.746569
v 0.650794 -0.509973 0.714286
v 0.650794 -0.522664 0.746032
v 0.649677 -0.396825 0.809524
v 0.644899 -0.396825 0.841270
v 0.650794 -0.371302 0.777778
v 0.650794 -0.365079 0.775594
v 0.650794 -0.396294 0.809524
v 0.650794 -0.395845 0.841270
v 0.650794 -0.382307 0.873016
v 0.650794 -0.365079 0.886611
v 0.627882 -0.333333 0.746032
v 0.650794 -0.333333 0.764084
v 0.650794 -0.333333 0.894879
v 0.640938 -0.301587 0.746032
v 0.650794 -0.301587 0.756100
v 0.650794 -0.301587 0.889098
v 0.643325 -0.269841 0.746032
v 0.650794 -0.269841 0.754531
v 0.650794 -0.269841 0.876470
v 0.638134 -0.238095 0.746032
v 0.650794 -0.238095 0.760690
v 0.650794 -0.262997 0.873016
v 0.650794 -0.238095 0.856188
v 0.628171 -0.206349 0.746032
v 0.650794 -0.206349 0.771451
v 0.647576 -0.206349 0.841270
v 0.650794 -0.211178 0.841270
v 0.650794 -0.206349 0.836212
v 0.648965 -0.174603 0.777778
v 0.650794 -0.181859 0.777778
v 0.650794 -0.174603 0.787576
v 0.634597 -0.174603 0.841270
v 0.650794 -0.174603 0.816413
v 0.649190 -0.142857 0.777778
v 0.650794 -0.142857 0.787371
v 0.632768 -0.142857 0.841270
v 0.650794 -0.142857 0.814822
v 0.619991 -0.111111 0.746032
v 0.650794 -0.137622 0.777778
v 0.650794 -0.111111 0.770072
v 0.638518 -0.111111 0.841270
v 0.650794 -0.111111 0.825531
v 0.637409 -0.079365 0.746032
v 0.650794 -0.079365 0.754103
v 0.646550 -0.079365 0.841270
v 0.650794 -0.079365 0.837188
v 0.650794 -0.067642 0.746032
v 0.650794 -0.047619 0.736733
v 0.650528 -0.047619 0.841270
v 0.650794 -0.047619 0.841115
v 0.650794 -0.015873 0.719613
v 0.634890 -0.015873 0.841270
v 0.650794 -0.015873 0.837304
v 0.623349 0.015873 0.714286
v 0.650794 -0.004363 0.714286
v 0.650794 0.015873 0.706418
v 0.650794 0.015873 0.829138
v 0.632018 0.047619 0.714286
v 0.650794 0.047619 0.701938
v 0.631368 0.047619 0.809524
v 0.650794 0.047619 0.816485
v 0.650036 0.079365 0.714286
v 0.650794 0.079365 0.713295
v 0.640389 0.079365 0.746032
v 0.645541 0.079365 0.777778
v 0.650794 0.059018 0.809524
v 0.650794 0.079365 0.785492
v 0.650794 0.080383 0.714286
v 0.650794 0.090148 0.746032
v 0.650794 0.084134 0.777778
v 0.619441 0.492063 0.777778
v 0.626261 0.492063 0.809524
v 0.634402 0.523810 0.777778
v 0.638588 0.523810 0.809524
v 0.619260 0.555556 0.714286
v 0.635138 0.555556 0.746032
v 0.644293 0.555556 0.777778
v 0.630390 0.555556 0.809524
v 0.633341 0.587302 0.714286
v 0.649678 0.587302 0.746032
v 0.646195 0.587302 0.777778
v 0.638910 0.619048 0.714286
v 0.650794 0.591772 0.746032
v 0.650794 0.619048 0.734498
v 0.642247 0.619048 0.777778
v 0.650794 0.619048 0.766753
v 0.633108 0.650794 -0.142857
v 0.620763 0.650794 0.714286
v 0.650794 0.650794 0.740446
v 0.650794 0.650794 0.757241
v 0.650794 0.657985 0.746032
v 0.632382 0.841270 0.777778
v 0.650794 0.830555 0.777778
v 0.650794 0.841270 0.772155
v 0.650794 0.817956 0.809524
v 0.650794 0.841270 0.831372
v 0.650794 0.873016 0.764731
v 0.637040 0.873016 0.841270
v 0.650794 0.857583 0.841270
v 0.650794 0.873016 0.846239
v 0.631255 0.904762 0.777778
v 0.650794 0.904762 0.770185
v 0.645545 0.904762 0.841270
v 0.650794 0.904762 0.843702
v 0.650794 0.915090 0.777778
v 0.650794 0.927638 0.809524
v 0.650794 0.908326 0.841270
v 0.682540 -0.968254 0.642783
v 0.673246 -1.000000 0.650794
v 0.682540 -1.000000 0.648012
v 0.682540 -0.982661 0.777778
v 0.682540 -1.000000 0.754787
v 0.682540 -0.968254 0.800454
v 0.657900 -0.936508 0.650794
v 0.682540 -0.936508 0.644905
v 0.682540 -0.955935 0.809524
v 0.682540 -0.936508 0.822920
v 0.682540 -0.912292 0.650794
v 0.682540 -0.904762 0.653059
v 0.682540 -0.904762 0.825229
v 0.653835 -0.873016 0.682540
v 0.682540 -0.873016 0.670539
v 0.682540 -0.873016 0.821997
v 0.682540 -0.857932 0.682540
v 0.668881 -0.841270 0.714286
v 0.682540 -0.841270 0.702140
v 0.654942 -0.841270 0.746032
v 0.653093 -0.841270 0.777778
v 0.668834 -0.841270 0.809524
v 0.682540 -0.841270 0.820219
v 0.682540 -0.829633 0.714286
v 0.680113 -0.809524 0.746032
v 0.682540 -0.809524 0.742451
v 0.670751 -0.809524 0.777778
v 0.673801 -0.809524 0.809524
v 0.682540 -0.809524 0.822086
v 0.682540 -0.805062 0.746032
v 0.680640 -0.777778 0.777778
v 0.682540 -0.777778 0.774132
v 0.675489 -0.777778 0.809524
v 0.682540 -0.777778 0.828762
v 0.682540 -0.766580 0.777778
v 0.676997 -0.746032 0.809524
v 0.682540 -0.746032 0.790819
v 0.682540 -0.746032 0.838305
v 0.680859 -0.714286 0.809524
v 0.682540 -0.714286 0.803595
v 0.682540 -0.714286 0.818715
v 0.682540 -0.708905 0.809524
v 0.670495 -0.619048 0.746032
v 0.682540 -0.604784 0.714286
v 0.682540 -0.587302 0.702407
v 0.682540 -0.614210 0.746032
v 0.682540 -0.587302 0.751339
v 0.669818 -0.555556 0.682540
v 0.682540 -0.557433 0.682540
v 0.682540 -0.555556 0.681949
v 0.682540 -0.555556 0.749849
v 0.682540 -0.529931 0.682540
v 0.682540 -0.523810 0.683175
v 0.655652 -0.523810 0.746032
v 0.682540 -0.533957 0.746032
v 0.682540 -0.523810 0.742411
v 0.682540 -0.496661 0.714286
v 0.653683 -0.365079 0.777778
v 0.677221 -0.365079 0.809524
v 0.682540 -0.370198 0.841270
v 0.682540 -0.365079 0.825735
v 0.677709 -0.365079 0.873016
v 0.682540 -0.365079 0.860022
v 0.667798 -0.333333 0.777778
v 0.682540 -0.356203 0.809524
v 0.682540 -0.333333 0.796504
v 0.682540 -0.354999 0.873016
v 0.682540 -0.333333 0.877317
v 0.673930 -0.301587 0.777778
v 0.682540 -0.301587 0.790947
v 0.679650 -0.301587 0.873016
v 0.682540 -0.312038 0.873016
v 0.682540 -0.301587 0.869174
v 0.672933 -0.269841 0.777778
v 0.682540 -0.269841 0.796915
v 0.657373 -0.269841 0.873016
v 0.682540 -0.269841 0.847196
v 0.666416 -0.238095 0.777778
v 0.678120 -0.238095 0.809524
v 0.682540 -0.250946 0.809524
v 0.668104 -0.238095 0.841270
v 0.682540 -0.262030 0.841270
v 0.656666 -0.206349 0.777778
v 0.664638 -0.206349 0.809524
v 0.654823 -0.174603 0.809524
v 0.654074 -0.142857 0.809524
v 0.658855 -0.111111 0.777778
v 0.661732 -0.111111 0.809524
v 0.676963 -0.079365 0.777778
v 0.675058 -0.079365 0.809524
v 0.675996 -0.047619 0.746032
v 0.682540 -0.072109 0.777778
v 0.682540 -0.047619 0.751547
v 0.682540 -0.065109 0.809524
v 0.682540 -0.047619 0.819303
v 0.682540 -0.043530 0.746032
v 0.682540 -0.015873 0.725200
v 0.682540 -0.015873 0.829120
v 0.682540 -0.002192 0.714286
v 0.682540 0.015873 0.703463
v 0.682540 0.015873 0.831237
v 0.682540 0.047619 0.689309
v 0.682540 0.047619 0.828547
v 0.682328 0.079365 0.682540
v 0.682540 0.078761 0.682540
v 0.682540 0.079365 0.682419
v 0.670921 0.079365 0.809524
v 0.682540 0.079365 0.820477
v 0.682540 0.080523 0.682540
v 0.671100 0.111111 0.714286
v 0.682540 0.111111 0.690297
v 0.668394 0.111111 0.746032
v 0.674701 0.111111 0.777778
v 0.682540 0.098564 0.809524
v 0.682540 0.111111 0.797211
v 0.682540 0.130113 0.714286
v 0.682540 0.131525 0.746032
v 0.682540 0.122954 0.777778
v 0.655416 0.619048 0.746032
v 0.653613 0.650794 0.746032
v 0.666657 0.809524 0.809524
v 0.682540 0.800489 0.809524
v 0.682540 0.809524 0.779326
v 0.682540 0.809524 0.818344
v 0.682540 0.810201 0.777778
v 0.682540 0.841270 0.765340
v 0.668554 0.841270 0.841270
v 0.682540 0.832544 0.841270
v 0.682540 0.841270 0.846331
v 0.682540 0.873016 0.758973
v 0.682540 0.873016 0.858762
v 0.682540 0.904762 0.759889
v 0.682540 0.904762 0.860775
v 0.676720 0.936508 0.777778
v 0.682540 0.936508 0.773654
v 0.663013 0.936508 0.809524
v 0.681624 0.936508 0.841270
v 0.682540 0.936508 0.842163
v 0.682540 0.940435 0.777778
v 0.682540 0.948019 0.809524
v 0.682540 0.937137 0.841270
v 0.714286 -0.996415 0.650794
v 0.714286 -0.968254 0.642645
v 0.705756 -1.000000 0.650794
v 0.714286 -1.000000 0.653093
v 0.714286 -0.999254 0.746032
v 0.711280 -1.000000 0.746032
v 0.714286 -1.000000 0.744941
v 0.714286 -0.973521 0.777778
v 0.714286 -0.968254 0.787063
v 0.714286 -0.936508 0.642886
v 0.714286 -0.944601 0.809524
v 0.714286 -0.936508 0.816144
v 0.701671 -0.904762 0.650794
v 0.714286 -0.904762 0.649485
v 0.714286 -0.904762 0.825673
v 0.714286 -0.901724 0.650794
v 0.714286 -0.873016 0.664045
v 0.714286 -0.873016 0.831532
v 0.714286 -0.842630 0.682540
v 0.714286 -0.841270 0.683649
v 0.713270 -0.841270 0.841270
v 0.714286 -0.843327 0.841270
v 0.714286 -0.841270 0.841946
v 0.703186 -0.809524 0.714286
v 0.714286 -0.809524 0.706637
v 0.696969 -0.809524 0.841270
v 0.714286 -0.809524 0.859281
v 0.714286 -0.793701 0.714286
v 0.695769 -0.777778 0.746032
v 0.714286 -0.777778 0.724829
v 0.687313 -0.777778 0.841270
v 0.709679 -0.777778 0.873016
v 0.714286 -0.787882 0.873016
v 0.714286 -0.777778 0.879819
v 0.704182 -0.746032 0.746032
v 0.714286 -0.746032 0.736262
v 0.685814 -0.746032 0.777778
v 0.683113 -0.746032 0.841270
v 0.701360 -0.746032 0.873016
v 0.714286 -0.746032 0.891555
v 0.708224 -0.714286 0.746032
v 0.714286 -0.714286 0.741313
v 0.688302 -0.714286 0.777778
v 0.686515 -0.714286 0.841270
v 0.705738 -0.714286 0.873016
v 0.714286 -0.714286 0.882138
v 0.709497 -0.682540 0.746032
v 0.714286 -0.682540 0.743146
v 0.691671 -0.682540 0.777778
v 0.692855 -0.682540 0.809524
v 0.711141 -0.682540 0.841270
v 0.714286 -0.705373 0.873016
v 0.714286 -0.682540 0.843992
v 0.707195 -0.650794 0.746032
v 0.714286 -0.650794 0.742746
v 0.705599 -0.650794 0.777778
v 0.714286 -0.663853 0.809524
v 0.714286 -0.650794 0.785816
v 0.714286 -0.680867 0.841270
v 0.687461 -0.619048 0.746032
v 0.714286 -0.619048 0.733405
v 0.714286 -0.642738 0.777778
v 0.714286 -0.619048 0.754735
v 0.714286 -0.608583 0.714286
v 0.714286 -0.587302 0.701630
v 0.714286 -0.587302 0.753005
v 0.714286 -0.561512 0.682540
v 0.714286 -0.555556 0.680308
v 0.714286 -0.555556 0.751436
v 0.683651 -0.523810 0.682540
v 0.714286 -0.523810 0.677945
v 0.704527 -0.523810 0.746032
v 0.714286 -0.523810 0.746710
v 0.714286 -0.509850 0.682540
v 0.694979 -0.492063 0.714286
v 0.714286 -0.492063 0.705773
v 0.714286 -0.521582 0.746032
v 0.714286 -0.492063 0.722467
v 0.714286 -0.487404 0.714286
v 0.687405 -0.365079 0.841270
v 0.693574 -0.333333 0.809524
v 0.700763 -0.333333 0.841270
v 0.688049 -0.333333 0.873016
v 0.696120 -0.301587 0.809524
v 0.698615 -0.301587 0.841270
v 0.689671 -0.269841 0.809524
v 0.687034 -0.269841 0.841270
v 0.705891 -0.047619 0.777778
v 0.696290 -0.047619 0.809524
v 0.714286 -0.022924 0.746032
v 0.714286 -0.015873 0.739617
v 0.714286 -0.039312 0.777778
v 0.714286 -0.028185 0.809524
v 0.714286 -0.015873 0.820369
v 0.714286 0.008336 0.714286
v 0.714286 0.015873 0.708772
v 0.714286 0.015873 0.837536
v 0.714286 0.047619 0.688902
v 0.705441 0.047619 0.841270
v 0.714286 0.027056 0.841270
v 0.714286 0.047619 0.847851
v 0.714286 0.061695 0.682540
v 0.714286 0.079365 0.675778
v 0.702595 0.079365 0.841270
v 0.714286 0.079365 0.856653
v 0.689483 0.111111 0.682540
v 0.714286 0.111111 0.668078
v 0.688732 0.111111 0.809524
v 0.704109 0.111111 0.841270
v 0.714286 0.111111 0.862289
v 0.702246 0.142857 0.682540
v 0.714286 0.142857 0.667586
v 0.691584 0.142857 0.714286
v 0.691295 0.142857 0.746032
v 0.695869 0.142857 0.777778
v 0.702066 0.142857 0.809524
v 0.709105 0.142857 0.841270
v 0.714286 0.142857 0.857161
v 0.714286 0.163978 0.682540
v 0.713448 0.174603 0.714286
v 0.714286 0.174603 0.709567
v 0.713280 0.174603 0.746032
v 0.714286 0.173892 0.777778
v 0.714286 0.174603 0.769051
v 0.714286 0.170256 0.809524
v 0.714286 0.160316 0.841270
v 0.714286 0.175608 0.714286
v 0.714286 0.175936 0.746032
v 0.687420 0.809524 0.777778
v 0.714286 0.806784 0.777778
v 0.714286 0.809524 0.775691
v 0.714286 0.800961 0.809524
v 0.714286 0.809524 0.826585
v 0.714286 0.841270 0.757691
v 0.714286 0.819012 0.841270
v 0.714286 0.841270 0.863089
v 0.713448 0.873016 0.746032
v 0.714286 0.871764 0.746032
v 0.714286 0.873016 0.745717
v 0.706089 0.873016 0.873016
v 0.714286 0.857444 0.873016
v 0.714286 0.873016 0.881478
v 0.705581 0.904762 0.746032
v 0.714286 0.904762 0.741525
v 0.699227 0.904762 0.873016
v 0.714286 0.904762 0.889147
v 0.710966 0.936508 0.746032
v 0.714286 0.936508 0.743636
v 0.707596 0.936508 0.873016
v 0.714286 0.936508 0.882507
v 0.714286 0.943034 0.746032
v 0.703981 0.968254 0.777778
v 0.714286 0.968254 0.760962
v 0.700224 0.968254 0.809524
v 0.708448 0.968254 0.841270
v 0.714286 0.948389 0.873016
v 0.714286 0.968254 0.854597
v 0.714286 0.982141 0.777778
v 0.714286 0.986369 0.809524
v 0.714286 0.975973 0.841270
v 0.738046 -0.968254 0.650794
v 0.746032 -0.993264 0.682540
v 0.746032 -0.968254 0.655824
v 0.738802 -1.000000 0.682540
v 0.746032 -0.998456 0.714286
v 0.743815 -1.000000 0.714286
v 0.746032 -0.985568 0.746032
v 0.729962 -0.968254 0.777778
v 0.746032 -0.968254 0.770226
v 0.746032 -0.953107 0.650794
v 0.746032 -0.936508 0.647465
v 0.746032 -0.961572 0.777778
v 0.746032 -0.938343 0.809524
v 0.746032 -0.936508 0.811536
v 0.737020 -0.904762 0.650794
v 0.746032 -0.910395 0.650794
v 0.746032 -0.904762 0.651489
v 0.746032 -0.904762 0.831745
v 0.746032 -0.873016 0.663404
v 0.736434 -0.873016 0.841270
v 0.746032 -0.885521 0.841270
v 0.746032 -0.873016 0.846326
v 0.718718 -0.841270 0.682540
v 0.746032 -0.841270 0.677894
v 0.746032 -0.841270 0.868485
v 0.746032 -0.830972 0.682540
v 0.746032 -0.809524 0.693245
v 0.726632 -0.809524 0.873016
v 0.746032 -0.836317 0.873016
v 0.746032 -0.809524 0.898220
v 0.727233 -0.777778 0.714286
v 0.746032 -0.777778 0.705015
v 0.733158 -0.777778 0.904762
v 0.746032 -0.801307 0.904762
v 0.746032 -0.777778 0.915885
v 0.744481 -0.746032 0.714286
v 0.746032 -0.746032 0.713547
v 0.726171 -0.746032 0.904762
v 0.746032 -0.746032 0.917823
v 0.746032 -0.742209 0.714286
v 0.746032 -0.714286 0.721788
v 0.745803 -0.714286 0.904762
v 0.746032 -0.714286 0.904859
v 0.746032 -0.682540 0.727194
v 0.746032 -0.689219 0.873016
v 0.746032 -0.682540 0.863181
v 0.746032 -0.714174 0.904762
v 0.746032 -0.650794 0.729658
v 0.743692 -0.650794 0.809524
v 0.746032 -0.669869 0.841270
v 0.746032 -0.650794 0.810558
v 0.746032 -0.619048 0.721575
v 0.746032 -0.623395 0.777778
v 0.746032 -0.619048 0.771103
v 0.746032 -0.649944 0.809524
v 0.746032 -0.612953 0.714286
v 0.746032 -0.587302 0.701707
v 0.746032 -0.587302 0.758213
v 0.746032 -0.562098 0.682540
v 0.746032 -0.555556 0.679680
v 0.746032 -0.555556 0.755541
v 0.746032 -0.523810 0.674249
v 0.746032 -0.523810 0.750727
v 0.746032 -0.497826 0.682540
v 0.746032 -0.492063 0.690829
v 0.746032 -0.510446 0.746032
v 0.746032 -0.492063 0.730468
v 0.746032 -0.482655 0.714286
v 0.724613 -0.015873 0.746032
v 0.743764 -0.015873 0.777778
v 0.733345 -0.015873 0.809524
v 0.726649 0.015873 0.714286
v 0.746032 0.002399 0.746032
v 0.746032 0.015873 0.731985
v 0.746032 -0.013521 0.777778
v 0.746032 -0.006126 0.809524
v 0.746032 0.015873 0.840572
v 0.746032 0.031517 0.714286
v 0.746032 0.047619 0.703073
v 0.746032 0.016466 0.841270
v 0.746032 0.047619 0.871290
v 0.742808 0.079365 0.682540
v 0.746032 0.079365 0.683711
v 0.727508 0.079365 0.873016
v 0.746032 0.049391 0.873016
v 0.746032 0.079365 0.894775
v 0.746032 0.081831 0.682540
v 0.746032 0.111111 0.670883
v 0.719844 0.111111 0.873016
v 0.740781 0.111111 0.904762
v 0.746032 0.096424 0.904762
v 0.746032 0.111111 0.909857
v 0.746032 0.142857 0.658798
v 0.719657 0.142857 0.873016
v 0.738005 0.142857 0.904762
v 0.746032 0.142857 0.912393
v 0.723876 0.174603 0.682540
v 0.746032 0.174603 0.663354
v 0.714770 0.174603 0.777778
v 0.716449 0.174603 0.809524
v 0.718893 0.174603 0.841270
v 0.725993 0.174603 0.873016
v 0.744879 0.174603 0.904762
v 0.746032 0.174603 0.905691
v 0.746032 0.191002 0.682540
v 0.746032 0.205839 0.714286
v 0.741436 0.206349 0.746032
v 0.746032 0.206349 0.716760
v 0.738812 0.206349 0.777778
v 0.736175 0.206349 0.809524
v 0.735202 0.206349 0.841270
v 0.742443 0.206349 0.873016
v 0.746032 0.176603 0.904762
v 0.746032 0.206349 0.877435
v 0.746032 0.211238 0.746032
v 0.746032 0.215201 0.777778
v 0.746032 0.219345 0.809524
v 0.746032 0.220506 0.841270
v 0.746032 0.210508 0.873016
v 0.719655 0.809524 0.777778
v 0.725499 0.809524 0.809524
v 0.736075 0.841270 0.746032
v 0.746032 0.835346 0.746032
v 0.746032 0.841270 0.741267
v 0.746032 0.820947 0.777778
v 0.746032 0.826316 0.809524
v 0.746032 0.835755 0.841270
v 0.736143 0.841270 0.873016
v 0.746032 0.835719 0.873016
v 0.743729 0.841270 0.904762
v 0.746032 0.836057 0.904762
v 0.746032 0.841270 0.908408
v 0.746032 0.873016 0.722180
v 0.734134 0.873016 0.904762
v 0.746032 0.873016 0.919976
v 0.744635 0.904762 0.714286
v 0.746032 0.899043 0.714286
v 0.746032 0.904762 0.713139
v 0.728035 0.904762 0.904762
v 0.746032 0.904762 0.925897
v 0.745335 0.936508 0.714286
v 0.746032 0.936508 0.713708
v 0.731729 0.936508 0.904762
v 0.746032 0.936508 0.922000
v 0.746032 0.938852 0.714286
v 0.723872 0.968254 0.746032
v 0.746032 0.968254 0.723127
v 0.725316 0.968254 0.873016
v 0.744832 0.968254 0.904762
v 0.746032 0.968254 0.906217
v 0.741572 1.000000 0.746032
v 0.746032 1.000000 0.740905
v 0.726528 1.000000 0.777778
v 0.724291 1.000000 0.809524
v 0.731832 1.000000 0.841270
v 0.744828 1.000000 0.873016
v 0.746032 0.969938 0.904762
v 0.746032 1.000000 0.875099
v 0.769075 -0.968254 0.682540
v 0.777778 -0.970812 0.714286
v 0.777778 -0.968254 0.707421
v 0.777778 -0.969387 0.746032
v 0.777778 -0.968254 0.749913
v 0.754718 -0.936508 0.650794
v 0.777778 -0.956287 0.682540
v 0.777778 -0.936508 0.665632
v 0.777778 -0.958067 0.777778
v 0.777778 -0.944015 0.809524
v 0.777778 -0.936508 0.818974
v 0.777778 -0.904762 0.661333
v 0.767932 -0.904762 0.841270
v 0.777778 -0.912832 0.841270
v 0.777778 -0.904762 0.845090
v 0.777778 -0.873016 0.669144
v 0.777778 -0.873016 0.866456
v 0.777778 -0.841270 0.679470
v 0.751610 -0.841270 0.873016
v 0.777778 -0.866232 0.873016
v 0.777778 -0.841270 0.894230
v 0.777778 -0.831490 0.682540
v 0.777778 -0.809524 0.689996
v 0.754331 -0.809524 0.904762
v 0.777778 -0.829527 0.904762
v 0.777778 -0.809524 0.915306
v 0.777778 -0.777778 0.698863
v 0.777778 -0.777778 0.922426
v 0.777778 -0.746032 0.706502
v 0.777778 -0.746032 0.918143
v 0.771642 -0.714286 0.714286
v 0.777778 -0.714286 0.712956
v 0.747915 -0.714286 0.904762
v 0.777778 -0.717249 0.904762
v 0.777778 -0.714286 0.902716
v 0.777778 -0.705055 0.714286
v 0.777778 -0.682540 0.719107
v 0.777778 -0.687282 0.873016
v 0.777778 -0.682540 0.866712
v 0.777778 -0.650794 0.723243
v 0.777778 -0.664639 0.841270
v 0.777778 -0.650794 0.821328
v 0.777778 -0.619048 0.719836
v 0.755904 -0.619048 0.777778
v 0.777778 -0.639644 0.809524
v 0.777778 -0.619048 0.785670
v 0.777778 -0.611092 0.714286
v 0.777778 -0.587302 0.705781
v 0.777778 -0.603704 0.777778
v 0.777778 -0.587302 0.766984
v 0.771672 -0.555556 0.682540
v 0.777778 -0.555556 0.684324
v 0.777778 -0.555556 0.761373
v 0.777778 -0.551512 0.682540
v 0.777778 -0.523810 0.675702
v 0.777778 -0.523810 0.755133
v 0.777778 -0.497694 0.682540
v 0.777778 -0.492063 0.689107
v 0.777778 -0.503429 0.746032
v 0.777778 -0.492063 0.733613
v 0.777778 -0.482725 0.714286
v 0.760008 0.015873 0.746032
v 0.774753 0.015873 0.777778
v 0.775267 0.015873 0.809524
v 0.761209 0.047619 0.714286
v 0.777778 0.038708 0.746032
v 0.777778 0.047619 0.737794
v 0.777778 0.019548 0.777778
v 0.777778 0.017845 0.809524
v 0.777778 0.028307 0.841270
v 0.752738 0.047619 0.873016
v 0.777778 0.043645 0.873016
v 0.777778 0.047619 0.878650
v 0.777778 0.070940 0.714286
v 0.777778 0.079365 0.709341
v 0.757242 0.079365 0.904762
v 0.777778 0.065045 0.904762
v 0.777778 0.079365 0.919911
v 0.765226 0.111111 0.682540
v 0.777778 0.111111 0.692027
v 0.772195 0.111111 0.936508
v 0.777778 0.100832 0.936508
v 0.777778 0.111111 0.940860
v 0.777778 0.128509 0.682540
v 0.777778 0.142857 0.675740
v 0.768818 0.142857 0.936508
v 0.777778 0.142857 0.943064
v 0.777778 0.174603 0.668719
v 0.777778 0.169496 0.936508
v 0.777778 0.174603 0.934428
v 0.776624 0.206349 0.682540
v 0.777778 0.206349 0.682079
v 0.746635 0.206349 0.714286
v 0.769401 0.206349 0.904762
v 0.777778 0.206349 0.909926
v 0.777778 0.206811 0.682540
v 0.777778 0.230309 0.714286
v 0.771882 0.238095 0.746032
v 0.777778 0.238095 0.731140
v 0.766104 0.238095 0.777778
v 0.762706 0.238095 0.809524
v 0.763966 0.238095 0.841270
v 0.777778 0.235391 0.873016
v 0.777778 0.238095 0.866446
v 0.777778 0.212323 0.904762
v 0.777778 0.244438 0.746032
v 0.777778 0.252264 0.777778
v 0.777778 0.255372 0.809524
v 0.777778 0.250630 0.841270
v 0.774768 0.460317 0.904762
v 0.777778 0.454541 0.904762
v 0.777778 0.460317 0.895193
v 0.774263 0.460317 0.936508
v 0.777778 0.453217 0.936508
v 0.777778 0.460317 0.948624
v 0.776056 0.492063 0.904762
v 0.777778 0.492063 0.898360
v 0.776645 0.492063 0.936508
v 0.777778 0.492063 0.940273
v 0.777778 0.495215 0.904762
v 0.777778 0.494762 0.936508
v 0.775673 0.841270 0.714286
v 0.777778 0.839757 0.714286
v 0.777778 0.841270 0.712899
v 0.777778 0.827246 0.746032
v 0.777778 0.835710 0.777778
v 0.759508 0.841270 0.809524
v 0.777778 0.841270 0.787235
v 0.749751 0.841270 0.841270
v 0.749917 0.841270 0.873016
v 0.751191 0.841270 0.904762
v 0.752739 0.873016 0.714286
v 0.777778 0.873016 0.692064
v 0.777778 0.858370 0.809524
v 0.775009 0.873016 0.841270
v 0.777778 0.873016 0.837320
v 0.774612 0.873016 0.873016
v 0.777778 0.866829 0.904762
v 0.777778 0.873016 0.884623
v 0.777778 0.873016 0.910993
v 0.777386 0.904762 0.682540
v 0.777778 0.903373 0.682540
v 0.777778 0.904762 0.682244
v 0.777778 0.875662 0.841270
v 0.777778 0.875989 0.873016
v 0.777778 0.904762 0.933062
v 0.777778 0.912494 0.682540
v 0.777778 0.936508 0.683819
v 0.773902 0.936508 0.936508
v 0.777778 0.921346 0.936508
v 0.777778 0.936508 0.937427
v 0.754857 0.968254 0.714286
v 0.777778 0.968254 0.694902
v 0.777778 0.940439 0.936508
v 0.777778 0.968254 0.923048
v 0.776032 1.000000 0.714286
v 0.777778 1.000000 0.713038
v 0.777778 0.989859 0.904762
v 0.777778 1.000000 0.894706
v 0.781054 -0.968254 0.714286
v 0.780301 -0.968254 0.746032
v 0.793244 -0.936508 0.682540
v 0.809524 -0.936931 0.714286
v 0.809524 -0.936508 0.713706
v 0.809524 -0.951759 0.746032
v 0.809524 -0.956064 0.777778
v 0.809524 -0.944936 0.809524
v 0.809524 -0.936508 0.818588
v 0.804522 -0.904762 0.682540
v 0.809524 -0.904762 0.690046
v 0.809524 -0.916696 0.841270
v 0.809524 -0.904762 0.849710
v 0.803161 -0.873016 0.682540
v 0.809524 -0.873016 0.688407
v 0.794147 -0.873016 0.873016
v 0.809524 -0.880064 0.873016
v 0.809524 -0.873016 0.878369
v 0.787699 -0.841270 0.682540
v 0.809524 -0.841270 0.693502
v 0.808681 -0.841270 0.904762
v 0.809524 -0.841608 0.904762
v 0.809524 -0.841270 0.904933
v 0.809524 -0.809524 0.698608
v 0.809524 -0.809524 0.913547
v 0.809524 -0.777778 0.703238
v 0.809524 -0.777778 0.912236
v 0.809524 -0.746032 0.708145
v 0.806934 -0.746032 0.904762
v 0.809524 -0.750235 0.904762
v 0.809524 -0.746032 0.903224
v 0.809524 -0.714286 0.713196
v 0.809524 -0.714286 0.884168
v 0.809524 -0.706530 0.714286
v 0.809524 -0.682540 0.718941
v 0.809524 -0.698835 0.873016
v 0.809524 -0.682540 0.857773
v 0.809524 -0.650794 0.724009
v 0.809524 -0.663934 0.841270
v 0.809524 -0.650794 0.827107
v 0.809524 -0.619048 0.725600
v 0.809524 -0.627701 0.809524
v 0.809524 -0.619048 0.799981
v 0.809524 -0.588031 0.714286
v 0.809524 -0.587302 0.714123
v 0.799249 -0.587302 0.777778
v 0.809524 -0.587302 0.782632
v 0.809524 -0.555556 0.702668
v 0.809524 -0.569042 0.777778
v 0.809524 -0.555556 0.772405
v 0.798209 -0.523810 0.682540
v 0.809524 -0.523810 0.691931
v 0.809524 -0.523810 0.760932
v 0.809524 -0.492063 0.711378
v 0.809524 -0.503107 0.746032
v 0.809524 -0.492063 0.720199
v 0.809524 -0.490612 0.714286
v 0.799120 -0.460317 0.904762
v 0.809524 -0.476931 0.904762
v 0.809524 -0.460317 0.874030
v 0.797442 -0.460317 0.936508
v 0.809524 -0.479063 0.936508
v 0.809524 -0.460317 0.964953
v 0.798817 -0.428571 0.873016
v 0.809524 -0.458982 0.873016
v 0.809524 -0.428571 0.855488
v 0.787004 -0.428571 0.904762
v 0.787627 -0.428571 0.936508
v 0.804621 -0.428571 0.968254
v 0.809524 -0.453299 0.968254
v 0.809524 -0.428571 0.972486
v 0.795519 -0.396825 0.873016
v 0.809524 -0.396825 0.853072
v 0.786535 -0.396825 0.904762
v 0.792484 -0.396825 0.936508
v 0.809524 -0.411014 0.968254
v 0.809524 -0.396825 0.961115
v 0.805238 -0.365079 0.873016
v 0.809524 -0.365079 0.864832
v 0.803272 -0.365079 0.904762
v 0.809524 -0.373086 0.936508
v 0.809524 -0.365079 0.918397
v 0.809524 -0.359433 0.873016
v 0.809524 -0.359237 0.904762
v 0.785820 0.047619 0.746032
v 0.804889 0.047619 0.777778
v 0.809524 0.043331 0.809524
v 0.809524 0.047619 0.792773
v 0.809524 0.045682 0.841270
v 0.789739 0.047619 0.873016
v 0.809524 0.047619 0.848518
v 0.784293 0.079365 0.714286
v 0.809524 0.074686 0.746032
v 0.809524 0.079365 0.742439
v 0.809524 0.051861 0.777778
v 0.809524 0.053349 0.873016
v 0.809524 0.063453 0.904762
v 0.802389 0.079365 0.936508
v 0.809524 0.076049 0.936508
v 0.809524 0.079365 0.941824
v 0.808015 0.111111 0.714286
v 0.809524 0.111111 0.715707
v 0.809291 0.111111 0.968254
v 0.809524 0.110628 0.968254
v 0.809524 0.111111 0.968434
v 0.786810 0.142857 0.682540
v 0.809524 0.112851 0.714286
v 0.809524 0.142857 0.698627
v 0.809524 0.116742 0.968254
v 0.809524 0.142857 0.967135
v 0.807179 0.174603 0.682540
v 0.809524 0.174603 0.683550
v 0.780666 0.174603 0.936508
v 0.809524 0.174603 0.950922
v 0.809524 0.187698 0.682540
v 0.809524 0.206349 0.681488
v 0.809524 0.193274 0.936508
v 0.809524 0.206349 0.921158
v 0.809524 0.209093 0.682540
v 0.786637 0.238095 0.714286
v 0.809524 0.238095 0.697609
v 0.789484 0.238095 0.873016
v 0.809524 0.220183 0.904762
v 0.809524 0.238095 0.878078
v 0.809524 0.256892 0.714286
v 0.801575 0.269841 0.746032
v 0.809524 0.269841 0.733362
v 0.793692 0.269841 0.777778
v 0.793938 0.269841 0.809524
v 0.809524 0.266968 0.841270
v 0.809524 0.269841 0.835907
v 0.809524 0.242878 0.873016
v 0.809524 0.278434 0.746032
v 0.809524 0.289341 0.777778
v 0.809524 0.287221 0.809524
v 0.809524 0.444829 0.904762
v 0.809524 0.460317 0.877359
v 0.809524 0.435440 0.936508
v 0.785409 0.460317 0.968254
v 0.809524 0.439105 0.968254
v 0.809524 0.460317 0.997783
v 0.799228 0.492063 0.873016
v 0.809524 0.471342 0.873016
v 0.809524 0.492063 0.866035
v 0.787807 0.492063 0.968254
v 0.808733 0.492063 1.000000
v 0.809524 0.478718 1.000000
v 0.809524 0.501621 0.873016
v 0.798119 0.523810 0.904762
v 0.809524 0.523810 0.887759
v 0.794341 0.523810 0.936508
v 0.803256 0.523810 0.968254
v 0.809524 0.493806 1.000000
v 0.809524 0.523810 0.977953
v 0.809524 0.534088 0.904762
v 0.809524 0.543785 0.936508
v 0.809524 0.533421 0.968254
v 0.809524 0.828132 0.714286
v 0.809524 0.841270 0.695177
v 0.809524 0.829750 0.746032
v 0.788258 0.841270 0.777778
v 0.809524 0.841270 0.763787
v 0.789123 0.873016 0.682540
v 0.809524 0.852672 0.682540
v 0.809524 0.873016 0.671359
v 0.809524 0.852875 0.777778
v 0.795023 0.873016 0.809524
v 0.809524 0.873016 0.799199
v 0.780083 0.873016 0.904762
v 0.809524 0.904762 0.661799
v 0.809524 0.885277 0.809524
v 0.805317 0.904762 0.841270
v 0.809524 0.904762 0.836458
v 0.797427 0.904762 0.873016
v 0.796287 0.904762 0.904762
v 0.779224 0.936508 0.682540
v 0.809524 0.936508 0.662586
v 0.809524 0.910253 0.841270
v 0.809524 0.922121 0.873016
v 0.809524 0.927108 0.904762
v 0.781118 0.936508 0.936508
v 0.809524 0.936508 0.912418
v 0.795012 0.968254 0.682540
v 0.809524 0.968254 0.674482
v 0.809524 0.968254 0.907271
v 0.809524 0.979956 0.682540
v 0.809524 1.000000 0.705980
v 0.801654 1.000000 0.873016
v 0.809524 0.988754 0.873016
v 0.809524 1.000000 0.854674
v 0.809524 0.970695 0.904762
v 0.809950 -0.936508 0.714286
v 0.828273 -0.936508 0.746032
v 0.839415 -0.936508 0.777778
v 0.821005 -0.936508 0.809524
v 0.825517 -0.904762 0.714286
v 0.841270 -0.913949 0.746032
v 0.841270 -0.904762 0.741474
v 0.841270 -0.934816 0.777778
v 0.841270 -0.921105 0.809524
v 0.828154 -0.904762 0.841270
v 0.841270 -0.904762 0.829787
v 0.829900 -0.873016 0.714286
v 0.841270 -0.873016 0.733503
v 0.841270 -0.898112 0.841270
v 0.841270 -0.876278 0.873016
v 0.841270 -0.873016 0.876289
v 0.831249 -0.841270 0.714286
v 0.841270 -0.841270 0.728768
v 0.811736 -0.841270 0.904762
v 0.841270 -0.841270 0.900595
v 0.832548 -0.809524 0.714286
v 0.841270 -0.809524 0.723795
v 0.838669 -0.809524 0.904762
v 0.841270 -0.809524 0.903475
v 0.833358 -0.777778 0.714286
v 0.841270 -0.777778 0.720169
v 0.823829 -0.777778 0.904762
v 0.841270 -0.777778 0.891767
v 0.829511 -0.746032 0.714286
v 0.841270 -0.746032 0.719985
v 0.841270 -0.746032 0.877258
v 0.814781 -0.714286 0.714286
v 0.841270 -0.714286 0.722944
v 0.825333 -0.714286 0.873016
v 0.841270 -0.736824 0.873016
v 0.841270 -0.714286 0.859680
v 0.841270 -0.682540 0.727597
v 0.841270 -0.682540 0.843736
v 0.841270 -0.650794 0.732726
v 0.841270 -0.676439 0.841270
v 0.841270 -0.650794 0.825613
v 0.841270 -0.619048 0.736689
v 0.831752 -0.619048 0.809524
v 0.841270 -0.619048 0.812636
v 0.809964 -0.587302 0.714286
v 0.841270 -0.587302 0.736638
v 0.841270 -0.604795 0.809524
v 0.841270 -0.587302 0.800959
v 0.828289 -0.555556 0.714286
v 0.841270 -0.555556 0.731189
v 0.820499 -0.555556 0.777778
v 0.841270 -0.555556 0.792538
v 0.834152 -0.523810 0.714286
v 0.841270 -0.523810 0.731694
v 0.841270 -0.526617 0.777778
v 0.841270 -0.523810 0.773373
v 0.812410 -0.492063 0.714286
v 0.841270 -0.514217 0.746032
v 0.839114 -0.492063 0.841270
v 0.841270 -0.497267 0.841270
v 0.841270 -0.492063 0.832772
v 0.829278 -0.492063 0.873016
v 0.841270 -0.508845 0.873016
v 0.821559 -0.492063 0.904762
v 0.841270 -0.512298 0.904762
v 0.821745 -0.492063 0.936508
v 0.841270 -0.508462 0.936508
v 0.841270 -0.492063 0.966336
v 0.827886 -0.460317 0.841270
v 0.841270 -0.460317 0.819801
v 0.809999 -0.460317 0.873016
v 0.811803 -0.460317 0.968254
v 0.841270 -0.490624 0.968254
v 0.841270 -0.460317 0.984548
v 0.820853 -0.428571 0.841270
v 0.841270 -0.428571 0.819382
v 0.841270 -0.428571 0.989687
v 0.818836 -0.396825 0.841270
v 0.841270 -0.396825 0.820372
v 0.816647 -0.396825 0.968254
v 0.841270 -0.396825 0.981675
v 0.820598 -0.365079 0.841270
v 0.841270 -0.365079 0.818326
v 0.818655 -0.365079 0.936508
v 0.841270 -0.376961 0.968254
v 0.841270 -0.365079 0.954986
v 0.839135 -0.333333 0.809524
v 0.841270 -0.339574 0.809524
v 0.841270 -0.333333 0.807237
v 0.825381 -0.333333 0.841270
v 0.825828 -0.333333 0.873016
v 0.841136 -0.333333 0.904762
v 0.841270 -0.351546 0.936508
v 0.841270 -0.333333 0.904896
v 0.831976 -0.301587 0.809524
v 0.841270 -0.301587 0.792014
v 0.833894 -0.301587 0.841270
v 0.841270 -0.314666 0.873016
v 0.841270 -0.301587 0.854604
v 0.841270 -0.333239 0.904762
v 0.835287 -0.269841 0.809524
v 0.841270 -0.269841 0.784335
v 0.841270 -0.285033 0.841270
v 0.841270 -0.269841 0.825578
v 0.841270 -0.256522 0.809524
v 0.815768 0.047619 0.809524
v 0.812361 0.047619 0.841270
v 0.816616 0.079365 0.746032
v 0.841270 0.071091 0.777778
v 0.841270 0.079365 0.767739
v 0.841270 0.065340 0.809524
v 0.841270 0.068311 0.841270
v 0.841270 0.071736 0.873016
v 0.841270 0.073509 0.904762
v 0.841270 0.074687 0.936508
v 0.841004 0.079365 0.968254
v 0.841270 0.079213 0.968254
v 0.841270 0.079365 0.968546
v 0.841270 0.094634 0.746032
v 0.841270 0.111111 0.735209
v 0.841270 0.111111 0.985749
v 0.841270 0.139167 0.714286
v 0.841270 0.142857 0.712626
v 0.812772 0.142857 0.968254
v 0.841270 0.142857 0.976391
v 0.841270 0.174603 0.697558
v 0.841270 0.155667 0.968254
v 0.841270 0.174603 0.951505
v 0.815791 0.206349 0.682540
v 0.841270 0.206349 0.687027
v 0.841270 0.187770 0.936508
v 0.841270 0.206349 0.907393
v 0.841270 0.238095 0.689306
v 0.820724 0.238095 0.873016
v 0.841270 0.229135 0.873016
v 0.841270 0.238095 0.863209
v 0.841270 0.208230 0.904762
v 0.825092 0.269841 0.714286
v 0.841270 0.269841 0.705045
v 0.841270 0.267272 0.841270
v 0.841270 0.269841 0.839256
v 0.841270 0.282844 0.714286
v 0.833363 0.301587 0.746032
v 0.841270 0.301587 0.737021
v 0.822130 0.301587 0.777778
v 0.829899 0.301587 0.809524
v 0.841270 0.301587 0.817145
v 0.841270 0.310442 0.746032
v 0.841270 0.325533 0.777778
v 0.841270 0.314278 0.809524
v 0.841270 0.457033 0.904762
v 0.841270 0.460317 0.894606
v 0.841270 0.444088 0.936508
v 0.841270 0.441488 0.968254
v 0.822188 0.460317 1.000000
v 0.841270 0.458138 1.000000
v 0.841270 0.474388 0.873016
v 0.841270 0.492063 0.846062
v 0.825399 0.523810 0.873016
v 0.841270 0.523810 0.855450
v 0.835831 0.523810 1.000000
v 0.841270 0.538406 0.873016
v 0.831409 0.555556 0.904762
v 0.841270 0.555556 0.889515
v 0.821250 0.555556 0.936508
v 0.832077 0.555556 0.968254
v 0.841270 0.528847 1.000000
v 0.841270 0.555556 0.976941
v 0.841270 0.564915 0.904762
v 0.841270 0.574171 0.936508
v 0.841270 0.564086 0.968254
v 0.841270 0.831225 0.714286
v 0.841270 0.841270 0.688613
v 0.836171 0.841270 0.746032
v 0.841270 0.841270 0.740299
v 0.841270 0.844133 0.682540
v 0.841270 0.873016 0.663424
v 0.841270 0.844186 0.746032
v 0.837115 0.873016 0.777778
v 0.841270 0.873016 0.774661
v 0.839800 0.904762 0.650794
v 0.841270 0.903316 0.650794
v 0.841270 0.904762 0.650435
v 0.841270 0.877621 0.777778
v 0.829934 0.904762 0.809524
v 0.841270 0.904762 0.799239
v 0.841270 0.915751 0.650794
v 0.841270 0.936508 0.652060
v 0.841270 0.932714 0.809524
v 0.825956 0.936508 0.841270
v 0.841270 0.936508 0.812270
v 0.817909 0.936508 0.873016
v 0.813643 0.936508 0.904762
v 0.841270 0.968254 0.671585
v 0.834840 0.968254 0.809524
v 0.841270 0.941352 0.809524
v 0.841270 0.968254 0.794134
v 0.825247 0.968254 0.841270
v 0.818541 0.968254 0.873016
v 0.811125 0.968254 0.904762
v 0.841270 0.978503 0.682540
v 0.821572 1.000000 0.714286
v 0.841270 0.989775 0.714286
v 0.826357 1.000000 0.746032
v 0.841270 0.986829 0.746032
v 0.821932 1.000000 0.777778
v 0.841270 0.975481 0.777778
v 0.817294 1.000000 0.809524
v 0.812469 1.000000 0.841270
v 0.845200 -0.904762 0.746032
v 0.857778 -0.904762 0.777778
v 0.852301 -0.904762 0.809524
v 0.851112 -0.873016 0.746032
v 0.868432 -0.873016 0.777778
v 0.873016 -0.874143 0.809524
v 0.873016 -0.873016 0.805656
v 0.870078 -0.873016 0.841270
v 0.873016 -0.873016 0.817162
v 0.848470 -0.873016 0.873016
v 0.856054 -0.841270 0.746032
v 0.873016 -0.858965 0.777778
v 0.873016 -0.841270 0.770608
v 0.873016 -0.870209 0.841270
v 0.873016 -0.858974 0.873016
v 0.873016 -0.841270 0.887013
v 0.864046 -0.809524 0.746032
v 0.873016 -0.809524 0.757713
v 0.873016 -0.809524 0.885773
v 0.873016 -0.778429 0.746032
v 0.873016 -0.777778 0.745860
v 0.869643 -0.777778 0.873016
v 0.873016 -0.783793 0.873016
v 0.873016 -0.777778 0.868924
v 0.873016 -0.746032 0.741834
v 0.847501 -0.746032 0.873016
v 0.873016 -0.746032 0.847818
v 0.873016 -0.714286 0.742650
v 0.865815 -0.714286 0.841270
v 0.873016 -0.729597 0.841270
v 0.873016 -0.714286 0.832284
v 0.873016 -0.682540 0.745945
v 0.846254 -0.682540 0.841270
v 0.873016 -0.682540 0.820503
v 0.866355 -0.650794 0.746032
v 0.873016 -0.681786 0.746032
v 0.873016 -0.650794 0.755447
v 0.873016 -0.650794 0.813431
v 0.859469 -0.619048 0.746032
v 0.873016 -0.619048 0.762527
v 0.873016 -0.619048 0.810030
v 0.857457 -0.587302 0.746032
v 0.873016 -0.587302 0.763959
v 0.873016 -0.598779 0.809524
v 0.873016 -0.587302 0.808137
v 0.859673 -0.555556 0.746032
v 0.873016 -0.555556 0.764305
v 0.873016 -0.555556 0.805712
v 0.851921 -0.523810 0.746032
v 0.873016 -0.528086 0.777778
v 0.872523 -0.523810 0.873016
v 0.873016 -0.524043 0.873016
v 0.873016 -0.523810 0.864176
v 0.873016 -0.523810 0.878475
v 0.864675 -0.492063 0.809524
v 0.873016 -0.523133 0.809524
v 0.873016 -0.492063 0.801761
v 0.873016 -0.522728 0.841270
v 0.873016 -0.522979 0.904762
v 0.873016 -0.515307 0.936508
v 0.852149 -0.492063 0.968254
v 0.873016 -0.494142 0.968254
v 0.873016 -0.492063 0.969776
v 0.859689 -0.460317 0.809524
v 0.873016 -0.460317 0.801712
v 0.873016 -0.460317 0.986730
v 0.860114 -0.428571 0.809524
v 0.873016 -0.428571 0.802813
v 0.873016 -0.428571 0.992680
v 0.858567 -0.396825 0.809524
v 0.873016 -0.396825 0.801481
v 0.873016 -0.396825 0.985882
v 0.850287 -0.365079 0.809524
v 0.873016 -0.365079 0.793657
v 0.873016 -0.370190 0.968254
v 0.873016 -0.365079 0.963520
v 0.870288 -0.333333 0.777778
v 0.873016 -0.336670 0.777778
v 0.873016 -0.333333 0.776117
v 0.873016 -0.341951 0.936508
v 0.873016 -0.333333 0.925536
v 0.848626 -0.301587 0.777778
v 0.873016 -0.301587 0.759453
v 0.851339 -0.301587 0.873016
v 0.873016 -0.314316 0.904762
v 0.873016 -0.301587 0.891334
v 0.842681 -0.269841 0.777778
v 0.873016 -0.269841 0.749136
v 0.846797 -0.269841 0.841270
v 0.873016 -0.276370 0.873016
v 0.873016 -0.269841 0.868247
v 0.848772 -0.238095 0.777778
v 0.873016 -0.238095 0.746832
v 0.847869 -0.238095 0.809524
v 0.865325 -0.238095 0.841270
v 0.873016 -0.238095 0.848141
v 0.861146 -0.206349 0.777778
v 0.873016 -0.206349 0.755104
v 0.865416 -0.206349 0.809524
v 0.873016 -0.227870 0.841270
v 0.873016 -0.206349 0.821415
v 0.873016 -0.177378 0.777778
v 0.873016 -0.193020 0.809524
v 0.868502 0.015873 -0.238095
v 0.873016 0.012336 -0.238095
v 0.873016 0.015873 -0.254846
v 0.873016 0.015873 -0.233585
v 0.868145 0.047619 -0.269841
v 0.873016 0.029846 -0.269841
v 0.873016 0.047619 -0.272679
v 0.851206 0.047619 -0.238095
v 0.869014 0.047619 -0.206349
v 0.873016 0.043399 -0.206349
v 0.873016 0.047619 -0.204020
v 0.873016 0.060215 -0.269841
v 0.857775 0.079365 -0.238095
v 0.873016 0.079365 -0.261243
v 0.865284 0.079365 -0.206349
v 0.873016 0.079365 -0.199313
v 0.868760 0.079365 0.777778
v 0.860612 0.079365 0.809524
v 0.852213 0.079365 0.841270
v 0.848822 0.079365 0.873016
v 0.848530 0.079365 0.904762
v 0.850383 0.079365 0.936508
v 0.842194 0.079365 0.968254
v 0.873016 0.102126 -0.238095
v 0.873016 0.095463 -0.206349
v 0.873016 0.102414 0.746032
v 0.873016 0.111111 0.742146
v 0.873016 0.080736 0.777778
v 0.873016 0.090510 0.809524
v 0.873016 0.109605 0.841270
v 0.869007 0.111111 0.873016
v 0.873016 0.111111 0.846090
v 0.870540 0.111111 0.904762
v 0.873016 0.107321 0.936508
v 0.873016 0.111111 0.923927
v 0.873016 0.107069 0.968254
v 0.873016 0.111111 0.969750
v 0.847439 0.142857 0.714286
v 0.873016 0.142857 0.724385
v 0.873016 0.127730 0.873016
v 0.873016 0.129272 0.904762
v 0.872431 0.142857 0.936508
v 0.873016 0.134337 0.936508
v 0.873016 0.142857 0.928778
v 0.856274 0.142857 0.968254
v 0.873016 0.112867 0.968254
v 0.873016 0.157643 0.714286
v 0.873016 0.174603 0.707353
v 0.872102 0.174603 0.873016
v 0.873016 0.167797 0.873016
v 0.873016 0.174603 0.870515
v 0.864885 0.174603 0.904762
v 0.873016 0.148012 0.904762
v 0.854305 0.174603 0.936508
v 0.873016 0.206349 0.695088
v 0.857282 0.206349 0.873016
v 0.873016 0.206349 0.848787
v 0.842930 0.206349 0.904762
v 0.873016 0.238095 0.690403
v 0.864020 0.238095 0.841270
v 0.873016 0.221176 0.841270
v 0.873016 0.238095 0.835133
v 0.873016 0.269841 0.697127
v 0.873016 0.269841 0.825461
v 0.867112 0.301587 0.714286
v 0.873016 0.301587 0.711458
v 0.873016 0.301587 0.816692
v 0.873016 0.307386 0.714286
v 0.863456 0.333333 0.746032
v 0.873016 0.333333 0.736456
v 0.849360 0.333333 0.777778
v 0.873016 0.332989 0.809524
v 0.873016 0.333333 0.809354
v 0.873016 0.352083 0.746032
v 0.864394 0.365079 0.777778
v 0.873016 0.365079 0.761013
v 0.873016 0.365079 0.802896
v 0.869273 0.396825 0.777778
v 0.873016 0.396825 0.772312
v 0.873016 0.396825 0.807702
v 0.870879 0.428571 0.777778
v 0.873016 0.428571 0.775163
v 0.866987 0.428571 0.809524
v 0.873016 0.398993 0.809524
v 0.873016 0.428571 0.814249
v 0.870893 0.460317 0.777778
v 0.873016 0.460317 0.775529
v 0.859841 0.460317 0.809524
v 0.873016 0.460317 0.827242
v 0.844970 0.460317 0.904762
v 0.860934 0.460317 0.936508
v 0.866854 0.460317 0.968254
v 0.844261 0.460317 1.000000
v 0.871631 0.492063 0.777778
v 0.873016 0.492063 0.776443
v 0.857102 0.492063 0.809524
v 0.847469 0.492063 0.841270
v 0.873016 0.476347 0.841270
v 0.873016 0.489665 0.873016
v 0.873016 0.484829 0.904762
v 0.873016 0.472434 0.936508
v 0.873016 0.467306 0.968254
v 0.863818 0.492063 1.000000
v 0.873016 0.492063 0.992279
v 0.873016 0.503434 0.777778
v 0.862539 0.523810 0.809524
v 0.873016 0.523810 0.784723
v 0.852837 0.523810 0.841270
v 0.854259 0.523810 1.000000
v 0.873016 0.523810 0.993642
v 0.872909 0.555556 0.809524
v 0.873016 0.555556 0.809167
v 0.866320 0.555556 0.841270
v 0.853251 0.555556 0.873016
v 0.873016 0.555556 0.980546
v 0.873016 0.555772 0.809524
v 0.873016 0.568604 0.841270
v 0.872544 0.587302 0.873016
v 0.873016 0.587302 0.871191
v 0.862732 0.587302 0.904762
v 0.859668 0.587302 0.936508
v 0.873016 0.575344 0.968254
v 0.873016 0.587302 0.952294
v 0.873016 0.587967 0.873016
v 0.873016 0.598688 0.904762
v 0.873016 0.597515 0.936508
v 0.854261 0.841270 0.714286
v 0.873016 0.869831 0.682540
v 0.873016 0.873016 0.680130
v 0.873016 0.864736 0.714286
v 0.864691 0.873016 0.746032
v 0.873016 0.873016 0.726882
v 0.843121 0.904762 0.650794
v 0.873016 0.904762 0.665375
v 0.873016 0.894423 0.746032
v 0.857932 0.904762 0.777778
v 0.873016 0.904762 0.753273
v 0.873016 0.936508 0.670241
v 0.860712 0.936508 0.777778
v 0.873016 0.936508 0.752596
v 0.842600 0.936508 0.809524
v 0.857345 0.968254 0.682540
v 0.873016 0.950992 0.682540
v 0.866696 0.968254 0.714286
v 0.873016 0.958440 0.714286
v 0.859773 0.968254 0.746032
v 0.873016 0.942165 0.746032
v 0.847664 0.968254 0.777778
v 0.874132 -0.873016 0.809524
v 0.882740 -0.841270 0.777778
v 0.904762 -0.841292 0.809524
v 0.904762 -0.841270 0.809494
v 0.904762 -0.847693 0.841270
v 0.904132 -0.841270 0.873016
v 0.904762 -0.841270 0.871397
v 0.897809 -0.809524 0.777778
v 0.904762 -0.809524 0.788714
v 0.904762 -0.835283 0.873016
v 0.904762 -0.809524 0.873891
v 0.873265 -0.777778 0.746032
v 0.902334 -0.777778 0.777778
v 0.904762 -0.777778 0.785689
v 0.904647 -0.777778 0.841270
v 0.904762 -0.778011 0.841270
v 0.904762 -0.777778 0.840824
v 0.904762 -0.808181 0.873016
v 0.878391 -0.746032 0.746032
v 0.899277 -0.746032 0.777778
v 0.900834 -0.746032 0.809524
v 0.904762 -0.758846 0.809524
v 0.882125 -0.746032 0.841270
v 0.877047 -0.714286 0.746032
v 0.894139 -0.714286 0.777778
v 0.891509 -0.714286 0.809524
v 0.873119 -0.682540 0.746032
v 0.889209 -0.682540 0.777778
v 0.884082 -0.682540 0.809524
v 0.885075 -0.650794 0.777778
v 0.877911 -0.650794 0.809524
v 0.882699 -0.619048 0.777778
v 0.873801 -0.619048 0.809524
v 0.883025 -0.587302 0.777778
v 0.882216 -0.555556 0.777778
v 0.873452 -0.523810 0.873016
v 0.883454 -0.492063 0.809524
v 0.904762 -0.503638 0.841270
v 0.904762 -0.492063 0.821977
v 0.904762 -0.509070 0.873016
v 0.904762 -0.507508 0.904762
v 0.904762 -0.497563 0.936508
v 0.876114 -0.492063 0.968254
v 0.904762 -0.492063 0.943681
v 0.904762 -0.471457 0.809524
v 0.904762 -0.460317 0.805743
v 0.904762 -0.468528 0.968254
v 0.904762 -0.460317 0.972823
v 0.904762 -0.428571 0.799685
v 0.904762 -0.428571 0.980448
v 0.904762 -0.396825 0.793799
v 0.904762 -0.396825 0.975510
v 0.904762 -0.365079 0.782299
v 0.904762 -0.383550 0.968254
v 0.904762 -0.365079 0.955969
v 0.904762 -0.357995 0.777778
v 0.904762 -0.333333 0.763794
v 0.904762 -0.343099 0.936508
v 0.904762 -0.333333 0.927910
v 0.904762 -0.301587 0.746149
v 0.904762 -0.304132 0.904762
v 0.904762 -0.301587 0.902757
v 0.878201 -0.269841 0.746032
v 0.904762 -0.301317 0.746032
v 0.904762 -0.269841 0.737321
v 0.880418 -0.269841 0.873016
v 0.904762 -0.269841 0.883379
v 0.873864 -0.238095 0.746032
v 0.904762 -0.238095 0.733520
v 0.904762 -0.247753 0.873016
v 0.904762 -0.238095 0.868184
v 0.878388 -0.206349 0.746032
v 0.904762 -0.206349 0.732032
v 0.887148 -0.206349 0.841270
v 0.904762 -0.206349 0.855319
v 0.883626 -0.174603 0.746032
v 0.904762 -0.174603 0.731120
v 0.873909 -0.174603 0.777778
v 0.880997 -0.174603 0.809524
v 0.901830 -0.174603 0.841270
v 0.904762 -0.174603 0.844285
v 0.887811 -0.142857 0.746032
v 0.904762 -0.142857 0.730833
v 0.881918 -0.142857 0.777778
v 0.890631 -0.142857 0.809524
v 0.904762 -0.164979 0.841270
v 0.904762 -0.142857 0.832876
v 0.892298 -0.111111 0.746032
v 0.904762 -0.111111 0.733017
v 0.888171 -0.111111 0.777778
v 0.897987 -0.111111 0.809524
v 0.904762 -0.111111 0.821321
v 0.898666 -0.079365 0.746032
v 0.904762 -0.079365 0.739514
v 0.894773 -0.079365 0.777778
v 0.904762 -0.082652 0.809524
v 0.904762 -0.079365 0.806865
v 0.904762 -0.056560 0.746032
v 0.902788 -0.047619 0.777778
v 0.904762 -0.047619 0.765002
v 0.904762 -0.047619 0.782533
v 0.904762 -0.039262 0.777778
v 0.881727 0.015873 -0.238095
v 0.883458 0.047619 -0.269841
v 0.904762 0.032690 -0.238095
v 0.904762 0.047619 -0.254051
v 0.884177 0.047619 -0.206349
v 0.904762 0.047619 -0.219718
v 0.904762 0.079365 -0.252947
v 0.904762 0.060316 -0.206349
v 0.904762 0.079365 -0.197682
v 0.896800 0.111111 -0.238095
v 0.904762 0.111111 -0.240152
v 0.887813 0.111111 -0.206349
v 0.904762 0.111111 -0.192592
v 0.904221 0.111111 0.746032
v 0.904762 0.088475 0.777778
v 0.904762 0.111111 0.746355
v 0.889737 0.111111 0.809524
v 0.904762 0.111111 0.791863
v 0.873734 0.111111 0.841270
v 0.874039 0.111111 0.936508
v 0.873488 0.111111 0.968254
v 0.904762 0.114384 -0.238095
v 0.904762 0.133960 -0.206349
v 0.904762 0.111288 0.746032
v 0.904762 0.142857 0.735155
v 0.903940 0.142857 0.809524
v 0.904762 0.142857 0.808503
v 0.882048 0.142857 0.841270
v 0.875355 0.142857 0.873016
v 0.874055 0.142857 0.904762
v 0.894332 0.174603 0.714286
v 0.904762 0.174603 0.719997
v 0.904762 0.147131 0.809524
v 0.882757 0.174603 0.841270
v 0.904762 0.174603 0.813362
v 0.904762 0.185080 0.714286
v 0.904762 0.206349 0.707405
v 0.877193 0.206349 0.841270
v 0.904762 0.206349 0.811901
v 0.904762 0.238095 0.700747
v 0.901917 0.238095 0.809524
v 0.904762 0.223258 0.809524
v 0.904762 0.238095 0.807121
v 0.904762 0.269841 0.701682
v 0.894289 0.269841 0.809524
v 0.904762 0.269841 0.801726
v 0.904762 0.301587 0.708611
v 0.885517 0.301587 0.809524
v 0.904762 0.301587 0.797888
v 0.904762 0.325026 0.714286
v 0.904762 0.333333 0.718720
v 0.904762 0.333333 0.798860
v 0.882404 0.365079 0.746032
v 0.904762 0.365079 0.729197
v 0.904762 0.365079 0.807535
v 0.891879 0.396825 0.746032
v 0.904762 0.396825 0.735271
v 0.874441 0.396825 0.809524
v 0.904762 0.371382 0.809524
v 0.904762 0.396825 0.813792
v 0.897469 0.428571 0.746032
v 0.904762 0.428571 0.740377
v 0.904762 0.428571 0.817002
v 0.903627 0.460317 0.746032
v 0.904762 0.460317 0.745316
v 0.904762 0.460317 0.822044
v 0.904762 0.464770 0.746032
v 0.904762 0.492063 0.754724
v 0.891638 0.492063 0.841270
v 0.904762 0.492063 0.834481
v 0.875171 0.492063 0.873016
v 0.879129 0.492063 0.904762
v 0.888337 0.492063 0.936508
v 0.888460 0.492063 0.968254
v 0.878107 0.523810 0.777778
v 0.904762 0.523810 0.762921
v 0.904762 0.501413 0.841270
v 0.904762 0.520976 0.873016
v 0.904762 0.520647 0.904762
v 0.904762 0.514971 0.936508
v 0.901246 0.523810 0.968254
v 0.904762 0.523810 0.958475
v 0.891430 0.555556 0.777778
v 0.904762 0.555556 0.769474
v 0.902683 0.555556 0.968254
v 0.904762 0.555556 0.966603
v 0.904762 0.583954 0.777778
v 0.891220 0.587302 0.809524
v 0.904762 0.587302 0.779835
v 0.883623 0.587302 0.841270
v 0.904762 0.587302 0.955072
v 0.904762 0.607870 0.809524
v 0.904409 0.619048 0.841270
v 0.904762 0.619048 0.839380
v 0.897772 0.619048 0.873016
v 0.893353 0.619048 0.904762
v 0.904762 0.616006 0.936508
v 0.904762 0.619048 0.931658
v 0.904762 0.619421 0.841270
v 0.904762 0.625854 0.873016
v 0.904762 0.628484 0.904762
v 0.874436 0.873016 0.682540
v 0.876353 0.873016 0.714286
v 0.882091 0.904762 0.682540
v 0.883347 0.904762 0.714286
v 0.875830 0.904762 0.746032
v 0.880140 0.936508 0.682540
v 0.882232 0.936508 0.714286
v 0.875220 0.936508 0.746032
v 0.936508 -0.998659 -0.269841
v 0.936021 -1.000000 -0.269841
v 0.936508 -1.000000 -0.271808
v 0.936508 -0.990237 -0.238095
v 0.933138 -1.000000 -0.238095
v 0.936508 -0.992711 -0.206349
v 0.934394 -1.000000 -0.206349
v 0.936508 -0.996245 -0.174603
v 0.935805 -1.000000 -0.174603
v 0.935743 -0.968254 -0.142857
v 0.936508 -0.968254 -0.147417
v 0.932773 -1.000000 -0.142857
v 0.929615 -0.968254 -0.111111
v 0.928133 -1.000000 -0.111111
v 0.925622 -0.968254 -0.079365
v 0.926473 -1.000000 -0.079365
v 0.926259 -0.968254 -0.047619
v 0.930268 -1.000000 -0.047619
v 0.935272 -0.968254 -0.015873
v 0.936508 -0.974659 -0.015873
v 0.936508 -1.000000 -0.031061
v 0.936508 -0.968254 -0.014037
v 0.936508 -0.963773 -0.142857
v 0.934733 -0.936508 -0.111111
v 0.936508 -0.936508 -0.121401
v 0.929716 -0.936508 -0.079365
v 0.928614 -0.936508 -0.047619
v 0.936262 -0.936508 -0.015873
v 0.936508 -0.936508 -0.015489
v 0.936508 -0.928247 -0.111111
v 0.936508 -0.906598 -0.079365
v 0.936508 -0.904827 -0.047619
v 0.936508 -0.935766 -0.015873
v 0.904927 -0.841270 0.809524
v 0.924086 -0.841270 0.841270
v 0.928725 -0.809524 0.809524
v 0.935885 -0.809524 0.841270
v 0.907324 -0.809524 0.873016
v 0.913291 -0.777778 0.809524
v 0.913396 -0.492063 0.841270
v 0.919902 -0.492063 0.873016
v 0.917973 -0.492063 0.904762
v 0.909007 -0.492063 0.936508
v 0.910557 -0.460317 0.809524
v 0.936508 -0.468388 0.841270
v 0.936508 -0.460317 0.829567
v 0.936508 -0.475404 0.873016
v 0.936508 -0.471286 0.904762
v 0.932561 -0.460317 0.936508
v 0.936508 -0.460317 0.926888
v 0.909688 -0.460317 0.968254
v 0.936508 -0.430798 0.809524
v 0.936508 -0.428571 0.808611
v 0.936508 -0.452699 0.936508
v 0.919523 -0.428571 0.968254
v 0.936508 -0.428571 0.949659
v 0.936508 -0.396825 0.797407
v 0.914160 -0.396825 0.968254
v 0.936508 -0.396825 0.949168
v 0.936508 -0.365079 0.784266
v 0.935612 -0.365079 0.936508
v 0.936508 -0.366317 0.936508
v 0.936508 -0.365079 0.935930
v 0.936508 -0.354928 0.777778
v 0.936508 -0.333333 0.765564
v 0.936508 -0.333333 0.916585
v 0.936508 -0.301587 0.746991
v 0.936508 -0.311922 0.904762
v 0.936508 -0.301587 0.898907
v 0.936508 -0.299741 0.746032
v 0.936508 -0.269841 0.736191
v 0.936508 -0.269841 0.885413
v 0.936508 -0.238095 0.729960
v 0.921800 -0.238095 0.873016
v 0.936508 -0.238095 0.876436
v 0.936508 -0.206349 0.725226
v 0.936508 -0.217510 0.873016
v 0.936508 -0.206349 0.871083
v 0.936508 -0.174603 0.720524
v 0.936508 -0.174603 0.869268
v 0.936508 -0.142857 0.716230
v 0.910479 -0.142857 0.841270
v 0.936508 -0.142857 0.868725
v 0.936076 -0.111111 0.714286
v 0.936508 -0.113639 0.714286
v 0.936508 -0.111111 0.714163
v 0.916579 -0.111111 0.841270
v 0.936508 -0.111111 0.866898
v 0.936508 -0.108288 0.714286
v 0.936508 -0.079365 0.716595
v 0.905588 -0.079365 0.809524
v 0.923076 -0.079365 0.841270
v 0.936508 -0.079365 0.861038
v 0.907719 -0.047619 0.746032
v 0.936508 -0.047619 0.725169
v 0.914070 -0.047619 0.809524
v 0.933034 -0.047619 0.841270
v 0.936508 -0.047619 0.846479
v 0.919978 -0.015873 0.746032
v 0.936508 -0.015873 0.737249
v 0.911707 -0.015873 0.777778
v 0.926920 -0.015873 0.809524
v 0.936508 -0.040425 0.841270
v 0.936508 -0.015873 0.821091
v 0.936508 0.010090 0.746032
v 0.925095 0.015873 0.777778
v 0.936508 0.015873 0.756837
v 0.936508 -0.000876 0.809524
v 0.936508 0.015873 0.789112
v 0.910668 0.047619 -0.238095
v 0.936508 0.032494 0.777778
v 0.914665 0.079365 -0.238095
v 0.912651 0.079365 -0.206349
v 0.907488 0.111111 -0.238095
v 0.919515 0.111111 -0.206349
v 0.921255 0.111111 0.777778
v 0.925394 0.142857 0.746032
v 0.933248 0.142857 0.777778
v 0.925916 0.174603 -0.174603
v 0.936508 0.144427 -0.174603
v 0.936508 0.174603 -0.199988
v 0.930719 0.174603 -0.142857
v 0.936508 0.165388 -0.142857
v 0.936508 0.174603 -0.125098
v 0.936426 0.174603 0.746032
v 0.936503 0.174603 0.777778
v 0.908309 0.174603 0.809524
v 0.926023 0.206349 -0.174603
v 0.936508 0.206349 -0.193469
v 0.922215 0.206349 -0.142857
v 0.924785 0.206349 -0.111111
v 0.936508 0.181620 -0.111111
v 0.931772 0.206349 -0.079365
v 0.936508 0.198339 -0.079365
v 0.936508 0.206349 -0.065962
v 0.915248 0.206349 0.714286
v 0.936508 0.175246 0.746032
v 0.936508 0.206349 0.742147
v 0.933530 0.206349 0.777778
v 0.936508 0.206349 0.762081
v 0.906933 0.206349 0.809524
v 0.925282 0.238095 -0.174603
v 0.936508 0.238095 -0.190367
v 0.917644 0.238095 -0.142857
v 0.918557 0.238095 -0.111111
v 0.924930 0.238095 -0.079365
v 0.936307 0.238095 -0.047619
v 0.936508 0.237052 -0.047619
v 0.936508 0.238095 -0.047188
v 0.922106 0.238095 0.714286
v 0.936508 0.238095 0.743292
v 0.927998 0.238095 0.777778
v 0.936508 0.238095 0.750089
v 0.923632 0.269841 -0.174603
v 0.936508 0.269841 -0.189690
v 0.916393 0.269841 -0.142857
v 0.920146 0.269841 -0.111111
v 0.929084 0.269841 -0.079365
v 0.936508 0.239054 -0.047619
v 0.936508 0.269841 -0.061737
v 0.920875 0.269841 0.714286
v 0.933365 0.269841 0.746032
v 0.936508 0.247691 0.746032
v 0.922608 0.269841 0.777778
v 0.926429 0.301587 -0.174603
v 0.936508 0.301587 -0.185511
v 0.921901 0.301587 -0.142857
v 0.929470 0.301587 -0.111111
v 0.936508 0.289520 -0.079365
v 0.936508 0.301587 -0.092568
v 0.913709 0.301587 0.714286
v 0.928532 0.301587 0.746032
v 0.919016 0.301587 0.777778
v 0.936508 0.321932 -0.174603
v 0.936508 0.330129 -0.142857
v 0.936508 0.315144 -0.111111
v 0.927054 0.333333 0.746032
v 0.920224 0.333333 0.777778
v 0.932115 0.365079 0.746032
v 0.930149 0.365079 0.777778
v 0.936508 0.385286 0.746032
v 0.936508 0.396825 0.744388
v 0.936508 0.380743 0.777778
v 0.912550 0.396825 0.809524
v 0.936508 0.396825 0.785289
v 0.934342 0.428571 0.746032
v 0.936508 0.419705 0.746032
v 0.936508 0.428571 0.748602
v 0.916838 0.428571 0.809524
v 0.936508 0.428571 0.787598
v 0.908504 0.460317 0.746032
v 0.936508 0.460317 0.771443
v 0.918263 0.460317 0.809524
v 0.936508 0.460317 0.781162
v 0.930163 0.492063 0.777778
v 0.936508 0.470312 0.777778
v 0.920451 0.492063 0.809524
v 0.922958 0.523810 0.777778
v 0.924654 0.523810 0.809524
v 0.913989 0.523810 0.841270
v 0.906674 0.523810 0.873016
v 0.907323 0.523810 0.904762
v 0.911037 0.523810 0.936508
v 0.917620 0.555556 0.777778
v 0.933689 0.555556 0.809524
v 0.934212 0.555556 0.841270
v 0.935312 0.555556 0.873016
v 0.936508 0.553318 0.904762
v 0.936508 0.555556 0.880294
v 0.933926 0.555556 0.936508
v 0.936508 0.555556 0.924007
v 0.936508 0.565163 0.809524
v 0.936508 0.587302 0.801237
v 0.936508 0.558809 0.841270
v 0.936508 0.556672 0.873016
v 0.936508 0.559691 0.936508
v 0.936508 0.587302 0.946203
v 0.936508 0.606587 0.809524
v 0.936508 0.619048 0.816130
v 0.914957 0.619048 0.936508
v 0.936508 0.619048 0.939099
v 0.936508 0.631488 0.841270
v 0.936508 0.643833 0.873016
v 0.936508 0.645023 0.904762
v 0.936508 0.623086 0.936508
v 0.968254 -0.998554 -0.333333
v 0.967543 -1.000000 -0.333333
v 0.968254 -1.000000 -0.334148
v 0.961652 -0.968254 -0.301587
v 0.968254 -0.968254 -0.312417
v 0.946349 -1.000000 -0.301587
v 0.949968 -0.968254 -0.269841
v 0.945092 -0.968254 -0.238095
v 0.943775 -0.968254 -0.206349
v 0.941345 -0.968254 -0.174603
v 0.944215 -1.000000 -0.015873
v 0.962372 -0.968254 0.015873
v 0.968254 -0.982722 0.015873
v 0.968254 -1.000000 0.007495
v 0.968254 -0.968254 0.020293
v 0.968254 -0.951278 -0.301587
v 0.961520 -0.936508 -0.269841
v 0.968254 -0.936508 -0.287713
v 0.955122 -0.936508 -0.238095
v 0.951246 -0.936508 -0.206349
v 0.946434 -0.936508 -0.174603
v 0.940696 -0.936508 -0.142857
v 0.960808 -0.936508 0.015873
v 0.968254 -0.936508 0.022549
v 0.960145 -0.936508 0.746032
v 0.968254 -0.944401 0.746032
v 0.968254 -0.936508 0.733176
v 0.968254 -0.936508 0.762119
v 0.968254 -0.912227 -0.269841
v 0.961755 -0.904762 -0.238095
v 0.968254 -0.904762 -0.262267
v 0.955164 -0.904762 -0.206349
v 0.949337 -0.904762 -0.174603
v 0.945249 -0.904762 -0.142857
v 0.941468 -0.904762 -0.111111
v 0.936953 -0.904762 -0.079365
v 0.936526 -0.904762 -0.047619
v 0.947817 -0.904762 -0.015873
v 0.968254 -0.913049 0.015873
v 0.968254 -0.904762 0.012549
v 0.958253 -0.904762 0.746032
v 0.968254 -0.904762 0.732816
v 0.954944 -0.904762 0.777778
v 0.968254 -0.927390 0.777778
v 0.968254 -0.904762 0.795241
v 0.965273 -0.873016 -0.238095
v 0.968254 -0.873016 -0.246480
v 0.955996 -0.873016 -0.206349
v 0.950301 -0.873016 -0.174603
v 0.948859 -0.873016 -0.142857
v 0.948952 -0.873016 -0.111111
v 0.949176 -0.873016 -0.079365
v 0.954006 -0.873016 -0.047619
v 0.968254 -0.873238 -0.015873
v 0.968254 -0.873016 -0.016173
v 0.967173 -0.873016 0.746032
v 0.968254 -0.873016 0.744870
v 0.950790 -0.873016 0.777778
v 0.956374 -0.873016 0.809524
v 0.968254 -0.887356 0.809524
v 0.968254 -0.873016 0.818543
v 0.967187 -0.841270 -0.238095
v 0.968254 -0.841270 -0.240227
v 0.955038 -0.841270 -0.206349
v 0.950377 -0.841270 -0.174603
v 0.952529 -0.841270 -0.142857
v 0.958247 -0.841270 -0.111111
v 0.966470 -0.841270 -0.079365
v 0.968254 -0.855410 -0.047619
v 0.968254 -0.841270 -0.075138
v 0.968254 -0.870892 0.746032
v 0.956055 -0.841270 0.777778
v 0.968254 -0.841270 0.766497
v 0.942291 -0.841270 0.809524
v 0.968254 -0.841270 0.829524
v 0.968254 -0.830552 -0.238095
v 0.954448 -0.809524 -0.206349
v 0.968254 -0.809524 -0.233825
v 0.951557 -0.809524 -0.174603
v 0.959048 -0.809524 -0.142857
v 0.968254 -0.819585 -0.111111
v 0.968254 -0.809524 -0.123189
v 0.968254 -0.838915 -0.079365
v 0.968254 -0.829967 0.777778
v 0.968254 -0.821191 0.809524
v 0.959730 -0.777778 -0.206349
v 0.968254 -0.777778 -0.219815
v 0.959798 -0.777778 -0.174603
v 0.968254 -0.790996 -0.142857
v 0.968254 -0.777778 -0.159958
v 0.968254 -0.764367 -0.206349
v 0.968254 -0.767504 -0.174603
v 0.941766 -0.460317 0.841270
v 0.946496 -0.460317 0.873016
v 0.943069 -0.460317 0.904762
v 0.937598 -0.428571 0.809524
v 0.961473 -0.428571 0.841270
v 0.964988 -0.428571 0.873016
v 0.957992 -0.428571 0.904762
v 0.944744 -0.428571 0.936508
v 0.953974 -0.396825 0.809524
v 0.968254 -0.414428 0.841270
v 0.968254 -0.396825 0.826867
v 0.968254 -0.419572 0.873016
v 0.964668 -0.396825 0.904762
v 0.968254 -0.396825 0.893706
v 0.946045 -0.396825 0.936508
v 0.968254 -0.367870 0.809524
v 0.968254 -0.365079 0.808418
v 0.961801 -0.365079 0.904762
v 0.968254 -0.365079 0.892641
v 0.953928 -0.333333 0.777778
v 0.968254 -0.333333 0.792138
v 0.950275 -0.333333 0.904762
v 0.968254 -0.333333 0.884684
v 0.968254 -0.314463 0.777778
v 0.968254 -0.301587 0.770694
v 0.968254 -0.301587 0.878372
v 0.958868 -0.269841 0.746032
v 0.968254 -0.269841 0.752765
v 0.968254 -0.269841 0.874735
v 0.968254 -0.257553 0.746032
v 0.968254 -0.238095 0.740046
v 0.968254 -0.238095 0.874022
v 0.968254 -0.206349 0.731437
v 0.947440 -0.206349 0.873016
v 0.968254 -0.206349 0.876461
v 0.968254 -0.174603 0.723632
v 0.946000 -0.174603 0.873016
v 0.968254 -0.174603 0.881619
v 0.968254 -0.142857 0.717137
v 0.943604 -0.142857 0.873016
v 0.968254 -0.142857 0.888187
v 0.968254 -0.119560 0.714286
v 0.968254 -0.111111 0.713519
v 0.943853 -0.111111 0.873016
v 0.968254 -0.111111 0.894320
v 0.959740 -0.079365 0.714286
v 0.968254 -0.079365 0.713859
v 0.947715 -0.079365 0.873016
v 0.968254 -0.079365 0.896800
v 0.968254 -0.075921 0.714286
v 0.968254 -0.047619 0.720295
v 0.958584 -0.047619 0.873016
v 0.968254 -0.047619 0.886215
v 0.968254 -0.015873 0.732412
v 0.954874 -0.015873 0.841270
v 0.968254 -0.035242 0.873016
v 0.968254 -0.015873 0.854472
v 0.968254 0.015083 0.746032
v 0.968254 0.015873 0.747333
v 0.960182 0.015873 0.809524
v 0.968254 -0.005377 0.841270
v 0.968254 0.015873 0.813617
v 0.968254 0.036632 0.777778
v 0.968254 0.019831 0.809524
v 0.968254 0.167249 -0.174603
v 0.968254 0.174603 -0.186497
v 0.968254 0.167019 -0.142857
v 0.956822 0.174603 -0.111111
v 0.968254 0.172452 -0.111111
v 0.968254 0.174603 -0.103175
v 0.968254 0.206349 -0.200879
v 0.968254 0.182861 -0.079365
v 0.952511 0.206349 -0.047619
v 0.968254 0.196967 -0.047619
v 0.968254 0.206349 -0.030531
v 0.938324 0.206349 0.746032
v 0.968254 0.238095 -0.201235
v 0.964427 0.238095 -0.015873
v 0.968254 0.229003 -0.015873
v 0.968254 0.238095 -0.011556
v 0.937266 0.238095 0.746032
v 0.968254 0.269841 -0.199087
v 0.946525 0.269841 -0.047619
v 0.968254 0.252252 -0.015873
v 0.968254 0.269841 -0.020664
v 0.968254 0.301587 -0.194191
v 0.943546 0.301587 -0.079365
v 0.963986 0.301587 -0.047619
v 0.968254 0.301587 -0.041947
v 0.952405 0.333333 -0.174603
v 0.968254 0.333333 -0.180796
v 0.939917 0.333333 -0.142857
v 0.951641 0.333333 -0.111111
v 0.965155 0.333333 -0.079365
v 0.968254 0.308345 -0.047619
v 0.968254 0.333333 -0.074138
v 0.968254 0.340401 -0.174603
v 0.968254 0.352652 -0.142857
v 0.968254 0.350481 -0.111111
v 0.968254 0.337642 -0.079365
v 0.937189 0.396825 0.746032
v 0.938849 0.396825 0.777778
v 0.939549 0.428571 0.777778
v 0.937373 0.460317 0.777778
v 0.938803 0.555556 0.904762
v 0.939028 0.587302 0.809524
v 0.947403 0.587302 0.841270
v 0.963076 0.587302 0.873016
v 0.968254 0.583079 0.904762
v 0.968254 0.587302 0.887205
v 0.953084 0.587302 0.936508
v 0.968254 0.587302 0.915287
v 0.950948 0.619048 0.841270
v 0.968254 0.596540 0.873016
v 0.968254 0.619048 0.857803
v 0.944487 0.619048 0.936508
v 0.968254 0.619048 0.923010
v 0.968254 0.640354 0.873016
v 0.968254 0.640996 0.904762
v 0.994368 -0.968254 -0.333333
v 1.000000 -0.968254 -0.336839
v 1.000000 -1.000000 -0.349902
v 0.981124 -1.000000 0.015873
v 1.000000 -0.968254 0.038021
v 1.000000 -1.000000 0.024602
v 1.000000 -0.957703 -0.333333
v 0.976072 -0.936508 -0.301587
v 1.000000 -0.936508 -0.325742
v 1.000000 -0.936508 0.044964
v 0.992896 -0.936508 0.714286
v 1.000000 -0.941001 0.714286
v 1.000000 -0.936508 0.712268
v 1.000000 -0.964262 0.746032
v 0.974952 -0.936508 0.777778
v 1.000000 -0.951036 0.777778
v 1.000000 -0.936508 0.792466
v 0.988551 -0.904762 -0.301587
v 1.000000 -0.904762 -0.316248
v 0.970769 -0.904762 -0.269841
v 0.971290 -0.904762 0.015873
v 1.000000 -0.904762 0.039944
v 0.988446 -0.904762 0.714286
v 1.000000 -0.904762 0.708422
v 0.979976 -0.904762 0.809524
v 1.000000 -0.918855 0.809524
v 1.000000 -0.904762 0.818510
v 0.999363 -0.873016 -0.301587
v 1.000000 -0.873016 -0.302694
v 0.979069 -0.873016 -0.269841
v 0.968431 -0.873016 -0.015873
v 0.996086 -0.873016 0.015873
v 1.000000 -0.873016 0.019869
v 0.997806 -0.873016 0.714286
v 1.000000 -0.873016 0.712758
v 1.000000 -0.873016 0.832325
v 0.997372 -0.841270 -0.492063
v 1.000000 -0.856128 -0.492063
v 1.000000 -0.841270 -0.509984
v 0.997229 -0.841270 -0.460317
v 1.000000 -0.855826 -0.460317
v 1.000000 -0.841270 -0.440295
v 1.000000 -0.871253 -0.301587
v 0.988030 -0.841270 -0.269841
v 1.000000 -0.841270 -0.286980
v 0.983603 -0.841270 -0.047619
v 1.000000 -0.846495 -0.015873
v 1.000000 -0.841270 -0.024788
v 1.000000 -0.869418 0.015873
v 1.000000 -0.869442 0.714286
v 0.980021 -0.841270 0.746032
v 1.000000 -0.841270 0.726798
v 1.000000 -0.841270 0.837972
v 1.000000 -0.816069 -0.492063
v 1.000000 -0.816684 -0.460317
v 1.000000 -0.813035 -0.269841
v 0.971555 -0.809524 -0.238095
v 1.000000 -0.809524 -0.267993
v 0.977103 -0.809524 -0.111111
v 1.000000 -0.812940 -0.079365
v 1.000000 -0.809524 -0.085355
v 1.000000 -0.829674 -0.047619
v 1.000000 -0.819837 0.746032
v 0.986682 -0.809524 0.777778
v 1.000000 -0.809524 0.762899
v 0.981418 -0.809524 0.809524
v 1.000000 -0.809524 0.820596
v 0.988673 -0.777778 -0.238095
v 1.000000 -0.777778 -0.247006
v 0.995362 -0.777778 -0.142857
v 1.000000 -0.795495 -0.111111
v 1.000000 -0.777778 -0.141037
v 1.000000 -0.803299 0.777778
v 1.000000 -0.803827 0.809524
v 1.000000 -0.768479 -0.238095
v 1.000000 -0.757677 -0.206349
v 1.000000 -0.764088 -0.174603
v 1.000000 -0.776789 -0.142857
v 0.972861 -0.396825 0.841270
v 0.973366 -0.396825 0.873016
v 0.968860 -0.365079 0.809524
v 0.977738 -0.365079 0.841270
v 0.975450 -0.365079 0.873016
v 0.976212 -0.333333 0.809524
v 0.980969 -0.333333 0.841270
v 0.974607 -0.333333 0.873016
v 0.972590 -0.301587 0.777778
v 0.983681 -0.301587 0.809524
v 0.984739 -0.301587 0.841270
v 0.972540 -0.301587 0.873016
v 0.983603 -0.269841 0.777778
v 0.993071 -0.269841 0.809524
v 0.991456 -0.269841 0.841270
v 0.970354 -0.269841 0.873016
v 0.974953 -0.238095 0.746032
v 0.996055 -0.238095 0.777778
v 1.000000 -0.253207 0.809524
v 1.000000 -0.238095 0.790166
v 1.000000 -0.248467 0.841270
v 0.970287 -0.238095 0.873016
v 1.000000 -0.238095 0.848061
v 0.987628 -0.206349 0.746032
v 1.000000 -0.230206 0.777778
v 1.000000 -0.206349 0.761812
v 0.980901 -0.206349 0.873016
v 1.000000 -0.206349 0.865816
v 1.000000 -0.182437 0.746032
v 1.000000 -0.174603 0.743057
v 1.000000 -0.189275 0.873016
v 1.000000 -0.174603 0.877431
v 1.000000 -0.142857 0.732749
v 1.000000 -0.142857 0.886661
v 0.970672 -0.111111 0.714286
v 1.000000 -0.111111 0.726167
v 1.000000 -0.111111 0.895228
v 0.969864 -0.079365 0.714286
v 1.000000 -0.079365 0.724415
v 1.000000 -0.079365 0.900468
v 1.000000 -0.047619 0.728655
v 1.000000 -0.047619 0.893990
v 1.000000 -0.015873 0.738759
v 1.000000 -0.023821 0.873016
v 1.000000 -0.015873 0.865389
v 1.000000 0.001107 0.746032
v 1.000000 0.015873 0.763598
v 1.000000 0.001902 0.841270
v 1.000000 0.015873 0.817518
v 1.000000 0.026873 0.777778
v 1.000000 0.020993 0.809524
v 0.978040 0.174603 -0.174603
v 0.983953 0.174603 -0.142857
v 0.975967 0.174603 -0.111111
v 1.000000 0.195570 -0.174603
v 1.000000 0.206349 -0.185834
v 1.000000 0.185293 -0.142857
v 1.000000 0.184112 -0.111111
v 1.000000 0.189660 -0.079365
v 1.000000 0.200705 -0.047619
v 1.000000 0.206349 -0.036030
v 1.000000 0.238095 -0.195268
v 1.000000 0.224692 -0.015873
v 1.000000 0.238095 -0.005721
v 1.000000 0.269841 -0.194466
v 0.976909 0.269841 -0.015873
v 1.000000 0.269841 -0.003966
v 1.000000 0.301587 -0.190251
v 0.999499 0.301587 -0.015873
v 1.000000 0.301587 -0.015475
v 1.000000 0.333333 -0.181249
v 0.988216 0.333333 -0.047619
v 1.000000 0.302248 -0.015873
v 1.000000 0.333333 -0.035355
v 1.000000 0.344778 -0.174603
v 0.990472 0.365079 -0.142857
v 1.000000 0.365079 -0.152330
v 0.985154 0.365079 -0.111111
v 0.991946 0.365079 -0.079365
v 1.000000 0.350664 -0.047619
v 1.000000 0.365079 -0.064605
v 1.000000 0.370792 -0.142857
v 1.000000 0.379375 -0.111111
v 1.000000 0.376274 -0.079365
v 0.971564 0.587302 0.904762
v 0.976745 0.619048 0.873016
v 0.980063 0.619048 0.904762

f 3 1 2
f 2 4 5
f 1 4 2
f 5 6 7
f 4 6 5
f 7 6 8
f 10 1 3
f 9 1 10
f 1 9 4
f 4 9 11
f 12 11 13
f 12 6 11
f 6 4 11
f 6 12 8
f 15 9 10
f 14 9 15
f 16 14 17
f 16 11 14
f 11 9 14
f 11 16 13
f 15 18 14
f 14 18 17
f 20 19 21
f 23 19 20
f 22 19 23
f 23 24 22
f 27 25 26
f 26 28 29
f 25 28 26
f 32 29 28
f 32 31 29
f 31 30 29
f 30 31 33
f 31 34 33
f 21 19 35
f 21 35 34
f 34 35 33
f 37 35 19
f 37 19 36
f 36 19 22
f 39 22 24
f 39 38 22
f 38 36 22
f 42 40 41
f 41 25 27
f 41 40 25
f 40 43 25
f 45 44 28
f 45 28 43
f 43 28 25
f 28 44 32
f 37 36 46
f 48 46 36
f 48 36 47
f 47 36 38
f 50 40 42
f 49 40 50
f 52 51 43
f 52 43 49
f 49 43 40
f 43 51 45
f 54 48 47
f 53 54 47
f 56 49 50
f 55 49 56
f 49 55 57
f 52 49 57
f 59 54 53
f 58 59 53
f 55 62 61
f 55 56 62
f 56 60 62
f 55 61 57
f 65 64 63
f 64 59 58
f 64 58 63
f 63 58 66
f 60 67 62
f 67 68 62
f 71 70 69
f 70 65 63
f 70 63 69
f 69 63 72
f 74 66 73
f 74 72 66
f 72 63 66
f 77 75 76
f 76 75 78
f 76 78 67
f 67 78 68
f 80 71 69
f 79 80 69
f 82 72 81
f 82 79 72
f 79 69 72
f 72 74 81
f 84 75 77
f 83 75 84
f 75 83 85
f 78 75 85
f 79 87 88
f 79 88 80
f 80 88 86
f 79 82 87
f 83 91 90
f 83 84 91
f 84 89 91
f 83 90 85
f 86 88 92
f 92 88 93
f 96 94 95
f 95 94 97
f 95 97 89
f 89 97 91
f 100 99 98
f 99 101 98
f 99 92 101
f 92 93 101
f 94 104 103
f 94 96 104
f 96 102 104
f 94 103 97
f 98 106 107
f 98 107 100
f 100 107 105
f 98 101 106
f 102 108 104
f 108 109 104
f 105 107 110
f 110 107 111
f 114 113 112
f 114 109 113
f 109 108 113
f 114 112 115
f 117 118 116
f 116 111 117
f 116 119 111
f 119 110 111
f 121 112 113
f 120 112 121
f 123 115 112
f 123 112 122
f 122 112 120
f 123 122 124
f 126 127 125
f 118 126 125
f 118 125 116
f 116 125 128
f 119 129 130
f 119 116 129
f 116 128 129
f 130 129 131
f 121 132 120
f 134 120 132
f 134 133 120
f 133 122 120
f 136 124 122
f 136 122 135
f 135 122 133
f 138 136 135
f 137 138 135
f 127 138 137
f 127 137 125
f 125 137 139
f 125 139 128
f 128 139 140
f 128 140 129
f 129 140 141
f 131 141 142
f 129 141 131
f 144 133 134
f 143 133 144
f 133 143 135
f 135 143 145
f 147 146 137
f 147 137 145
f 145 137 135
f 146 149 148
f 146 148 137
f 137 148 139
f 139 148 140
f 140 148 150
f 140 150 141
f 141 150 151
f 142 151 152
f 141 151 142
f 154 143 144
f 153 143 154
f 156 155 145
f 156 145 153
f 153 145 143
f 145 155 147
f 148 149 157
f 157 159 158
f 157 158 148
f 148 158 150
f 150 158 151
f 151 158 160
f 152 160 161
f 151 160 152
f 153 164 163
f 153 154 164
f 154 162 164
f 153 163 156
f 165 158 159
f 166 165 159
f 167 165 168
f 167 160 165
f 160 158 165
f 160 167 161
f 162 170 164
f 169 170 162
f 170 169 171
f 172 170 171
f 173 165 166
f 173 166 174
f 174 166 175
f 165 173 168
f 176 171 177
f 176 178 171
f 178 172 171
f 177 179 176
f 183 181 180
f 182 183 180
f 180 175 182
f 174 175 180
f 176 184 178
f 179 184 176
f 179 185 184
f 185 186 184
f 185 183 186
f 181 183 185
f 188 187 189
f 191 187 188
f 190 187 191
f 190 192 193
f 190 191 192
f 191 194 192
f 194 195 192
f 196 195 194
f 197 189 187
f 198 189 197
f 199 200 197
f 199 197 190
f 190 197 187
f 190 193 199
f 195 196 202
f 201 195 202
f 202 203 201
f 204 203 202
f 197 205 198
f 205 197 200
f 205 200 207
f 207 200 206
f 203 204 208
f 208 204 209
f 212 210 211
f 215 211 210
f 215 214 211
f 214 213 211
f 216 214 218
f 216 217 214
f 217 213 214
f 217 216 219
f 206 220 207
f 220 221 207
f 208 209 222
f 222 209 223
f 226 224 225
f 225 210 212
f 225 224 210
f 224 227 210
f 210 227 228
f 215 210 228
f 216 218 229
f 229 232 230
f 216 229 230
f 216 230 231
f 216 231 219
f 231 230 233
f 236 235 234
f 236 221 235
f 221 220 235
f 236 234 237
f 239 240 238
f 238 223 239
f 238 241 223
f 241 222 223
f 226 242 224
f 244 224 242
f 244 243 224
f 243 227 224
f 227 243 245
f 228 227 245
f 246 230 232
f 247 246 232
f 233 246 248
f 230 246 233
f 235 249 234
f 251 250 252
f 249 251 252
f 249 252 237
f 249 237 234
f 250 254 253
f 252 250 253
f 252 253 238
f 252 238 240
f 238 253 241
f 256 243 244
f 255 243 256
f 243 255 257
f 245 243 257
f 258 246 247
f 259 258 247
f 248 258 260
f 246 258 248
f 251 261 250
f 250 261 254
f 256 262 255
f 255 264 257
f 255 262 264
f 262 263 264
f 263 265 264
f 264 265 266
f 259 267 258
f 259 266 267
f 266 265 267
f 258 267 260
f 270 268 269
f 269 271 272
f 268 271 269
f 272 273 274
f 271 273 272
f 274 273 275
f 277 276 278
f 280 276 277
f 279 276 280
f 279 280 284
f 283 281 282
f 282 285 286
f 281 285 282
f 286 287 288
f 285 287 286
f 288 268 270
f 288 287 268
f 287 289 268
f 268 289 271
f 271 289 290
f 271 290 273
f 273 290 291
f 275 291 292
f 273 291 275
f 293 278 276
f 294 278 293
f 276 279 293
f 279 295 293
f 283 296 297
f 283 297 281
f 296 295 297
f 284 297 279
f 295 279 297
f 285 281 297
f 298 285 297
f 287 285 298
f 299 287 298
f 289 287 299
f 300 289 299
f 290 289 300
f 301 290 300
f 291 290 301
f 302 291 301
f 292 291 302
f 292 302 303
f 303 302 304
f 304 305 303
f 306 305 304
f 293 307 294
f 307 308 309
f 307 293 308
f 293 295 308
f 296 311 310
f 296 310 295
f 295 310 308
f 311 312 310
f 315 313 314
f 315 314 306
f 306 314 305
f 315 316 313
f 308 317 309
f 310 317 308
f 318 317 310
f 318 319 321
f 310 319 318
f 310 320 319
f 310 312 320
f 320 323 322
f 319 320 322
f 323 324 322
f 326 314 313
f 325 326 313
f 313 327 325
f 316 327 313
f 319 328 321
f 322 328 319
f 329 328 322
f 329 330 332
f 322 330 329
f 322 331 330
f 322 324 331
f 331 334 333
f 330 331 333
f 334 336 335
f 333 334 335
f 336 337 335
f 339 326 325
f 338 339 325
f 325 340 338
f 327 340 325
f 330 341 332
f 341 342 343
f 341 330 342
f 330 333 342
f 333 335 342
f 335 344 342
f 337 346 345
f 337 345 335
f 335 345 344
f 346 339 338
f 346 338 345
f 345 338 347
f 338 348 347
f 340 348 338
f 342 349 343
f 349 350 351
f 349 342 350
f 342 344 350
f 344 345 350
f 345 352 350
f 354 347 353
f 354 352 347
f 352 345 347
f 347 348 353
f 355 351 350
f 356 351 355
f 358 352 357
f 358 355 352
f 355 350 352
f 352 354 357
f 359 356 355
f 360 356 359
f 355 361 359
f 358 361 355
f 359 362 360
f 359 361 362
f 364 363 365
f 367 363 364
f 366 363 367
f 369 366 367
f 368 366 369
f 369 370 368
f 372 371 373
f 371 374 375
f 371 372 374
f 372 376 374
f 365 363 377
f 365 377 376
f 376 377 374
f 363 366 378
f 377 363 378
f 366 368 379
f 378 366 379
f 368 370 381
f 368 381 379
f 379 381 380
f 380 381 382
f 381 383 382
f 384 383 386
f 384 385 383
f 385 382 383
f 385 384 387
f 390 388 389
f 389 391 392
f 388 391 389
f 392 391 393
f 395 388 390
f 394 388 395
f 388 394 391
f 391 394 396
f 393 397 398
f 393 391 397
f 391 396 397
f 398 399 400
f 397 399 398
f 400 399 401
f 403 394 395
f 402 394 403
f 3 2 396
f 3 396 402
f 402 396 394
f 397 396 2
f 5 397 2
f 399 397 5
f 7 399 5
f 7 401 399
f 7 8 401
f 8 404 401
f 406 402 403
f 405 402 406
f 402 405 10
f 3 402 10
f 12 13 407
f 407 8 12
f 407 408 8
f 408 404 8
f 410 405 406
f 409 405 410
f 405 409 15
f 10 405 15
f 16 17 411
f 411 413 412
f 16 411 412
f 16 412 407
f 16 407 13
f 407 412 408
f 410 414 409
f 409 18 15
f 409 414 18
f 414 415 18
f 17 416 411
f 17 18 416
f 18 415 416
f 411 416 413
f 419 417 418
f 418 420 421
f 417 420 418
f 421 422 423
f 420 422 421
f 423 424 425
f 422 424 423
f 425 426 427
f 424 426 425
f 427 426 428
f 430 417 419
f 429 417 430
f 27 26 420
f 27 420 429
f 429 420 417
f 422 420 26
f 29 422 26
f 424 422 29
f 30 424 29
f 426 424 30
f 33 426 30
f 426 33 35
f 426 35 432
f 426 432 428
f 431 432 35
f 35 37 431
f 429 42 41
f 429 430 42
f 430 433 42
f 429 41 27
f 435 432 431
f 434 435 431
f 46 431 37
f 46 436 431
f 436 434 431
f 46 48 436
f 433 437 42
f 437 50 42
f 439 435 434
f 438 439 434
f 434 436 438
f 436 440 438
f 436 54 440
f 48 54 436
f 437 441 50
f 441 56 50
f 443 439 438
f 442 443 438
f 438 440 442
f 440 444 442
f 440 59 444
f 54 59 440
f 441 445 56
f 445 60 56
f 448 447 446
f 447 443 442
f 447 442 446
f 446 442 449
f 65 444 64
f 65 449 444
f 449 442 444
f 444 59 64
f 452 450 451
f 451 450 67
f 451 67 445
f 445 67 60
f 454 448 446
f 453 454 446
f 71 449 70
f 71 453 449
f 453 446 449
f 449 65 70
f 450 77 76
f 450 452 77
f 452 455 77
f 450 76 67
f 457 454 453
f 456 457 453
f 453 80 456
f 71 80 453
f 455 458 77
f 458 84 77
f 460 457 456
f 459 460 456
f 456 86 459
f 80 86 456
f 463 461 462
f 462 461 89
f 462 89 458
f 458 89 84
f 465 460 459
f 464 465 459
f 459 92 464
f 86 92 459
f 461 96 95
f 461 463 96
f 463 466 96
f 461 95 89
f 464 99 100
f 464 100 465
f 465 100 467
f 464 92 99
f 466 468 96
f 468 102 96
f 467 100 469
f 469 100 105
f 472 470 471
f 471 470 108
f 471 108 468
f 468 108 102
f 473 474 469
f 473 469 110
f 110 469 105
f 474 473 475
f 472 476 470
f 470 476 477
f 470 477 108
f 108 477 113
f 478 473 110
f 119 478 110
f 475 478 479
f 473 478 475
f 477 480 113
f 480 121 113
f 478 119 130
f 130 479 478
f 130 131 479
f 131 481 479
f 132 483 482
f 132 121 483
f 121 480 483
f 132 482 134
f 481 131 484
f 484 131 142
f 483 485 482
f 482 485 486
f 482 486 134
f 134 486 144
f 484 142 487
f 487 142 152
f 486 488 144
f 488 154 144
f 487 152 489
f 489 152 161
f 488 490 154
f 490 162 154
f 167 168 491
f 491 161 167
f 491 492 161
f 492 489 161
f 490 169 162
f 493 169 490
f 169 493 494
f 171 169 494
f 173 174 495
f 495 497 496
f 173 495 496
f 173 496 491
f 173 491 168
f 491 496 492
f 494 177 171
f 498 177 494
f 177 498 499
f 179 177 499
f 181 501 500
f 180 181 500
f 174 502 495
f 174 180 502
f 180 500 502
f 495 502 497
f 499 185 179
f 503 185 499
f 503 181 185
f 501 181 503
f 506 504 505
f 505 504 507
f 506 508 504
f 504 508 507
f 193 509 510
f 192 509 193
f 511 192 195
f 511 512 192
f 512 509 192
f 512 511 513
f 199 514 200
f 514 199 193
f 514 193 515
f 515 193 510
f 511 195 201
f 201 513 511
f 201 203 513
f 203 516 513
f 519 517 518
f 518 517 520
f 521 200 514
f 521 522 200
f 522 206 200
f 514 515 521
f 516 203 523
f 523 203 208
f 526 524 525
f 212 525 524
f 212 211 525
f 211 527 525
f 517 519 527
f 517 527 213
f 213 527 211
f 520 517 213
f 520 213 528
f 528 213 217
f 217 529 528
f 219 529 217
f 522 530 206
f 530 220 206
f 523 208 531
f 531 208 222
f 524 226 225
f 524 526 226
f 526 532 226
f 524 225 212
f 529 219 231
f 533 529 231
f 231 534 533
f 233 534 231
f 537 535 536
f 536 535 235
f 536 235 530
f 530 235 220
f 531 222 538
f 538 222 241
f 242 540 539
f 242 226 540
f 226 532 540
f 242 539 244
f 534 233 541
f 541 233 248
f 543 535 537
f 542 535 543
f 249 235 535
f 249 535 544
f 544 535 542
f 249 544 251
f 253 254 545
f 545 241 253
f 545 546 241
f 546 538 241
f 540 547 539
f 539 547 548
f 539 548 244
f 244 548 256
f 549 550 541
f 549 541 260
f 260 541 248
f 550 551 552
f 549 551 550
f 552 553 554
f 551 553 552
f 554 555 556
f 553 555 554
f 556 557 558
f 555 557 556
f 558 559 560
f 557 559 558
f 560 542 543
f 560 559 542
f 559 561 542
f 542 561 544
f 544 561 562
f 261 251 544
f 261 544 563
f 563 544 562
f 563 565 564
f 261 563 564
f 261 564 545
f 261 545 254
f 545 564 546
f 548 262 256
f 566 262 548
f 566 567 262
f 262 567 263
f 567 568 263
f 263 568 265
f 568 569 265
f 265 569 267
f 260 267 569
f 260 569 570
f 260 570 549
f 570 569 571
f 549 570 551
f 551 570 572
f 551 572 553
f 553 572 573
f 553 573 555
f 555 573 574
f 270 269 557
f 270 557 574
f 574 557 555
f 559 557 269
f 272 559 269
f 561 559 272
f 274 561 272
f 274 275 575
f 274 575 561
f 561 575 562
f 576 575 577
f 576 563 575
f 563 562 575
f 563 576 565
f 579 570 571
f 578 570 579
f 283 282 572
f 283 572 578
f 578 572 570
f 573 572 282
f 286 573 282
f 574 573 286
f 288 574 286
f 574 288 270
f 580 575 275
f 580 275 581
f 581 275 292
f 575 580 577
f 579 582 578
f 578 582 583
f 578 583 283
f 283 583 296
f 303 584 585
f 303 585 292
f 292 585 581
f 303 305 584
f 583 311 296
f 586 311 583
f 311 586 587
f 312 311 587
f 589 585 584
f 588 589 584
f 584 314 588
f 305 314 584
f 587 320 312
f 590 320 587
f 590 591 320
f 320 591 323
f 592 324 323
f 592 323 593
f 593 323 591
f 593 595 594
f 592 593 594
f 595 597 596
f 594 595 596
f 597 589 588
f 597 588 596
f 596 588 598
f 588 326 598
f 314 326 588
f 592 331 324
f 594 331 592
f 334 331 594
f 596 334 594
f 336 334 596
f 336 599 337
f 336 596 599
f 596 598 599
f 598 339 599
f 326 339 598
f 599 346 337
f 599 339 346
f 602 600 601
f 601 603 604
f 600 603 601
f 604 603 605
f 607 600 602
f 606 600 607
f 600 606 603
f 603 606 608
f 605 608 609
f 603 608 605
f 607 610 606
f 606 611 608
f 610 611 606
f 608 611 609
f 374 612 375
f 612 613 614
f 612 374 613
f 374 377 613
f 613 377 615
f 377 378 615
f 615 378 616
f 378 379 616
f 616 379 617
f 379 380 617
f 617 380 618
f 380 382 618
f 618 382 619
f 382 385 619
f 385 620 619
f 387 620 385
f 623 621 622
f 622 621 624
f 390 625 626
f 389 625 390
f 621 623 625
f 621 625 392
f 392 625 389
f 392 393 627
f 621 392 627
f 621 627 628
f 621 628 624
f 628 627 629
f 626 630 390
f 630 395 390
f 627 393 398
f 629 627 398
f 629 398 631
f 631 398 400
f 400 632 631
f 401 632 400
f 630 633 395
f 633 403 395
f 634 635 632
f 634 632 404
f 404 632 401
f 635 634 636
f 633 637 403
f 637 406 403
f 638 634 404
f 408 638 404
f 636 638 639
f 634 638 636
f 642 640 641
f 641 643 644
f 640 643 641
f 644 645 646
f 643 645 644
f 646 645 647
f 637 648 406
f 648 410 406
f 412 413 649
f 649 651 650
f 412 649 650
f 412 650 638
f 412 638 408
f 638 650 639
f 653 640 642
f 652 640 653
f 640 652 643
f 643 652 654
f 643 654 645
f 645 654 655
f 647 656 657
f 647 645 656
f 645 655 656
f 657 658 659
f 656 658 657
f 659 658 660
f 648 414 410
f 661 414 648
f 661 662 414
f 414 662 415
f 662 663 415
f 415 663 416
f 413 664 649
f 413 416 664
f 416 663 664
f 649 664 651
f 666 652 653
f 665 652 666
f 419 418 654
f 419 654 665
f 665 654 652
f 655 654 418
f 421 655 418
f 656 655 421
f 423 656 421
f 658 656 423
f 425 658 423
f 660 658 425
f 660 425 667
f 667 425 427
f 427 668 667
f 428 668 427
f 670 665 666
f 669 665 670
f 665 669 430
f 419 665 430
f 668 428 671
f 671 428 432
f 670 672 669
f 669 672 673
f 669 673 430
f 430 673 433
f 671 432 674
f 674 432 435
f 673 675 433
f 675 437 433
f 678 677 676
f 677 439 676
f 677 674 439
f 674 435 439
f 675 679 437
f 679 441 437
f 682 681 680
f 681 678 676
f 681 676 680
f 680 676 683
f 676 443 683
f 439 443 676
f 679 684 441
f 684 445 441
f 686 682 680
f 685 686 680
f 448 683 447
f 448 685 683
f 685 680 683
f 683 443 447
f 452 687 688
f 451 687 452
f 687 451 445
f 684 687 445
f 690 686 685
f 689 690 685
f 685 454 689
f 448 454 685
f 688 691 452
f 691 455 452
f 693 690 689
f 692 693 689
f 689 457 692
f 454 457 689
f 691 694 455
f 694 458 455
f 696 693 692
f 695 696 692
f 692 460 695
f 457 460 692
f 462 697 463
f 697 462 458
f 697 458 698
f 698 458 694
f 700 696 695
f 699 700 695
f 695 465 699
f 460 465 695
f 701 463 697
f 701 702 463
f 702 466 463
f 697 698 701
f 704 700 699
f 703 704 699
f 699 467 703
f 465 467 699
f 702 705 466
f 705 468 466
f 704 703 706
f 703 707 706
f 703 467 707
f 467 469 707
f 472 708 709
f 471 708 472
f 708 471 468
f 705 708 468
f 707 469 474
f 710 707 474
f 474 711 710
f 475 711 474
f 476 713 712
f 476 472 713
f 472 709 713
f 476 712 477
f 711 475 714
f 714 475 479
f 713 715 712
f 712 715 716
f 712 716 477
f 477 716 480
f 714 479 717
f 717 479 481
f 716 718 480
f 718 483 480
f 719 720 717
f 719 717 484
f 484 717 481
f 720 719 721
f 718 485 483
f 722 485 718
f 485 722 723
f 486 485 723
f 724 719 484
f 487 724 484
f 721 724 725
f 719 724 721
f 723 726 486
f 726 488 486
f 727 724 487
f 727 487 728
f 728 487 489
f 724 727 725
f 726 729 488
f 729 490 488
f 728 489 730
f 730 489 492
f 493 732 731
f 493 490 732
f 490 729 732
f 493 731 494
f 497 734 733
f 496 497 733
f 733 492 496
f 730 492 733
f 732 735 731
f 737 736 498
f 735 737 498
f 735 498 494
f 735 494 731
f 498 736 499
f 500 501 738
f 502 500 738
f 739 502 738
f 739 497 502
f 739 740 497
f 740 734 497
f 737 741 736
f 743 742 503
f 741 743 503
f 741 503 499
f 741 499 736
f 501 503 742
f 501 742 738
f 738 742 744
f 738 744 739
f 739 744 745
f 740 745 746
f 739 745 740
f 748 742 743
f 747 742 748
f 742 747 744
f 744 747 749
f 744 749 745
f 745 749 750
f 746 750 751
f 745 750 746
f 753 747 748
f 752 747 753
f 747 752 749
f 749 752 754
f 749 754 750
f 750 754 755
f 751 756 757
f 751 750 756
f 750 755 756
f 757 756 758
f 760 752 753
f 759 752 760
f 752 759 754
f 754 759 761
f 754 761 755
f 755 761 762
f 755 762 756
f 756 762 763
f 758 764 765
f 758 756 764
f 756 763 764
f 765 764 766
f 768 759 760
f 767 759 768
f 759 767 761
f 761 767 769
f 761 769 762
f 762 769 770
f 506 505 763
f 506 763 770
f 770 763 762
f 505 507 771
f 505 771 763
f 763 771 764
f 766 771 772
f 764 771 766
f 774 767 768
f 773 767 774
f 767 773 769
f 769 773 775
f 769 775 770
f 770 775 776
f 508 506 770
f 508 770 777
f 777 770 776
f 507 508 777
f 507 777 771
f 771 777 778
f 772 778 779
f 771 778 772
f 774 780 773
f 782 773 780
f 782 781 773
f 781 775 773
f 775 781 776
f 776 781 783
f 776 783 777
f 777 783 784
f 785 784 786
f 785 778 784
f 778 777 784
f 778 785 779
f 782 787 781
f 789 781 787
f 789 788 781
f 788 783 781
f 790 788 791
f 790 784 788
f 784 783 788
f 784 790 786
f 788 510 509
f 788 789 510
f 789 792 510
f 788 509 512
f 788 512 794
f 788 794 791
f 793 794 512
f 512 513 793
f 792 795 510
f 795 515 510
f 794 793 796
f 793 797 796
f 793 513 797
f 513 516 797
f 518 798 519
f 518 520 798
f 521 799 522
f 799 521 515
f 799 515 800
f 800 515 795
f 797 516 801
f 801 516 523
f 525 802 526
f 802 803 804
f 802 525 803
f 525 527 803
f 519 798 805
f 519 805 527
f 527 805 803
f 798 520 528
f 798 528 805
f 805 528 806
f 528 807 806
f 529 807 528
f 808 522 799
f 808 809 522
f 809 530 522
f 799 800 808
f 801 523 810
f 810 523 531
f 811 526 802
f 811 812 526
f 812 532 526
f 802 804 811
f 807 529 533
f 813 807 533
f 533 814 813
f 534 814 533
f 537 815 816
f 536 815 537
f 815 536 530
f 809 815 530
f 810 531 817
f 817 531 538
f 812 818 532
f 818 540 532
f 819 820 814
f 819 814 541
f 541 814 534
f 820 819 821
f 824 822 823
f 823 822 543
f 823 543 816
f 816 543 537
f 817 538 825
f 825 538 546
f 818 547 540
f 826 547 818
f 547 826 827
f 548 547 827
f 819 541 550
f 821 819 550
f 821 550 828
f 828 550 552
f 828 552 829
f 552 554 829
f 829 554 830
f 554 556 830
f 830 556 831
f 556 558 831
f 822 824 831
f 822 831 560
f 560 831 558
f 822 560 543
f 565 833 832
f 564 565 832
f 832 546 564
f 825 546 832
f 827 566 548
f 834 566 827
f 834 835 566
f 566 835 567
f 835 836 567
f 567 836 568
f 838 837 569
f 838 569 836
f 836 569 568
f 569 837 571
f 577 840 839
f 576 577 839
f 839 565 576
f 833 565 839
f 838 841 837
f 837 841 842
f 837 842 571
f 571 842 579
f 580 581 843
f 843 577 580
f 843 844 577
f 844 840 577
f 842 582 579
f 845 582 842
f 582 845 846
f 583 582 846
f 847 843 581
f 847 581 848
f 848 581 585
f 843 847 844
f 846 586 583
f 849 586 846
f 586 849 850
f 587 586 850
f 853 852 851
f 852 589 851
f 852 848 589
f 848 585 589
f 850 590 587
f 854 590 850
f 854 855 590
f 590 855 591
f 855 856 591
f 591 856 593
f 856 857 593
f 593 857 595
f 851 857 853
f 851 597 857
f 597 595 857
f 851 589 597
f 602 858 859
f 601 858 602
f 858 601 860
f 601 604 860
f 861 604 605
f 861 862 604
f 862 860 604
f 862 861 863
f 866 864 865
f 865 864 607
f 865 607 859
f 859 607 602
f 867 861 605
f 609 867 605
f 863 867 868
f 861 867 863
f 866 869 864
f 871 870 610
f 869 871 610
f 869 610 607
f 869 607 864
f 611 610 870
f 872 611 870
f 872 874 873
f 611 872 873
f 611 873 867
f 611 867 609
f 867 873 868
f 871 875 870
f 877 870 875
f 877 876 870
f 876 872 870
f 874 876 878
f 872 876 874
f 877 879 876
f 876 879 878
f 882 880 881
f 881 883 884
f 880 883 881
f 884 883 885
f 613 886 614
f 886 887 888
f 886 613 887
f 613 615 887
f 880 882 887
f 880 887 616
f 616 887 615
f 883 880 616
f 617 883 616
f 885 883 617
f 885 617 889
f 889 617 618
f 891 619 890
f 891 889 619
f 889 618 619
f 619 620 890
f 894 892 893
f 623 893 892
f 623 622 893
f 622 895 893
f 896 622 624
f 896 897 622
f 897 895 622
f 897 896 898
f 892 626 625
f 892 894 626
f 894 899 626
f 892 625 623
f 896 624 628
f 628 629 900
f 896 628 900
f 896 900 901
f 896 901 898
f 901 900 902
f 905 903 904
f 904 903 630
f 904 630 899
f 899 630 626
f 900 629 631
f 631 632 906
f 900 631 906
f 900 906 907
f 900 907 902
f 907 906 908
f 910 903 905
f 909 903 910
f 903 909 633
f 630 903 633
f 906 632 635
f 635 636 911
f 906 635 911
f 906 911 912
f 906 912 908
f 912 913 914
f 911 913 912
f 914 915 916
f 913 915 914
f 916 917 918
f 915 917 916
f 918 917 919
f 910 920 909
f 909 920 921
f 909 921 633
f 633 921 637
f 922 911 636
f 639 922 636
f 642 641 913
f 642 913 922
f 922 913 911
f 915 913 641
f 644 915 641
f 917 915 644
f 646 917 644
f 646 647 923
f 917 646 923
f 917 923 924
f 917 924 919
f 924 923 925
f 921 926 637
f 926 648 637
f 651 928 927
f 650 651 927
f 639 929 922
f 639 650 929
f 650 927 929
f 922 929 930
f 922 930 642
f 642 930 653
f 923 647 657
f 925 923 657
f 925 657 931
f 931 657 659
f 659 932 931
f 660 932 659
f 926 661 648
f 933 661 926
f 933 934 661
f 661 934 662
f 934 935 662
f 662 935 663
f 935 936 663
f 663 936 664
f 936 651 664
f 928 651 936
f 930 937 653
f 937 666 653
f 932 660 667
f 938 932 667
f 667 939 938
f 668 939 667
f 940 937 941
f 940 670 937
f 670 666 937
f 941 942 940
f 939 668 943
f 943 668 671
f 940 672 670
f 672 940 942
f 672 942 673
f 673 942 944
f 947 946 945
f 946 674 945
f 946 943 674
f 943 671 674
f 944 948 673
f 948 675 673
f 945 677 678
f 945 678 947
f 947 678 949
f 945 674 677
f 948 950 675
f 950 679 675
f 682 952 951
f 681 682 951
f 951 678 681
f 949 678 951
f 950 953 679
f 953 684 679
f 956 955 954
f 955 686 954
f 955 952 686
f 952 682 686
f 688 957 958
f 687 957 688
f 957 687 684
f 953 957 684
f 960 956 954
f 959 960 954
f 954 690 959
f 686 690 954
f 958 961 688
f 961 691 688
f 963 960 959
f 962 963 959
f 959 693 962
f 690 693 959
f 961 964 691
f 964 694 691
f 966 963 962
f 965 966 962
f 962 696 965
f 693 696 962
f 964 967 694
f 967 698 694
f 969 966 965
f 968 969 965
f 965 700 968
f 696 700 965
f 701 970 702
f 970 701 698
f 970 698 971
f 971 698 967
f 969 968 972
f 968 973 972
f 968 700 973
f 700 704 973
f 974 702 970
f 974 975 702
f 975 705 702
f 970 971 974
f 973 704 706
f 976 973 706
f 706 977 976
f 707 977 706
f 708 978 709
f 978 708 705
f 978 705 979
f 979 705 975
f 710 980 981
f 710 981 707
f 707 981 977
f 710 711 980
f 982 709 978
f 713 709 982
f 979 983 982
f 978 979 982
f 981 980 984
f 980 985 984
f 980 711 985
f 711 714 985
f 982 715 713
f 715 982 983
f 715 983 716
f 716 983 986
f 985 714 987
f 987 714 717
f 988 986 989
f 988 718 986
f 718 716 986
f 989 990 988
f 987 717 720
f 991 987 720
f 720 992 991
f 721 992 720
f 988 722 718
f 722 988 990
f 722 990 723
f 723 990 993
f 992 721 994
f 994 721 725
f 993 995 723
f 995 726 723
f 728 997 996
f 727 728 996
f 996 725 727
f 994 725 996
f 995 998 726
f 998 729 726
f 1001 1000 999
f 1000 730 999
f 1000 997 730
f 997 728 730
f 998 1002 729
f 1002 732 729
f 999 733 734
f 999 734 1001
f 1001 734 1003
f 999 730 733
f 1002 735 732
f 1004 735 1002
f 735 1004 1005
f 737 735 1005
f 1003 734 1006
f 1006 734 740
f 741 1008 1007
f 741 737 1008
f 737 1005 1008
f 741 1007 743
f 1006 740 1009
f 1009 740 746
f 1011 1007 1008
f 1010 1007 1011
f 1007 1010 748
f 743 1007 748
f 1009 746 1012
f 1012 746 751
f 1014 1010 1011
f 1013 1010 1014
f 1010 1013 753
f 748 1010 753
f 1012 751 757
f 1015 1012 757
f 757 1016 1015
f 758 1016 757
f 1018 1013 1014
f 1017 1013 1018
f 1013 1017 760
f 753 1013 760
f 765 1019 1020
f 765 1020 758
f 758 1020 1016
f 765 766 1019
f 1022 1017 1018
f 1021 1017 1022
f 1017 1021 768
f 760 1017 768
f 1024 1020 1019
f 1023 1024 1019
f 1019 772 1023
f 766 772 1019
f 1026 1021 1022
f 1025 1021 1026
f 1021 1025 774
f 768 1021 774
f 1028 1024 1023
f 1027 1028 1023
f 1023 779 1027
f 772 779 1023
f 1030 1025 1026
f 1029 1025 1030
f 780 774 1025
f 780 1025 1031
f 1031 1025 1029
f 780 1031 782
f 1034 1033 1032
f 1027 785 786
f 1028 1027 786
f 1028 786 1032
f 1028 1032 1033
f 1027 779 785
f 1030 1035 1029
f 1029 1036 1031
f 1035 1036 1029
f 1038 1037 787
f 1036 1038 787
f 1036 787 782
f 1036 782 1031
f 787 1037 789
f 1032 790 791
f 1032 791 1034
f 1034 791 1039
f 1032 786 790
f 1038 1040 1037
f 1037 792 789
f 1037 1042 792
f 1037 1040 1042
f 1042 1041 792
f 1042 794 1041
f 1042 1039 794
f 1039 791 794
f 1043 792 1041
f 795 792 1043
f 796 1041 794
f 796 1044 1041
f 1044 1043 1041
f 796 797 1044
f 1045 795 1043
f 1045 1046 795
f 1046 800 795
f 1043 1044 1047
f 1045 1043 1047
f 1044 1048 1047
f 1044 797 1048
f 797 801 1048
f 803 1049 804
f 805 1049 803
f 1050 1049 805
f 806 1050 805
f 1051 1050 806
f 806 807 1051
f 809 1052 1053
f 808 1052 809
f 1052 808 800
f 1046 1052 800
f 1048 801 1054
f 1054 801 810
f 811 1055 812
f 804 1055 811
f 804 1049 1055
f 1049 1056 1055
f 1057 1058 1056
f 1057 1056 1050
f 1050 1056 1049
f 1060 1057 1050
f 1060 1050 1059
f 1059 1050 1051
f 813 1051 807
f 813 1061 1051
f 1061 1059 1051
f 813 814 1061
f 816 1062 1063
f 815 1062 816
f 1062 815 809
f 1053 1062 809
f 1064 1065 1054
f 1064 1054 817
f 817 1054 810
f 1065 1064 1066
f 1067 812 1055
f 818 812 1067
f 1055 1056 1067
f 1056 1068 1067
f 1058 1069 1068
f 1056 1058 1068
f 1060 1059 1070
f 1059 1061 1071
f 1070 1059 1071
f 1061 814 820
f 1061 820 1071
f 1071 820 1072
f 1073 820 821
f 1073 1074 820
f 1074 1072 820
f 1074 1075 1076
f 1073 1075 1074
f 1076 1077 1078
f 1075 1077 1076
f 1078 1079 1080
f 1077 1079 1078
f 824 1080 1079
f 824 823 1080
f 823 1081 1080
f 1081 823 816
f 1063 1081 816
f 1082 1064 817
f 1082 817 1083
f 1083 817 825
f 1064 1082 1066
f 1067 826 818
f 826 1084 827
f 826 1067 1084
f 1067 1068 1084
f 1069 1086 1085
f 1069 1085 1068
f 1068 1085 1084
f 1086 1088 1087
f 1085 1086 1087
f 1088 1089 1087
f 1073 821 828
f 1075 1073 828
f 829 1075 828
f 1077 1075 829
f 830 1077 829
f 1079 1077 830
f 831 1079 830
f 1079 831 824
f 832 833 1090
f 1090 825 832
f 1090 1091 825
f 1091 1083 825
f 1084 834 827
f 1085 834 1084
f 835 834 1085
f 1087 835 1085
f 836 835 1087
f 836 1092 838
f 1087 1092 836
f 1087 1093 1092
f 1087 1089 1093
f 1093 1094 1092
f 839 840 1095
f 1095 1097 1096
f 839 1095 1096
f 839 1096 1090
f 839 1090 833
f 1090 1096 1091
f 1092 841 838
f 841 1092 1094
f 841 1094 842
f 842 1094 1098
f 1099 1095 840
f 1099 840 1100
f 1100 840 844
f 1095 1099 1097
f 1098 845 842
f 1101 845 1098
f 845 1101 1102
f 846 845 1102
f 848 1104 1103
f 847 848 1103
f 1103 844 847
f 1100 844 1103
f 1102 849 846
f 1105 849 1102
f 849 1105 1106
f 850 849 1106
f 852 853 1107
f 1107 848 852
f 1107 1108 848
f 1108 1104 848
f 1106 854 850
f 1109 854 1106
f 1109 1110 854
f 854 1110 855
f 1112 1111 856
f 1112 856 1110
f 1110 856 855
f 1111 1114 1113
f 1111 1113 856
f 856 1113 857
f 853 1115 1107
f 853 857 1115
f 857 1113 1115
f 1107 1115 1108
f 1112 1116 1111
f 1111 1116 1114
f 1119 1117 1118
f 859 1118 1117
f 859 858 1118
f 858 1120 1118
f 1120 858 1121
f 858 860 1121
f 1123 862 1122
f 1123 1121 862
f 1121 860 862
f 862 863 1122
f 1117 866 865
f 1117 1119 866
f 1119 1124 866
f 1117 865 859
f 1123 1122 1125
f 1122 1126 1125
f 1122 863 1126
f 863 868 1126
f 869 1128 1127
f 869 866 1128
f 866 1124 1128
f 869 1127 871
f 873 874 1129
f 1129 868 873
f 1129 1130 868
f 1130 1126 868
f 1132 1127 1128
f 1131 1127 1132
f 875 871 1127
f 875 1127 1133
f 1133 1127 1131
f 875 1133 877
f 1134 1129 874
f 878 1134 874
f 1130 1134 1135
f 1129 1134 1130
f 1132 1136 1131
f 1138 1131 1136
f 1138 1137 1131
f 1137 1133 1131
f 879 877 1133
f 879 1133 1139
f 1139 1133 1137
f 878 879 1139
f 878 1139 1134
f 1134 1139 1140
f 1135 1140 1141
f 1134 1140 1135
f 1144 1142 1143
f 1143 1137 1138
f 1143 1142 1137
f 1142 1145 1137
f 1137 1145 1139
f 1139 1145 1146
f 1139 1146 1140
f 1140 1146 1147
f 1141 1147 1148
f 1140 1147 1141
f 1150 1142 1144
f 1149 1142 1150
f 882 881 1145
f 882 1145 1149
f 1149 1145 1142
f 1146 1145 881
f 884 1146 881
f 884 885 1151
f 884 1151 1146
f 1146 1151 1147
f 1148 1151 1152
f 1147 1151 1148
f 1149 888 887
f 1149 1150 888
f 1150 1153 888
f 1149 887 882
f 1151 885 889
f 889 1152 1151
f 889 891 1152
f 891 1154 1152
f 894 1155 1156
f 893 1155 894
f 1157 1158 1155
f 1157 1155 895
f 895 1155 893
f 1159 1157 895
f 897 1159 895
f 897 1161 1159
f 897 898 1161
f 898 1160 1161
f 1164 1162 1163
f 1163 1162 899
f 1163 899 1156
f 1156 899 894
f 1160 898 901
f 1165 1160 901
f 901 1166 1165
f 902 1166 901
f 1162 905 904
f 1162 1164 905
f 1164 1167 905
f 1162 904 899
f 1166 902 907
f 1168 1166 907
f 1169 907 908
f 1169 1170 907
f 1170 1168 907
f 1170 1171 1172
f 1169 1171 1170
f 1172 1173 1174
f 1171 1173 1172
f 1174 1175 1176
f 1173 1175 1174
f 1176 1175 1177
f 1167 1178 905
f 1178 910 905
f 1169 908 912
f 1171 1169 912
f 914 1171 912
f 1173 1171 914
f 916 1173 914
f 1175 1173 916
f 918 1175 916
f 918 919 1179
f 1175 918 1179
f 1175 1179 1180
f 1175 1180 1177
f 1180 1179 1181
f 1178 920 910
f 1182 920 1178
f 920 1182 1183
f 921 920 1183
f 1179 919 924
f 924 925 1184
f 1179 924 1184
f 1179 1184 1185
f 1179 1185 1181
f 1185 1184 1186
f 1187 1183 1188
f 1187 926 1183
f 926 921 1183
f 1188 1189 1187
f 928 1191 1190
f 927 928 1190
f 1190 1192 927
f 927 1192 929
f 929 1192 1193
f 930 929 1193
f 1184 925 931
f 931 1186 1184
f 931 932 1186
f 932 1194 1186
f 1187 933 926
f 1189 933 1187
f 1189 1195 933
f 1195 934 933
f 1195 1196 934
f 934 1196 935
f 1196 1197 935
f 935 1197 936
f 1197 928 936
f 1191 928 1197
f 1198 1193 1199
f 1198 937 1193
f 937 930 1193
f 1199 1200 1198
f 938 1201 1202
f 938 1202 932
f 932 1202 1194
f 938 939 1201
f 1198 941 937
f 941 1198 1200
f 941 1200 942
f 942 1200 1203
f 1205 1202 1201
f 1204 1205 1201
f 1201 943 1204
f 939 943 1201
f 1203 1206 942
f 1206 944 942
f 1204 946 947
f 1204 947 1205
f 1205 947 1207
f 1204 943 946
f 1206 1208 944
f 1208 948 944
f 1211 1210 1209
f 1210 949 1209
f 1210 1207 949
f 1207 947 949
f 1212 1208 1213
f 1212 950 1208
f 950 948 1208
f 1213 1214 1212
f 1217 1216 1215
f 1209 951 952
f 1211 1209 952
f 1211 952 1215
f 1211 1215 1216
f 1209 949 951
f 1218 950 1212
f 1218 1219 950
f 1219 953 950
f 1212 1214 1218
f 1215 955 956
f 1215 956 1217
f 1217 956 1220
f 1215 952 955
f 957 1221 958
f 1221 957 953
f 1221 953 1222
f 1222 953 1219
f 1220 956 1223
f 1223 956 960
f 1224 958 1221
f 961 958 1224
f 1222 1225 1224
f 1221 1222 1224
f 1223 960 1226
f 1226 960 963
f 1227 961 1224
f 964 961 1227
f 1225 1228 1227
f 1224 1225 1227
f 1226 963 1229
f 1229 963 966
f 1230 964 1227
f 967 964 1230
f 1228 1231 1230
f 1227 1228 1230
f 1229 966 1232
f 1232 966 969
f 1233 967 1230
f 971 967 1233
f 1231 1235 1234
f 1231 1234 1230
f 1230 1234 1233
f 1235 1236 1234
f 972 1237 1238
f 972 1238 969
f 969 1238 1232
f 972 973 1237
f 974 1239 975
f 971 1239 974
f 971 1233 1239
f 1233 1240 1239
f 1233 1234 1240
f 1234 1241 1240
f 1236 1242 1241
f 1234 1236 1241
f 1238 1237 1243
f 1245 976 1244
f 1243 976 1245
f 1243 973 976
f 1243 1237 973
f 976 977 1244
f 1246 975 1239
f 979 975 1246
f 1239 1240 1246
f 1240 1247 1246
f 1248 1249 1247
f 1248 1247 1241
f 1241 1247 1240
f 1241 1242 1248
f 1245 1244 1250
f 1244 1251 1250
f 1244 977 1251
f 977 981 1251
f 1252 979 1246
f 983 979 1252
f 1253 1254 1252
f 1253 1252 1247
f 1247 1252 1246
f 1247 1249 1253
f 984 1255 1256
f 984 1256 981
f 981 1256 1251
f 984 985 1255
f 1257 983 1252
f 986 983 1257
f 1254 1258 1257
f 1252 1254 1257
f 1260 1256 1255
f 1259 1260 1255
f 1255 987 1259
f 985 987 1255
f 1257 989 986
f 989 1261 990
f 1257 1261 989
f 1257 1262 1261
f 1257 1258 1262
f 1262 1263 1261
f 1266 1265 1264
f 1265 1260 1259
f 1265 1259 1264
f 1264 1259 1267
f 991 1259 987
f 991 1268 1259
f 1268 1267 1259
f 991 992 1268
f 1269 990 1261
f 993 990 1269
f 1263 1270 1269
f 1261 1263 1269
f 1273 1272 1271
f 1272 1266 1264
f 1272 1264 1271
f 1271 1264 1274
f 1264 1267 1274
f 1267 1275 1274
f 1267 1268 1275
f 1268 1276 1275
f 1268 994 1276
f 992 994 1268
f 1277 993 1269
f 995 993 1277
f 1270 1278 1277
f 1269 1270 1277
f 1280 1273 1271
f 1279 1280 1271
f 1271 1274 1279
f 1274 1281 1279
f 1274 1275 1281
f 1275 1282 1281
f 997 1276 996
f 997 1282 1276
f 1282 1275 1276
f 1276 994 996
f 1283 995 1277
f 1283 1284 995
f 1284 998 995
f 1277 1278 1283
f 1286 1280 1279
f 1285 1286 1279
f 1279 1281 1285
f 1281 1287 1285
f 1001 1282 1000
f 1001 1287 1282
f 1287 1281 1282
f 1282 997 1000
f 1284 1288 998
f 1288 1002 998
f 1286 1285 1289
f 1291 1289 1285
f 1291 1285 1290
f 1290 1285 1287
f 1287 1003 1290
f 1001 1003 1287
f 1004 1293 1292
f 1004 1002 1293
f 1002 1288 1293
f 1004 1292 1005
f 1291 1290 1294
f 1290 1295 1294
f 1290 1003 1295
f 1003 1006 1295
f 1297 1292 1293
f 1296 1292 1297
f 1292 1296 1008
f 1005 1292 1008
f 1295 1006 1298
f 1298 1006 1009
f 1300 1296 1297
f 1299 1296 1300
f 1296 1299 1011
f 1008 1296 1011
f 1298 1009 1301
f 1301 1009 1012
f 1303 1299 1300
f 1302 1299 1303
f 1299 1302 1014
f 1011 1299 1014
f 1015 1304 1305
f 1015 1305 1012
f 1012 1305 1301
f 1015 1016 1304
f 1307 1302 1303
f 1306 1302 1307
f 1302 1306 1018
f 1014 1302 1018
f 1309 1305 1304
f 1308 1309 1304
f 1304 1020 1308
f 1016 1020 1304
f 1307 1310 1306
f 1306 1310 1311
f 1306 1311 1018
f 1018 1311 1022
f 1313 1309 1308
f 1312 1313 1308
f 1308 1024 1312
f 1020 1024 1308
f 1311 1314 1022
f 1314 1026 1022
f 1316 1313 1312
f 1315 1316 1312
f 1312 1028 1315
f 1024 1028 1312
f 1314 1317 1026
f 1317 1030 1026
f 1320 1319 1318
f 1315 1033 1034
f 1316 1315 1034
f 1316 1034 1318
f 1316 1318 1319
f 1315 1028 1033
f 1317 1035 1030
f 1321 1035 1317
f 1323 1322 1036
f 1323 1036 1321
f 1321 1036 1035
f 1036 1322 1038
f 1325 1320 1318
f 1324 1325 1318
f 1318 1039 1324
f 1034 1039 1318
f 1323 1326 1322
f 1322 1040 1038
f 1322 1326 1040
f 1326 1327 1040
f 1324 1327 1325
f 1324 1042 1327
f 1042 1040 1327
f 1324 1039 1042
f 1045 1328 1046
f 1047 1328 1045
f 1329 1328 1047
f 1047 1048 1329
f 1053 1330 1331
f 1052 1330 1053
f 1046 1328 1332
f 1046 1332 1052
f 1052 1332 1330
f 1328 1329 1333
f 1332 1328 1333
f 1329 1334 1333
f 1329 1048 1334
f 1048 1054 1334
f 1057 1335 1058
f 1057 1060 1335
f 1063 1336 1337
f 1062 1336 1063
f 1336 1062 1053
f 1331 1336 1053
f 1334 1054 1065
f 1338 1334 1065
f 1065 1339 1338
f 1066 1339 1065
f 1340 1058 1335
f 1069 1058 1340
f 1070 1335 1060
f 1070 1341 1335
f 1341 1340 1335
f 1071 1341 1070
f 1342 1341 1071
f 1072 1342 1071
f 1343 1342 1072
f 1074 1343 1072
f 1344 1343 1074
f 1344 1345 1346
f 1344 1074 1345
f 1074 1076 1345
f 1345 1076 1347
f 1076 1078 1347
f 1347 1078 1348
f 1078 1080 1348
f 1348 1080 1349
f 1080 1081 1349
f 1349 1081 1063
f 1337 1349 1063
f 1083 1351 1350
f 1082 1083 1350
f 1350 1066 1082
f 1339 1066 1350
f 1340 1086 1069
f 1341 1086 1340
f 1088 1086 1341
f 1088 1352 1089
f 1088 1341 1352
f 1341 1342 1352
f 1342 1343 1352
f 1343 1353 1352
f 1354 1355 1353
f 1354 1353 1344
f 1344 1353 1343
f 1344 1346 1354
f 1351 1083 1356
f 1356 1083 1091
f 1352 1093 1089
f 1093 1357 1094
f 1093 1352 1357
f 1352 1353 1357
f 1355 1358 1357
f 1353 1355 1357
f 1097 1360 1359
f 1096 1097 1359
f 1359 1091 1096
f 1356 1091 1359
f 1361 1094 1357
f 1098 1094 1361
f 1358 1362 1361
f 1357 1358 1361
f 1100 1364 1363
f 1099 1100 1363
f 1363 1097 1099
f 1360 1097 1363
f 1361 1101 1098
f 1101 1361 1362
f 1101 1362 1102
f 1102 1362 1365
f 1104 1367 1366
f 1103 1104 1366
f 1366 1100 1103
f 1364 1100 1366
f 1365 1105 1102
f 1368 1105 1365
f 1105 1368 1369
f 1106 1105 1369
f 1367 1104 1370
f 1370 1104 1108
f 1369 1109 1106
f 1371 1109 1369
f 1373 1372 1110
f 1373 1110 1371
f 1371 1110 1109
f 1110 1372 1112
f 1113 1114 1374
f 1374 1376 1375
f 1374 1375 1113
f 1113 1375 1115
f 1375 1108 1115
f 1370 1108 1375
f 1373 1377 1372
f 1372 1116 1112
f 1372 1377 1116
f 1377 1378 1116
f 1114 1379 1374
f 1114 1116 1379
f 1116 1378 1379
f 1374 1379 1376
f 1118 1380 1119
f 1120 1380 1118
f 1381 1380 1120
f 1121 1381 1120
f 1382 1381 1121
f 1121 1123 1382
f 1383 1119 1380
f 1383 1384 1119
f 1384 1124 1119
f 1380 1381 1385
f 1383 1380 1385
f 1381 1382 1386
f 1385 1381 1386
f 1388 1125 1387
f 1386 1125 1388
f 1386 1123 1125
f 1386 1382 1123
f 1125 1126 1387
f 1384 1389 1124
f 1389 1128 1124
f 1388 1387 1390
f 1387 1391 1390
f 1387 1126 1391
f 1126 1130 1391
f 1389 1392 1128
f 1392 1132 1128
f 1391 1130 1393
f 1393 1130 1135
f 1136 1395 1394
f 1136 1132 1395
f 1132 1392 1395
f 1136 1394 1138
f 1393 1135 1396
f 1396 1135 1141
f 1394 1144 1143
f 1394 1395 1144
f 1395 1397 1144
f 1394 1143 1138
f 1398 1399 1396
f 1398 1396 1148
f 1148 1396 1141
f 1399 1398 1400
f 1397 1401 1144
f 1401 1150 1144
f 1402 1398 1148
f 1402 1148 1403
f 1403 1148 1152
f 1398 1402 1400
f 1401 1404 1150
f 1404 1153 1150
f 1407 1406 1405
f 1406 1154 1405
f 1406 1403 1154
f 1403 1152 1154
f 1156 1408 1409
f 1155 1408 1156
f 1408 1155 1158
f 1410 1408 1158
f 1411 1412 1413
f 1411 1413 1160
f 1160 1413 1161
f 1412 1411 1414
f 1164 1415 1416
f 1163 1415 1164
f 1415 1163 1156
f 1409 1415 1156
f 1411 1160 1165
f 1165 1166 1417
f 1411 1165 1417
f 1411 1417 1418
f 1411 1418 1414
f 1418 1417 1419
f 1416 1420 1164
f 1420 1167 1164
f 1417 1166 1168
f 1419 1417 1168
f 1419 1168 1421
f 1421 1168 1170
f 1421 1170 1422
f 1170 1172 1422
f 1422 1172 1423
f 1172 1174 1423
f 1423 1174 1424
f 1174 1176 1424
f 1425 1176 1177
f 1425 1426 1176
f 1426 1424 1176
f 1426 1425 1427
f 1428 1420 1429
f 1428 1178 1420
f 1178 1167 1420
f 1429 1430 1428
f 1425 1177 1180
f 1180 1181 1431
f 1425 1180 1431
f 1425 1431 1432
f 1425 1432 1427
f 1432 1431 1433
f 1428 1182 1178
f 1182 1428 1430
f 1182 1430 1183
f 1183 1430 1434
f 1437 1436 1435
f 1436 1438 1435
f 1431 1181 1185
f 1185 1433 1431
f 1185 1186 1433
f 1186 1439 1433
f 1434 1188 1183
f 1440 1188 1434
f 1441 1189 1188
f 1441 1188 1442
f 1442 1188 1440
f 1442 1444 1443
f 1441 1442 1443
f 1444 1446 1445
f 1443 1444 1445
f 1191 1445 1446
f 1191 1446 1190
f 1190 1446 1447
f 1435 1447 1437
f 1435 1192 1447
f 1192 1190 1447
f 1192 1448 1193
f 1435 1448 1192
f 1435 1449 1448
f 1435 1438 1449
f 1449 1450 1448
f 1439 1186 1451
f 1451 1186 1194
f 1441 1195 1189
f 1443 1195 1441
f 1196 1195 1443
f 1445 1196 1443
f 1197 1196 1445
f 1445 1191 1197
f 1448 1199 1193
f 1199 1448 1450
f 1199 1450 1200
f 1200 1450 1452
f 1451 1194 1453
f 1453 1194 1202
f 1452 1454 1200
f 1454 1203 1200
f 1457 1456 1455
f 1456 1205 1455
f 1456 1453 1205
f 1453 1202 1205
f 1458 1454 1459
f 1458 1206 1454
f 1206 1203 1454
f 1459 1460 1458
f 1462 1457 1455
f 1461 1462 1455
f 1455 1207 1461
f 1205 1207 1455
f 1463 1206 1458
f 1208 1206 1463
f 1460 1464 1463
f 1458 1460 1463
f 1461 1210 1211
f 1461 1211 1462
f 1462 1211 1465
f 1461 1207 1210
f 1467 1468 1466
f 1463 1213 1208
f 1213 1463 1464
f 1213 1464 1214
f 1467 1466 1464
f 1466 1214 1464
f 1217 1470 1469
f 1216 1217 1469
f 1469 1211 1216
f 1465 1211 1469
f 1466 1219 1218
f 1466 1468 1219
f 1468 1471 1219
f 1466 1218 1214
f 1472 1473 1470
f 1472 1470 1220
f 1220 1470 1217
f 1473 1472 1474
f 1471 1475 1219
f 1475 1222 1219
f 1476 1472 1220
f 1223 1476 1220
f 1474 1476 1477
f 1472 1476 1474
f 1475 1478 1222
f 1478 1225 1222
f 1479 1476 1223
f 1479 1223 1480
f 1480 1223 1226
f 1476 1479 1477
f 1478 1481 1225
f 1481 1228 1225
f 1480 1226 1482
f 1482 1226 1229
f 1483 1481 1484
f 1483 1231 1481
f 1231 1228 1481
f 1484 1485 1483
f 1482 1229 1486
f 1486 1229 1232
f 1483 1235 1231
f 1235 1487 1236
f 1483 1487 1235
f 1483 1488 1487
f 1483 1485 1488
f 1490 1491 1489
f 1488 1486 1487
f 1486 1238 1487
f 1486 1232 1238
f 1490 1489 1492
f 1493 1236 1487
f 1242 1236 1493
f 1491 1494 1243
f 1491 1243 1489
f 1494 1493 1243
f 1238 1243 1487
f 1493 1487 1243
f 1243 1492 1489
f 1243 1245 1492
f 1245 1495 1492
f 1248 1496 1249
f 1242 1496 1248
f 1242 1493 1496
f 1493 1497 1496
f 1494 1499 1498
f 1494 1498 1493
f 1493 1498 1497
f 1499 1500 1498
f 1499 1245 1500
f 1499 1495 1245
f 1245 1250 1500
f 1250 1251 1500
f 1253 1501 1254
f 1249 1501 1253
f 1249 1496 1501
f 1496 1502 1501
f 1496 1497 1502
f 1497 1503 1502
f 1497 1498 1503
f 1498 1504 1503
f 1498 1500 1504
f 1500 1505 1504
f 1500 1256 1505
f 1251 1256 1500
f 1506 1254 1501
f 1258 1254 1506
f 1501 1502 1506
f 1502 1507 1506
f 1502 1503 1507
f 1503 1508 1507
f 1503 1504 1508
f 1504 1509 1508
f 1504 1505 1509
f 1505 1510 1509
f 1505 1260 1510
f 1256 1260 1505
f 1506 1262 1258
f 1262 1511 1263
f 1262 1506 1511
f 1506 1507 1511
f 1507 1508 1511
f 1508 1512 1511
f 1508 1509 1512
f 1509 1513 1512
f 1266 1510 1265
f 1266 1513 1510
f 1513 1509 1510
f 1510 1260 1265
f 1514 1263 1511
f 1270 1263 1514
f 1511 1512 1514
f 1512 1515 1514
f 1273 1513 1272
f 1273 1515 1513
f 1515 1512 1513
f 1513 1266 1272
f 1516 1270 1514
f 1278 1270 1516
f 1514 1515 1516
f 1515 1517 1516
f 1515 1280 1517
f 1273 1280 1515
f 1283 1518 1284
f 1518 1519 1520
f 1283 1519 1518
f 1283 1516 1519
f 1283 1278 1516
f 1522 1519 1516
f 1522 1516 1521
f 1521 1516 1517
f 1517 1286 1521
f 1280 1286 1517
f 1523 1284 1518
f 1523 1524 1284
f 1524 1288 1284
f 1518 1520 1523
f 1522 1521 1525
f 1521 1286 1289
f 1521 1289 1525
f 1525 1289 1526
f 1289 1527 1526
f 1291 1527 1289
f 1524 1528 1288
f 1528 1293 1288
f 1527 1291 1294
f 1529 1527 1294
f 1294 1530 1529
f 1295 1530 1294
f 1528 1531 1293
f 1531 1297 1293
f 1530 1295 1532
f 1532 1295 1298
f 1531 1533 1297
f 1533 1300 1297
f 1532 1298 1534
f 1534 1298 1301
f 1533 1535 1300
f 1535 1303 1300
f 1538 1537 1536
f 1537 1305 1536
f 1537 1534 1305
f 1534 1301 1305
f 1535 1539 1303
f 1539 1307 1303
f 1541 1538 1536
f 1540 1541 1536
f 1536 1309 1540
f 1305 1309 1536
f 1539 1310 1307
f 1542 1310 1539
f 1310 1542 1543
f 1311 1310 1543
f 1545 1541 1540
f 1544 1545 1540
f 1540 1313 1544
f 1309 1313 1540
f 1543 1546 1311
f 1546 1314 1311
f 1548 1545 1544
f 1547 1548 1544
f 1544 1316 1547
f 1313 1316 1544
f 1546 1549 1314
f 1549 1317 1314
f 1547 1319 1320
f 1547 1320 1548
f 1548 1320 1550
f 1547 1316 1319
f 1549 1321 1317
f 1551 1321 1549
f 1321 1551 1552
f 1323 1321 1552
f 1555 1554 1553
f 1554 1325 1553
f 1554 1550 1325
f 1550 1320 1325
f 1552 1326 1323
f 1556 1326 1552
f 1553 1556 1555
f 1553 1327 1556
f 1327 1326 1556
f 1553 1325 1327
f 1559 1557 1558
f 1331 1558 1557
f 1331 1330 1558
f 1330 1560 1558
f 1560 1330 1561
f 1330 1332 1561
f 1561 1332 1562
f 1332 1333 1562
f 1333 1563 1562
f 1334 1563 1333
f 1566 1564 1565
f 1557 1337 1336
f 1559 1337 1557
f 1559 1564 1337
f 1559 1565 1564
f 1557 1336 1331
f 1338 1567 1568
f 1338 1568 1334
f 1334 1568 1563
f 1338 1339 1567
f 1345 1569 1346
f 1347 1569 1345
f 1570 1569 1347
f 1348 1570 1347
f 1571 1570 1348
f 1571 1566 1572
f 1571 1349 1566
f 1571 1348 1349
f 1349 1564 1566
f 1564 1349 1337
f 1567 1350 1351
f 1567 1351 1568
f 1568 1351 1573
f 1567 1339 1350
f 1354 1574 1355
f 1346 1574 1354
f 1346 1569 1574
f 1569 1575 1574
f 1569 1570 1575
f 1570 1576 1575
f 1577 1578 1576
f 1577 1576 1571
f 1571 1576 1570
f 1571 1572 1577
f 1573 1351 1579
f 1579 1351 1356
f 1580 1355 1574
f 1358 1355 1580
f 1581 1582 1580
f 1581 1580 1575
f 1575 1580 1574
f 1575 1576 1583
f 1581 1575 1583
f 1576 1578 1583
f 1360 1585 1584
f 1359 1360 1584
f 1584 1356 1359
f 1579 1356 1584
f 1586 1358 1580
f 1362 1358 1586
f 1582 1587 1586
f 1580 1582 1586
f 1364 1589 1588
f 1363 1364 1588
f 1588 1360 1363
f 1585 1360 1588
f 1590 1362 1586
f 1365 1362 1590
f 1587 1591 1590
f 1586 1587 1590
f 1367 1593 1592
f 1366 1367 1592
f 1592 1364 1366
f 1589 1364 1592
f 1590 1368 1365
f 1368 1594 1369
f 1590 1594 1368
f 1590 1595 1594
f 1590 1591 1595
f 1595 1596 1594
f 1599 1598 1597
f 1598 1370 1597
f 1598 1593 1370
f 1593 1367 1370
f 1594 1371 1369
f 1371 1600 1373
f 1594 1600 1371
f 1594 1601 1600
f 1594 1596 1601
f 1601 1602 1600
f 1605 1604 1603
f 1597 1375 1376
f 1599 1597 1376
f 1599 1376 1603
f 1599 1603 1604
f 1597 1370 1375
f 1600 1377 1373
f 1602 1377 1600
f 1602 1606 1377
f 1606 1378 1377
f 1603 1606 1605
f 1603 1379 1606
f 1379 1378 1606
f 1603 1376 1379
f 1383 1607 1384
f 1385 1607 1383
f 1608 1607 1385
f 1386 1608 1385
f 1609 1608 1386
f 1386 1388 1609
f 1610 1384 1607
f 1389 1384 1610
f 1611 1612 1610
f 1611 1610 1608
f 1608 1610 1607
f 1608 1609 1613
f 1611 1608 1613
f 1615 1390 1614
f 1613 1390 1615
f 1613 1388 1390
f 1613 1609 1388
f 1390 1391 1614
f 1616 1389 1610
f 1616 1617 1389
f 1617 1392 1389
f 1610 1612 1616
f 1615 1614 1618
f 1614 1619 1618
f 1614 1391 1619
f 1391 1393 1619
f 1617 1620 1392
f 1620 1395 1392
f 1621 1622 1619
f 1621 1619 1396
f 1396 1619 1393
f 1622 1621 1623
f 1620 1624 1395
f 1624 1397 1395
f 1621 1396 1399
f 1399 1623 1621
f 1399 1400 1623
f 1400 1625 1623
f 1628 1626 1627
f 1627 1629 1630
f 1626 1629 1627
f 1630 1629 1631
f 1624 1632 1397
f 1632 1401 1397
f 1403 1634 1633
f 1402 1403 1633
f 1633 1400 1402
f 1625 1400 1633
f 1636 1626 1628
f 1635 1626 1636
f 1626 1635 1629
f 1629 1635 1637
f 1631 1638 1639
f 1631 1629 1638
f 1629 1637 1638
f 1639 1638 1640
f 1641 1632 1642
f 1641 1404 1632
f 1404 1401 1632
f 1642 1643 1641
f 1407 1645 1644
f 1406 1407 1644
f 1644 1403 1406
f 1634 1403 1644
f 1636 1646 1635
f 1635 1647 1637
f 1646 1647 1635
f 1637 1648 1638
f 1647 1648 1637
f 1638 1648 1640
f 1409 1649 1650
f 1408 1649 1409
f 1649 1408 1410
f 1651 1649 1410
f 1652 1413 1412
f 1412 1414 1653
f 1652 1412 1653
f 1652 1653 1654
f 1652 1654 1655
f 1654 1653 1656
f 1415 1657 1416
f 1657 1415 1409
f 1657 1409 1658
f 1658 1409 1650
f 1653 1414 1418
f 1418 1419 1659
f 1653 1418 1659
f 1653 1659 1660
f 1653 1660 1656
f 1660 1661 1662
f 1659 1661 1660
f 1662 1663 1664
f 1661 1663 1662
f 1664 1663 1665
f 1666 1416 1657
f 1420 1416 1666
f 1658 1667 1666
f 1657 1658 1666
f 1659 1419 1421
f 1661 1659 1421
f 1422 1661 1421
f 1663 1661 1422
f 1423 1663 1422
f 1665 1663 1423
f 1665 1423 1668
f 1668 1423 1424
f 1668 1424 1669
f 1424 1426 1669
f 1426 1670 1669
f 1427 1670 1426
f 1666 1429 1420
f 1429 1666 1667
f 1429 1667 1430
f 1430 1667 1671
f 1674 1673 1672
f 1673 1676 1675
f 1672 1673 1675
f 1676 1677 1675
f 1432 1678 1679
f 1432 1679 1427
f 1427 1679 1670
f 1432 1433 1678
f 1680 1671 1681
f 1680 1434 1671
f 1434 1430 1671
f 1681 1683 1682
f 1680 1681 1682
f 1683 1685 1684
f 1682 1683 1684
f 1685 1687 1686
f 1684 1685 1686
f 1687 1674 1672
f 1687 1672 1686
f 1686 1672 1688
f 1437 1675 1436
f 1437 1688 1675
f 1688 1672 1675
f 1436 1689 1438
f 1675 1689 1436
f 1675 1690 1689
f 1675 1677 1690
f 1690 1692 1691
f 1689 1690 1691
f 1692 1693 1691
f 1695 1679 1678
f 1694 1695 1678
f 1678 1439 1694
f 1433 1439 1678
f 1680 1440 1434
f 1682 1440 1680
f 1442 1440 1682
f 1684 1442 1682
f 1444 1442 1684
f 1686 1444 1684
f 1446 1444 1686
f 1688 1446 1686
f 1447 1446 1688
f 1688 1437 1447
f 1689 1449 1438
f 1449 1696 1450
f 1449 1689 1696
f 1689 1691 1696
f 1693 1698 1697
f 1693 1697 1691
f 1691 1697 1696
f 1698 1700 1699
f 1697 1698 1699
f 1700 1695 1694
f 1700 1694 1699
f 1699 1694 1701
f 1694 1451 1701
f 1439 1451 1694
f 1702 1450 1696
f 1452 1450 1702
f 1696 1697 1702
f 1697 1703 1702
f 1697 1699 1703
f 1699 1704 1703
f 1699 1701 1704
f 1701 1705 1704
f 1701 1453 1705
f 1451 1453 1701
f 1706 1452 1702
f 1454 1452 1706
f 1707 1708 1706
f 1707 1706 1703
f 1703 1706 1702
f 1710 1707 1703
f 1710 1703 1709
f 1709 1703 1704
f 1457 1705 1456
f 1457 1709 1705
f 1709 1704 1705
f 1705 1453 1456
f 1706 1459 1454
f 1459 1706 1708
f 1459 1708 1460
f 1460 1708 1711
f 1713 1710 1709
f 1712 1713 1709
f 1709 1462 1712
f 1457 1462 1709
f 1711 1714 1460
f 1714 1464 1460
f 1716 1713 1712
f 1715 1716 1712
f 1712 1465 1715
f 1462 1465 1712
f 1468 1717 1718
f 1467 1717 1468
f 1717 1467 1464
f 1714 1717 1464
f 1715 1469 1470
f 1715 1470 1716
f 1716 1470 1719
f 1715 1465 1469
f 1718 1720 1468
f 1720 1471 1468
f 1719 1470 1473
f 1721 1719 1473
f 1473 1722 1721
f 1474 1722 1473
f 1720 1723 1471
f 1723 1475 1471
f 1722 1474 1724
f 1724 1474 1477
f 1723 1725 1475
f 1725 1478 1475
f 1479 1480 1726
f 1726 1477 1479
f 1726 1727 1477
f 1727 1724 1477
f 1728 1725 1729
f 1728 1481 1725
f 1481 1478 1725
f 1729 1730 1728
f 1731 1726 1480
f 1482 1731 1480
f 1727 1731 1732
f 1726 1731 1727
f 1728 1484 1481
f 1484 1728 1730
f 1484 1730 1485
f 1485 1730 1733
f 1734 1731 1482
f 1486 1734 1482
f 1732 1734 1735
f 1731 1734 1732
f 1733 1488 1485
f 1736 1488 1733
f 1488 1736 1734
f 1488 1734 1486
f 1736 1737 1734
f 1490 1734 1491
f 1737 1491 1734
f 1490 1735 1734
f 1490 1492 1735
f 1492 1738 1735
f 1737 1739 1491
f 1739 1494 1491
f 1738 1492 1740
f 1740 1492 1495
f 1739 1499 1494
f 1741 1499 1739
f 1741 1495 1499
f 1740 1495 1741
f 1519 1742 1520
f 1519 1522 1742
f 1524 1743 1744
f 1523 1743 1524
f 1520 1742 1745
f 1520 1745 1523
f 1523 1745 1743
f 1742 1522 1525
f 1742 1525 1745
f 1745 1525 1746
f 1748 1526 1747
f 1748 1746 1526
f 1746 1525 1526
f 1526 1527 1747
f 1744 1749 1524
f 1749 1528 1524
f 1748 1747 1750
f 1752 1529 1751
f 1750 1529 1752
f 1750 1527 1529
f 1750 1747 1527
f 1529 1530 1751
f 1749 1753 1528
f 1753 1531 1528
f 1755 1752 1751
f 1754 1755 1751
f 1751 1532 1754
f 1530 1532 1751
f 1753 1756 1531
f 1756 1533 1531
f 1758 1755 1754
f 1757 1758 1754
f 1754 1534 1757
f 1532 1534 1754
f 1756 1759 1533
f 1759 1535 1533
f 1757 1537 1538
f 1757 1538 1758
f 1758 1538 1760
f 1757 1534 1537
f 1759 1761 1535
f 1761 1539 1535
f 1760 1538 1762
f 1762 1538 1541
f 1761 1542 1539
f 1763 1542 1761
f 1542 1763 1764
f 1543 1542 1764
f 1762 1541 1765
f 1765 1541 1545
f 1764 1766 1543
f 1766 1546 1543
f 1769 1768 1767
f 1768 1548 1767
f 1768 1765 1548
f 1765 1545 1548
f 1770 1766 1771
f 1770 1549 1766
f 1549 1546 1766
f 1771 1772 1770
f 1774 1769 1767
f 1773 1774 1767
f 1767 1550 1773
f 1548 1550 1767
f 1770 1551 1549
f 1551 1775 1552
f 1770 1775 1551
f 1770 1776 1775
f 1770 1772 1776
f 1773 1554 1555
f 1774 1773 1555
f 1774 1555 1775
f 1774 1775 1776
f 1773 1550 1554
f 1775 1556 1552
f 1775 1555 1556
f 1559 1777 1778
f 1558 1777 1559
f 1777 1558 1779
f 1558 1560 1779
f 1779 1560 1780
f 1560 1561 1780
f 1782 1562 1781
f 1782 1780 1562
f 1780 1561 1562
f 1562 1563 1781
f 1566 1783 1784
f 1565 1783 1566
f 1783 1565 1559
f 1778 1783 1559
f 1782 1781 1785
f 1781 1786 1785
f 1781 1563 1786
f 1563 1568 1786
f 1784 1787 1566
f 1787 1572 1566
f 1786 1568 1788
f 1788 1568 1573
f 1577 1789 1578
f 1791 1572 1787
f 1791 1789 1572
f 1791 1790 1789
f 1577 1572 1789
f 1791 1792 1790
f 1788 1573 1793
f 1793 1573 1579
f 1581 1794 1582
f 1583 1794 1581
f 1795 1794 1583
f 1578 1795 1583
f 1578 1789 1795
f 1789 1796 1795
f 1789 1790 1796
f 1790 1797 1796
f 1792 1799 1798
f 1792 1798 1790
f 1790 1798 1797
f 1799 1800 1798
f 1803 1802 1801
f 1585 1801 1802
f 1585 1802 1584
f 1584 1802 1804
f 1804 1579 1584
f 1793 1579 1804
f 1805 1582 1794
f 1587 1582 1805
f 1794 1795 1805
f 1795 1806 1805
f 1795 1796 1806
f 1796 1807 1806
f 1796 1797 1807
f 1797 1808 1807
f 1797 1798 1808
f 1798 1809 1808
f 1800 1811 1810
f 1800 1810 1798
f 1798 1810 1809
f 1801 1588 1589
f 1803 1801 1589
f 1803 1589 1810
f 1803 1810 1811
f 1801 1585 1588
f 1812 1587 1805
f 1591 1587 1812
f 1805 1806 1812
f 1806 1813 1812
f 1806 1807 1813
f 1807 1814 1813
f 1807 1808 1814
f 1808 1815 1814
f 1808 1809 1815
f 1809 1816 1815
f 1593 1810 1592
f 1593 1816 1810
f 1816 1809 1810
f 1810 1589 1592
f 1812 1595 1591
f 1595 1817 1596
f 1595 1812 1817
f 1812 1813 1817
f 1813 1814 1817
f 1814 1818 1817
f 1814 1815 1818
f 1815 1819 1818
f 1599 1816 1598
f 1599 1819 1816
f 1819 1815 1816
f 1816 1593 1598
f 1817 1601 1596
f 1601 1820 1602
f 1601 1817 1820
f 1817 1818 1820
f 1605 1819 1604
f 1605 1820 1819
f 1820 1818 1819
f 1819 1599 1604
f 1820 1606 1602
f 1820 1605 1606
f 1823 1821 1822
f 1822 1821 1824
f 1611 1825 1612
f 1613 1825 1611
f 1826 1825 1613
f 1613 1615 1826
f 1829 1827 1828
f 1828 1821 1823
f 1828 1827 1821
f 1827 1830 1821
f 1824 1830 1831
f 1821 1830 1824
f 1616 1832 1617
f 1832 1833 1834
f 1616 1833 1832
f 1616 1825 1833
f 1616 1612 1825
f 1825 1826 1835
f 1833 1825 1835
f 1826 1615 1618
f 1826 1618 1835
f 1835 1618 1836
f 1837 1618 1619
f 1837 1838 1618
f 1838 1836 1618
f 1838 1839 1840
f 1837 1839 1838
f 1840 1827 1829
f 1840 1839 1827
f 1839 1841 1827
f 1827 1841 1830
f 1830 1841 1842
f 1831 1842 1843
f 1830 1842 1831
f 1844 1617 1832
f 1844 1845 1617
f 1845 1620 1617
f 1832 1834 1844
f 1837 1619 1622
f 1622 1623 1846
f 1622 1846 1837
f 1837 1846 1839
f 1839 1846 1841
f 1841 1846 1847
f 1841 1847 1842
f 1842 1847 1848
f 1843 1849 1850
f 1843 1842 1849
f 1842 1848 1849
f 1850 1849 1851
f 1845 1852 1620
f 1852 1624 1620
f 1853 1846 1623
f 1853 1623 1854
f 1854 1623 1625
f 1856 1846 1853
f 1856 1855 1846
f 1855 1847 1846
f 1628 1627 1848
f 1628 1848 1855
f 1855 1848 1847
f 1849 1848 1627
f 1630 1849 1627
f 1630 1851 1849
f 1630 1631 1851
f 1631 1857 1851
f 1852 1858 1624
f 1858 1632 1624
f 1634 1860 1859
f 1633 1634 1859
f 1859 1625 1633
f 1854 1625 1859
f 1856 1861 1855
f 1855 1861 1862
f 1855 1862 1628
f 1628 1862 1636
f 1639 1863 1864
f 1639 1864 1631
f 1631 1864 1857
f 1639 1640 1863
f 1858 1642 1632
f 1865 1642 1858
f 1642 1865 1866
f 1643 1642 1866
f 1645 1868 1867
f 1644 1645 1867
f 1867 1634 1644
f 1860 1634 1867
f 1862 1646 1636
f 1869 1646 1862
f 1869 1870 1646
f 1646 1870 1647
f 1863 1870 1864
f 1863 1648 1870
f 1648 1647 1870
f 1863 1640 1648
f 1649 1871 1650
f 1871 1649 1651
f 1871 1651 1872
f 1872 1651 1873
f 1654 1874 1875
f 1654 1875 1655
f 1655 1875 1876
f 1654 1656 1874
f 1877 1650 1871
f 1877 1878 1650
f 1878 1658 1650
f 1871 1872 1877
f 1880 1875 1874
f 1879 1880 1874
f 1660 1874 1656
f 1660 1881 1874
f 1881 1879 1874
f 1881 1882 1883
f 1881 1660 1882
f 1660 1662 1882
f 1882 1662 1884
f 1662 1664 1884
f 1664 1885 1884
f 1665 1885 1664
f 1886 1878 1887
f 1886 1667 1878
f 1667 1658 1878
f 1887 1888 1886
f 1891 1890 1889
f 1890 1893 1892
f 1889 1890 1892
f 1893 1880 1879
f 1893 1879 1892
f 1892 1879 1894
f 1879 1881 1894
f 1881 1895 1894
f 1883 1897 1896
f 1883 1896 1881
f 1881 1896 1895
f 1897 1899 1898
f 1896 1897 1898
f 1899 1900 1898
f 1899 1665 1900
f 1899 1885 1665
f 1665 1668 1900
f 1669 1900 1668
f 1901 1900 1669
f 1669 1670 1901
f 1902 1667 1886
f 1671 1667 1902
f 1888 1904 1903
f 1888 1903 1886
f 1886 1903 1902
f 1904 1891 1889
f 1904 1889 1903
f 1903 1889 1905
f 1889 1892 1905
f 1892 1906 1905
f 1674 1894 1673
f 1674 1906 1894
f 1906 1892 1894
f 1895 1673 1894
f 1676 1673 1895
f 1676 1907 1677
f 1676 1895 1907
f 1895 1896 1907
f 1896 1898 1907
f 1898 1908 1907
f 1898 1900 1908
f 1900 1909 1908
f 1900 1901 1909
f 1901 1910 1909
f 1901 1679 1910
f 1670 1679 1901
f 1902 1681 1671
f 1903 1681 1902
f 1683 1681 1903
f 1905 1683 1903
f 1685 1683 1905
f 1906 1685 1905
f 1687 1685 1906
f 1906 1674 1687
f 1907 1690 1677
f 1908 1690 1907
f 1692 1690 1908
f 1692 1911 1693
f 1692 1908 1911
f 1908 1909 1911
f 1909 1910 1911
f 1910 1912 1911
f 1910 1695 1912
f 1679 1695 1910
f 1911 1698 1693
f 1912 1698 1911
f 1700 1698 1912
f 1912 1695 1700
f 1707 1913 1708
f 1707 1710 1913
f 1914 1708 1913
f 1914 1915 1708
f 1915 1711 1708
f 1913 1916 1914
f 1913 1710 1916
f 1710 1713 1916
f 1919 1917 1918
f 1918 1917 1714
f 1918 1714 1915
f 1915 1714 1711
f 1916 1713 1920
f 1920 1713 1716
f 1917 1718 1717
f 1917 1919 1718
f 1919 1921 1718
f 1917 1717 1714
f 1920 1716 1922
f 1922 1716 1719
f 1921 1923 1718
f 1923 1720 1718
f 1721 1924 1925
f 1721 1925 1719
f 1719 1925 1922
f 1721 1722 1924
f 1923 1926 1720
f 1926 1723 1720
f 1925 1924 1927
f 1924 1928 1927
f 1924 1722 1928
f 1722 1724 1928
f 1926 1929 1723
f 1929 1725 1723
f 1928 1724 1930
f 1930 1724 1727
f 1929 1729 1725
f 1931 1729 1929
f 1729 1931 1932
f 1730 1729 1932
f 1930 1727 1933
f 1933 1727 1732
f 1934 1932 1935
f 1934 1733 1932
f 1733 1730 1932
f 1935 1936 1934
f 1933 1732 1937
f 1937 1732 1735
f 1934 1736 1733
f 1736 1934 1936
f 1736 1936 1737
f 1737 1936 1938
f 1937 1735 1939
f 1939 1735 1738
f 1938 1940 1737
f 1940 1739 1737
f 1939 1738 1941
f 1941 1738 1740
f 1940 1741 1739
f 1942 1741 1940
f 1942 1740 1741
f 1941 1740 1942
f 1743 1943 1744
f 1943 1944 1945
f 1943 1743 1944
f 1743 1745 1944
f 1944 1745 1946
f 1745 1746 1946
f 1746 1947 1946
f 1748 1947 1746
f 1948 1744 1943
f 1948 1949 1744
f 1949 1749 1744
f 1943 1945 1948
f 1947 1748 1750
f 1950 1947 1750
f 1750 1951 1950
f 1752 1951 1750
f 1949 1952 1749
f 1952 1753 1749
f 1951 1752 1953
f 1953 1752 1755
f 1952 1954 1753
f 1954 1756 1753
f 1953 1755 1955
f 1955 1755 1758
f 1954 1956 1756
f 1956 1759 1756
f 1955 1758 1957
f 1957 1758 1760
f 1958 1956 1959
f 1958 1761 1956
f 1761 1759 1956
f 1959 1960 1958
f 1963 1962 1961
f 1962 1762 1961
f 1962 1957 1762
f 1957 1760 1762
f 1958 1763 1761
f 1763 1958 1960
f 1763 1960 1764
f 1764 1960 1964
f 1966 1963 1961
f 1965 1966 1961
f 1961 1765 1965
f 1762 1765 1961
f 1967 1964 1968
f 1967 1766 1964
f 1766 1764 1964
f 1968 1970 1969
f 1967 1968 1969
f 1965 1768 1769
f 1966 1965 1769
f 1966 1769 1969
f 1966 1969 1970
f 1965 1765 1768
f 1967 1771 1766
f 1771 1971 1772
f 1771 1967 1971
f 1967 1969 1971
f 1969 1774 1971
f 1769 1774 1969
f 1971 1776 1772
f 1971 1774 1776
f 1974 1972 1973
f 1973 1975 1976
f 1972 1975 1973
f 1976 1975 1977
f 1979 1972 1974
f 1978 1972 1979
f 1778 1777 1975
f 1778 1975 1978
f 1978 1975 1972
f 1977 1975 1777
f 1977 1777 1980
f 1980 1777 1779
f 1982 1780 1981
f 1982 1980 1780
f 1980 1779 1780
f 1780 1782 1981
f 1978 1784 1783
f 1978 1979 1784
f 1979 1983 1784
f 1978 1783 1778
f 1982 1981 1984
f 1986 1785 1985
f 1984 1785 1986
f 1984 1782 1785
f 1984 1981 1782
f 1785 1786 1985
f 1987 1983 1988
f 1987 1787 1983
f 1787 1784 1983
f 1988 1989 1987
f 1991 1986 1985
f 1990 1991 1985
f 1985 1788 1990
f 1786 1788 1985
f 1987 1791 1787
f 1791 1992 1792
f 1987 1992 1791
f 1987 1993 1992
f 1987 1989 1993
f 1993 1994 1992
f 1997 1996 1995
f 1996 1991 1990
f 1996 1990 1995
f 1995 1990 1998
f 1990 1793 1998
f 1788 1793 1990
f 1992 1799 1792
f 1799 1999 1800
f 1992 1999 1799
f 1992 2000 1999
f 1992 1994 2000
f 1995 1802 1803
f 1997 1995 1803
f 1997 1803 1999
f 1997 1999 2000
f 1998 1802 1995
f 1804 1802 1998
f 1998 1793 1804
f 1999 1811 1800
f 1999 1803 1811
f 1822 2001 1823
f 1822 1824 2001
f 1829 2002 2003
f 1828 2002 1829
f 1823 2002 1828
f 1823 2004 2002
f 1823 2001 2004
f 2004 2005 2002
f 2001 1831 2004
f 1824 1831 2001
f 1833 2006 1834
f 2006 2007 2008
f 2006 1833 2007
f 1833 1835 2007
f 2007 1835 2009
f 1835 1836 2009
f 2009 1836 2010
f 1836 1838 2010
f 2010 1838 2011
f 1838 1840 2011
f 2011 1840 1829
f 2003 2011 1829
f 2005 2004 2012
f 2004 2013 2012
f 2004 1831 2013
f 1831 1843 2013
f 1844 2014 1845
f 2014 2015 2016
f 1844 2015 2014
f 1844 2006 2015
f 1844 1834 2006
f 2006 2008 2015
f 1850 2017 2018
f 1850 2018 1843
f 1843 2018 2013
f 1850 1851 2017
f 2019 1845 2014
f 1852 1845 2019
f 2016 2020 2019
f 2014 2016 2019
f 1853 1854 2021
f 1853 2021 1856
f 2023 2018 2017
f 2022 2023 2017
f 2017 1857 2022
f 1851 1857 2017
f 2024 1852 2019
f 1858 1852 2024
f 2020 2025 2024
f 2019 2020 2024
f 1860 2027 2026
f 1859 1860 2026
f 1854 2028 2021
f 1854 1859 2028
f 1859 2026 2028
f 2021 1861 1856
f 2021 2028 1861
f 2028 2029 1861
f 2030 1862 1861
f 2030 1861 2031
f 2031 1861 2029
f 2031 2023 2022
f 2031 2022 2030
f 2030 2022 2032
f 2022 1864 2032
f 1857 1864 2022
f 2024 1865 1858
f 1865 2033 1866
f 2024 2033 1865
f 2024 2034 2033
f 2024 2025 2034
f 2034 2036 2035
f 2033 2034 2035
f 1868 2035 2036
f 1868 2036 1867
f 1867 2036 2037
f 2037 1860 1867
f 2027 1860 2037
f 2030 1869 1862
f 2032 1869 2030
f 1870 1869 2032
f 2032 1864 1870
f 2038 1873 2039
f 1872 1873 2038
f 2039 2041 2038
f 2041 2040 2038
f 2041 2043 2040
f 2043 2042 2040
f 2043 1875 2042
f 1876 1875 2043
f 1877 2044 1878
f 1872 2044 1877
f 1872 2038 2044
f 2038 2045 2044
f 2038 2040 2045
f 2040 2046 2045
f 2040 2042 2046
f 2042 2047 2046
f 2042 1880 2047
f 1875 1880 2042
f 1882 2048 1883
f 1884 2048 1882
f 2049 2048 1884
f 1884 1885 2049
f 2044 1887 1878
f 1887 2050 1888
f 1887 2044 2050
f 2044 2045 2050
f 1891 2046 1890
f 1891 2050 2046
f 2050 2045 2046
f 2047 1890 2046
f 1893 1890 2047
f 2047 1880 1893
f 2048 1897 1883
f 2049 1897 2048
f 1899 1897 2049
f 2049 1885 1899
f 2050 1904 1888
f 2050 1891 1904
f 1915 2051 2052
f 1914 2051 1915
f 1914 2053 2051
f 1916 2053 1914
f 1919 2054 2055
f 1918 2054 1919
f 2054 1918 1915
f 2052 2054 1915
f 2053 1916 2056
f 2056 1916 1920
f 2055 2057 1919
f 2057 1921 1919
f 2056 1920 2058
f 2058 1920 1922
f 2057 2059 1921
f 2059 1923 1921
f 2058 1922 2060
f 2060 1922 1925
f 2059 2061 1923
f 2061 1926 1923
f 1927 2062 2063
f 1927 2063 1925
f 1925 2063 2060
f 1927 1928 2062
f 2064 2061 2065
f 2064 1929 2061
f 1929 1926 2061
f 2065 2066 2064
f 2063 2062 2067
f 2062 2068 2067
f 2062 1928 2068
f 1928 1930 2068
f 2064 1931 1929
f 1931 2069 1932
f 2064 2069 1931
f 2064 2070 2069
f 2064 2066 2070
f 2070 2071 2069
f 2068 1930 2072
f 2072 1930 1933
f 2069 1935 1932
f 1935 2073 1936
f 2069 2073 1935
f 2069 2074 2073
f 2069 2071 2074
f 2074 1937 2073
f 2074 2072 1937
f 2072 1933 1937
f 2075 1936 2073
f 1938 1936 2075
f 2073 1939 2075
f 1937 1939 2073
f 2076 1938 2075
f 2076 2077 1938
f 2077 1940 1938
f 2075 2078 2076
f 2075 1939 2078
f 1939 1941 2078
f 1942 2080 2079
f 1942 1940 2080
f 1940 2077 2080
f 2079 1941 1942
f 2079 2081 1941
f 2081 2078 1941
f 2080 2082 2079
f 2079 2082 2081
f 1944 2083 1945
f 1946 2083 1944
f 2084 2083 1946
f 1946 1947 2084
f 1948 2085 1949
f 2085 2086 2087
f 1948 2086 2085
f 1948 2083 2086
f 1948 1945 2083
f 2083 2084 2088
f 2086 2083 2088
f 2090 1950 2089
f 2088 1950 2090
f 2088 1947 1950
f 2088 2084 1947
f 1950 1951 2089
f 2091 1949 2085
f 2091 2092 1949
f 2092 1952 1949
f 2085 2087 2091
f 2094 2090 2089
f 2093 2094 2089
f 2089 1953 2093
f 1951 1953 2089
f 2092 2095 1952
f 2095 1954 1952
f 2097 2094 2093
f 2096 2097 2093
f 2093 1955 2096
f 1953 1955 2093
f 2098 2095 2099
f 2098 1956 2095
f 1956 1954 2095
f 2099 2100 2098
f 2102 2097 2096
f 2101 2102 2096
f 2096 1957 2101
f 1955 1957 2096
f 2098 1959 1956
f 1959 2103 1960
f 2098 2103 1959
f 2098 2104 2103
f 2098 2100 2104
f 2104 2106 2105
f 2103 2104 2105
f 2101 1962 1963
f 2102 2101 1963
f 2102 1963 2105
f 2102 2105 2106
f 2101 1957 1962
f 2107 1960 2103
f 1964 1960 2107
f 2103 2105 2107
f 2105 2108 2107
f 2105 1966 2108
f 1963 1966 2105
f 2107 1968 1964
f 2108 1968 2107
f 1970 1968 2108
f 2108 1966 1970
f 2111 2109 2110
f 2110 2112 2113
f 2109 2112 2110
f 2113 2114 2115
f 2112 2114 2113
f 2115 2114 2116
f 2118 2109 2111
f 2117 2109 2118
f 2109 2117 2112
f 2112 2117 2119
f 1974 1973 2114
f 1974 2114 2119
f 2119 2114 2112
f 2114 1973 1976
f 2114 1976 2121
f 2114 2121 2116
f 2120 2121 1976
f 1976 1977 2120
f 2118 2122 2117
f 2124 2117 2122
f 2124 2123 2117
f 2123 2119 2117
f 2119 2123 1979
f 1974 2119 1979
f 2121 2120 2125
f 2127 1980 2126
f 2125 1980 2127
f 2125 1977 1980
f 2125 2120 1977
f 1980 1982 2126
f 2129 2123 2124
f 2128 2123 2129
f 2123 2128 1983
f 1979 2123 1983
f 2131 2127 2126
f 2130 2131 2126
f 1984 2126 1982
f 1984 2132 2126
f 2132 2130 2126
f 1984 1986 2132
f 2129 2133 2128
f 2128 1988 1983
f 2128 2133 1988
f 2133 2134 1988
f 1988 2134 2135
f 1989 1988 2135
f 2137 2131 2130
f 2136 2137 2130
f 2130 2132 2136
f 2132 2138 2136
f 2132 1991 2138
f 1986 1991 2132
f 2135 1993 1989
f 2139 1993 2135
f 2137 2136 2140
f 2137 2140 1993
f 2137 1993 2139
f 1994 1993 2140
f 1997 2138 1996
f 1997 2140 2138
f 2140 2136 2138
f 2138 1991 1996
f 2140 2000 1994
f 2140 1997 2000
f 2143 2141 2142
f 2142 2144 2145
f 2141 2144 2142
f 2145 2144 2146
f 2148 2141 2143
f 2147 2141 2148
f 2141 2147 2144
f 2144 2147 2149
f 2146 2150 2151
f 2146 2144 2150
f 2144 2149 2150
f 2151 2150 2152
f 2154 2147 2148
f 2153 2147 2154
f 2147 2153 2149
f 2149 2153 2155
f 2149 2155 2150
f 2150 2155 2156
f 2152 2156 2157
f 2150 2156 2152
f 2154 2158 2153
f 2153 2159 2155
f 2158 2159 2153
f 2161 2155 2159
f 2161 2160 2155
f 2160 2156 2155
f 2157 2160 2162
f 2156 2160 2157
f 2161 2163 2160
f 2160 2163 2162
f 2002 2164 2003
f 2002 2005 2164
f 2007 2165 2008
f 2009 2165 2007
f 2166 2165 2009
f 2166 2167 2168
f 2166 2009 2167
f 2009 2010 2167
f 2167 2010 2169
f 2010 2011 2169
f 2003 2164 2170
f 2003 2170 2011
f 2011 2170 2169
f 2172 2012 2171
f 2170 2012 2172
f 2170 2005 2012
f 2170 2164 2005
f 2012 2013 2171
f 2015 2173 2016
f 2173 2174 2175
f 2015 2174 2173
f 2015 2165 2174
f 2015 2008 2165
f 2165 2166 2176
f 2174 2165 2176
f 2166 2168 2176
f 2178 2172 2171
f 2177 2178 2171
f 2171 2018 2177
f 2013 2018 2171
f 2179 2016 2173
f 2020 2016 2179
f 2175 2180 2179
f 2173 2175 2179
f 2183 2182 2181
f 2182 2178 2177
f 2182 2177 2181
f 2181 2177 2184
f 2177 2023 2184
f 2018 2023 2177
f 2185 2020 2179
f 2025 2020 2185
f 2180 2186 2185
f 2179 2180 2185
f 2027 2188 2187
f 2026 2027 2187
f 2187 2189 2026
f 2026 2189 2028
f 2181 2189 2183
f 2181 2029 2189
f 2029 2028 2189
f 2184 2029 2181
f 2031 2029 2184
f 2184 2023 2031
f 2185 2034 2025
f 2186 2034 2185
f 2186 2190 2034
f 2190 2036 2034
f 2190 2191 2036
f 2036 2191 2037
f 2191 2027 2037
f 2188 2027 2191
f 2194 2192 2193
f 2193 2195 2196
f 2192 2195 2193
f 2196 2195 2197
f 2192 2052 2051
f 2192 2194 2052
f 2194 2198 2052
f 2051 2053 2199
f 2051 2199 2192
f 2192 2199 2195
f 2197 2199 2200
f 2195 2199 2197
f 2055 2201 2202
f 2054 2201 2055
f 2201 2054 2052
f 2198 2201 2052
f 2203 2199 2053
f 2056 2203 2053
f 2200 2203 2204
f 2199 2203 2200
f 2202 2205 2055
f 2205 2057 2055
f 2206 2203 2056
f 2206 2056 2207
f 2207 2056 2058
f 2203 2206 2204
f 2205 2208 2057
f 2208 2059 2057
f 2207 2058 2209
f 2209 2058 2060
f 2210 2208 2211
f 2210 2061 2208
f 2061 2059 2208
f 2211 2212 2210
f 2209 2060 2213
f 2213 2060 2063
f 2210 2065 2061
f 2065 2214 2066
f 2210 2214 2065
f 2210 2215 2214
f 2210 2212 2215
f 2215 2216 2214
f 2215 2063 2216
f 2215 2213 2063
f 2063 2067 2216
f 2067 2068 2216
f 2214 2070 2066
f 2070 2217 2071
f 2070 2214 2217
f 2214 2216 2217
f 2216 2072 2217
f 2068 2072 2216
f 2217 2074 2071
f 2217 2072 2074
f 2076 2218 2077
f 2076 2078 2218
f 2219 2077 2218
f 2219 2220 2077
f 2220 2080 2077
f 2218 2221 2219
f 2218 2078 2221
f 2078 2081 2221
f 2082 2223 2222
f 2082 2080 2223
f 2080 2220 2223
f 2222 2081 2082
f 2222 2224 2081
f 2224 2221 2081
f 2226 2222 2223
f 2225 2222 2226
f 2224 2225 2227
f 2222 2225 2224
f 2229 2225 2226
f 2228 2225 2229
f 2227 2228 2230
f 2225 2228 2227
f 2229 2231 2228
f 2228 2231 2230
f 2086 2232 2087
f 2088 2232 2086
f 2233 2232 2088
f 2088 2090 2233
f 2091 2234 2092
f 2234 2235 2236
f 2091 2235 2234
f 2091 2232 2235
f 2091 2087 2232
f 2238 2235 2232
f 2238 2232 2237
f 2237 2232 2233
f 2233 2094 2237
f 2090 2094 2233
f 2239 2092 2234
f 2095 2092 2239
f 2236 2240 2239
f 2234 2236 2239
f 2242 2238 2237
f 2241 2242 2237
f 2237 2097 2241
f 2094 2097 2237
f 2239 2099 2095
f 2099 2239 2240
f 2099 2240 2100
f 2100 2240 2243
f 2245 2242 2241
f 2244 2245 2241
f 2241 2102 2244
f 2097 2102 2241
f 2243 2104 2100
f 2246 2104 2243
f 2244 2246 2245
f 2244 2106 2246
f 2106 2104 2246
f 2244 2102 2106
f 2249 2247 2248
f 2248 2250 2251
f 2247 2250 2248
f 2251 2250 2252
f 2255 2253 2254
f 2254 2247 2249
f 2254 2253 2247
f 2253 2256 2247
f 2247 2256 2250
f 2250 2256 2257
f 2252 2258 2259
f 2252 2250 2258
f 2250 2257 2258
f 2259 2258 2260
f 2262 2253 2255
f 2261 2253 2262
f 2111 2110 2256
f 2111 2256 2261
f 2261 2256 2253
f 2257 2256 2110
f 2113 2257 2110
f 2258 2257 2113
f 2115 2258 2113
f 2115 2260 2258
f 2115 2116 2260
f 2116 2263 2260
f 2265 2261 2262
f 2264 2261 2265
f 2261 2264 2118
f 2111 2261 2118
f 2263 2116 2266
f 2266 2116 2121
f 2265 2267 2264
f 2269 2268 2122
f 2267 2269 2122
f 2267 2122 2118
f 2267 2118 2264
f 2122 2268 2124
f 2125 2270 2271
f 2125 2271 2121
f 2121 2271 2266
f 2125 2127 2270
f 2269 2272 2268
f 2268 2272 2273
f 2268 2273 2124
f 2124 2273 2129
f 2271 2270 2274
f 2270 2275 2274
f 2270 2127 2275
f 2127 2131 2275
f 2273 2133 2129
f 2276 2133 2273
f 2278 2277 2134
f 2278 2134 2276
f 2276 2134 2133
f 2134 2277 2135
f 2275 2131 2279
f 2279 2131 2137
f 2278 2280 2277
f 2277 2139 2135
f 2277 2280 2139
f 2280 2281 2139
f 2281 2137 2139
f 2279 2137 2281
f 2284 2282 2283
f 2283 2285 2286
f 2282 2285 2283
f 2286 2285 2287
f 2290 2288 2289
f 2282 2143 2142
f 2284 2143 2282
f 2284 2288 2143
f 2284 2289 2288
f 2285 2282 2142
f 2145 2285 2142
f 2145 2146 2291
f 2285 2145 2291
f 2285 2291 2292
f 2285 2292 2287
f 2292 2291 2293
f 2295 2288 2290
f 2294 2288 2295
f 2288 2294 2148
f 2143 2288 2148
f 2291 2146 2151
f 2151 2152 2296
f 2291 2151 2296
f 2291 2296 2297
f 2291 2297 2293
f 2297 2296 2298
f 2295 2299 2294
f 2294 2299 2300
f 2294 2300 2148
f 2148 2300 2154
f 2301 2296 2152
f 2157 2301 2152
f 2298 2301 2302
f 2296 2301 2298
f 2158 2304 2303
f 2158 2154 2304
f 2154 2300 2304
f 2159 2158 2303
f 2305 2159 2303
f 2159 2305 2161
f 2306 2301 2157
f 2162 2306 2157
f 2302 2306 2307
f 2301 2306 2302
f 2304 2308 2303
f 2310 2303 2308
f 2310 2309 2303
f 2309 2305 2303
f 2163 2161 2305
f 2163 2305 2311
f 2311 2305 2309
f 2162 2163 2311
f 2162 2311 2306
f 2306 2311 2312
f 2307 2312 2313
f 2306 2312 2307
f 2310 2314 2309
f 2309 2315 2311
f 2314 2315 2309
f 2311 2316 2312
f 2315 2316 2311
f 2312 2316 2313
f 2168 2317 2318
f 2167 2317 2168
f 2317 2167 2319
f 2167 2169 2319
f 2321 2170 2320
f 2321 2319 2170
f 2319 2169 2170
f 2170 2172 2320
f 2175 2322 2323
f 2174 2322 2175
f 2322 2174 2324
f 2174 2176 2324
f 2324 2176 2168
f 2318 2324 2168
f 2326 2321 2320
f 2325 2326 2320
f 2320 2178 2325
f 2172 2178 2320
f 2323 2327 2175
f 2327 2180 2175
f 2330 2329 2328
f 2325 2182 2183
f 2326 2325 2183
f 2326 2183 2328
f 2326 2328 2329
f 2325 2178 2182
f 2331 2327 2332
f 2331 2186 2327
f 2186 2180 2327
f 2332 2334 2333
f 2331 2332 2333
f 2188 2333 2334
f 2188 2334 2187
f 2187 2334 2335
f 2328 2335 2330
f 2328 2189 2335
f 2189 2187 2335
f 2328 2183 2189
f 2331 2190 2186
f 2333 2190 2331
f 2191 2190 2333
f 2333 2188 2191
f 2338 2336 2337
f 2337 2339 2340
f 2336 2339 2337
f 2340 2339 2341
f 2343 2336 2338
f 2342 2336 2343
f 2336 2342 2339
f 2339 2342 2344
f 2341 2344 2345
f 2339 2344 2341
f 2348 2346 2347
f 2347 2342 2343
f 2347 2346 2342
f 2346 2349 2342
f 2342 2349 2344
f 2344 2349 2350
f 2345 2350 2351
f 2344 2350 2345
f 2346 2194 2193
f 2346 2348 2194
f 2348 2352 2194
f 2349 2346 2193
f 2196 2349 2193
f 2196 2197 2353
f 2196 2353 2349
f 2349 2353 2350
f 2351 2353 2354
f 2350 2353 2351
f 2357 2355 2356
f 2356 2355 2198
f 2356 2198 2352
f 2352 2198 2194
f 2358 2353 2197
f 2200 2358 2197
f 2354 2358 2359
f 2353 2358 2354
f 2355 2202 2201
f 2355 2357 2202
f 2357 2360 2202
f 2355 2201 2198
f 2361 2358 2200
f 2361 2200 2362
f 2362 2200 2204
f 2358 2361 2359
f 2360 2363 2202
f 2363 2205 2202
f 2206 2207 2364
f 2364 2204 2206
f 2364 2365 2204
f 2365 2362 2204
f 2363 2366 2205
f 2366 2208 2205
f 2367 2364 2207
f 2209 2367 2207
f 2365 2367 2368
f 2364 2367 2365
f 2366 2211 2208
f 2369 2211 2366
f 2211 2369 2370
f 2212 2211 2370
f 2371 2367 2209
f 2371 2209 2372
f 2372 2209 2213
f 2367 2371 2368
f 2370 2215 2212
f 2373 2215 2370
f 2373 2213 2215
f 2372 2213 2373
f 2220 2374 2375
f 2219 2374 2220
f 2219 2376 2374
f 2221 2376 2219
f 2375 2377 2220
f 2377 2223 2220
f 2376 2221 2378
f 2378 2221 2224
f 2381 2379 2380
f 2380 2379 2226
f 2380 2226 2377
f 2377 2226 2223
f 2382 2383 2378
f 2382 2378 2227
f 2227 2378 2224
f 2383 2382 2384
f 2386 2379 2381
f 2385 2379 2386
f 2379 2385 2229
f 2226 2379 2229
f 2387 2382 2227
f 2230 2387 2227
f 2384 2387 2388
f 2382 2387 2384
f 2390 2385 2386
f 2389 2385 2390
f 2231 2229 2385
f 2231 2385 2391
f 2391 2385 2389
f 2230 2231 2391
f 2230 2391 2387
f 2387 2391 2392
f 2388 2393 2394
f 2388 2387 2393
f 2387 2392 2393
f 2394 2393 2395
f 2397 2389 2390
f 2396 2389 2397
f 2389 2396 2391
f 2391 2396 2398
f 2391 2398 2392
f 2392 2398 2399
f 2400 2399 2401
f 2400 2393 2399
f 2393 2392 2399
f 2393 2400 2395
f 2403 2396 2397
f 2402 2396 2403
f 2396 2402 2398
f 2398 2402 2404
f 2398 2404 2399
f 2399 2404 2405
f 2401 2405 2406
f 2399 2405 2401
f 2408 2402 2403
f 2407 2402 2408
f 2402 2407 2404
f 2404 2407 2409
f 2410 2409 2411
f 2410 2405 2409
f 2405 2404 2409
f 2405 2410 2406
f 2408 2412 2407
f 2407 2413 2409
f 2412 2413 2407
f 2409 2413 2411
f 2235 2414 2236
f 2235 2238 2414
f 2415 2236 2414
f 2240 2236 2415
f 2414 2242 2415
f 2238 2242 2414
f 2416 2240 2415
f 2243 2240 2416
f 2415 2245 2416
f 2242 2245 2415
f 2419 2417 2418
f 2418 2420 2421
f 2417 2420 2418
f 2422 2421 2420
f 2422 2423 2421
f 2416 2246 2243
f 2416 2245 2246
f 2423 2422 2424
f 2426 2417 2419
f 2425 2417 2426
f 2417 2425 2420
f 2420 2425 2427
f 2420 2427 2422
f 2422 2427 2428
f 2424 2428 2429
f 2422 2428 2424
f 2432 2430 2431
f 2431 2425 2426
f 2431 2430 2425
f 2430 2433 2425
f 2425 2433 2427
f 2427 2433 2434
f 2427 2434 2428
f 2428 2434 2435
f 2429 2435 2436
f 2428 2435 2429
f 2438 2430 2432
f 2437 2430 2438
f 2430 2437 2433
f 2433 2437 2439
f 2433 2439 2434
f 2434 2439 2440
f 2434 2440 2435
f 2435 2440 2441
f 2436 2441 2442
f 2435 2441 2436
f 2445 2443 2444
f 2444 2437 2438
f 2444 2443 2437
f 2443 2446 2437
f 2249 2248 2439
f 2249 2439 2446
f 2446 2439 2437
f 2440 2439 2248
f 2251 2440 2248
f 2251 2252 2447
f 2251 2447 2440
f 2440 2447 2441
f 2442 2447 2448
f 2441 2447 2442
f 2450 2443 2445
f 2449 2443 2450
f 2255 2254 2446
f 2255 2446 2449
f 2449 2446 2443
f 2446 2254 2249
f 2447 2252 2259
f 2259 2448 2447
f 2259 2260 2448
f 2260 2451 2448
f 2450 2452 2449
f 2449 2452 2453
f 2449 2453 2255
f 2255 2453 2262
f 2451 2260 2454
f 2454 2260 2263
f 2453 2455 2262
f 2455 2265 2262
f 2454 2263 2456
f 2456 2263 2266
f 2455 2267 2265
f 2457 2267 2455
f 2267 2457 2458
f 2269 2267 2458
f 2456 2266 2459
f 2459 2266 2271
f 2458 2272 2269
f 2460 2272 2458
f 2272 2460 2461
f 2273 2272 2461
f 2274 2462 2463
f 2274 2463 2271
f 2271 2463 2459
f 2274 2275 2462
f 2276 2465 2464
f 2276 2273 2465
f 2273 2461 2465
f 2276 2464 2278
f 2467 2463 2462
f 2466 2467 2462
f 2462 2279 2466
f 2275 2279 2462
f 2469 2464 2465
f 2468 2464 2469
f 2280 2278 2464
f 2280 2464 2470
f 2470 2464 2468
f 2281 2280 2467
f 2281 2467 2466
f 2280 2470 2467
f 2472 2467 2471
f 2470 2471 2467
f 2466 2279 2281
f 2472 2471 2473
f 2469 2474 2468
f 2476 2468 2474
f 2476 2475 2468
f 2475 2470 2468
f 2470 2475 2471
f 2471 2475 2477
f 2473 2477 2478
f 2471 2477 2473
f 2480 2475 2476
f 2479 2475 2480
f 2475 2479 2477
f 2477 2479 2481
f 2478 2481 2482
f 2477 2481 2478
f 2484 2479 2480
f 2483 2479 2484
f 2479 2483 2481
f 2481 2483 2485
f 2482 2485 2486
f 2481 2485 2482
f 2489 2487 2488
f 2483 2284 2283
f 2484 2284 2483
f 2484 2487 2284
f 2484 2488 2487
f 2485 2483 2283
f 2286 2485 2283
f 2286 2287 2490
f 2485 2286 2490
f 2485 2490 2491
f 2485 2491 2486
f 2491 2490 2492
f 2487 2290 2289
f 2487 2489 2290
f 2489 2493 2290
f 2487 2289 2284
f 2490 2287 2292
f 2292 2293 2494
f 2490 2292 2494
f 2490 2494 2495
f 2490 2495 2492
f 2495 2494 2496
f 2493 2497 2290
f 2497 2295 2290
f 2494 2293 2297
f 2297 2496 2494
f 2297 2298 2496
f 2298 2498 2496
f 2299 2500 2499
f 2299 2295 2500
f 2295 2497 2500
f 2299 2499 2300
f 2501 2502 2498
f 2501 2498 2302
f 2302 2498 2298
f 2502 2501 2503
f 2500 2504 2499
f 2499 2504 2505
f 2499 2505 2300
f 2300 2505 2304
f 2506 2501 2302
f 2307 2506 2302
f 2503 2506 2507
f 2501 2506 2503
f 2308 2509 2508
f 2308 2304 2509
f 2304 2505 2509
f 2308 2508 2310
f 2510 2506 2307
f 2313 2510 2307
f 2507 2510 2511
f 2506 2510 2507
f 2509 2512 2508
f 2514 2513 2314
f 2512 2514 2314
f 2512 2314 2310
f 2512 2310 2508
f 2315 2314 2513
f 2515 2315 2513
f 2316 2315 2515
f 2516 2316 2515
f 2516 2518 2517
f 2316 2516 2517
f 2316 2517 2510
f 2316 2510 2313
f 2510 2517 2511
f 2514 2519 2513
f 2513 2520 2515
f 2519 2520 2513
f 2515 2521 2516
f 2520 2521 2515
f 2516 2521 2518
f 2524 2522 2523
f 2318 2523 2522
f 2318 2317 2523
f 2317 2525 2523
f 2527 2319 2526
f 2527 2525 2319
f 2525 2317 2319
f 2319 2321 2526
f 2322 2528 2323
f 2528 2524 2529
f 2528 2324 2524
f 2528 2322 2324
f 2324 2522 2524
f 2522 2324 2318
f 2531 2527 2526
f 2530 2531 2526
f 2526 2326 2530
f 2321 2326 2526
f 2532 2323 2528
f 2327 2323 2532
f 2529 2533 2532
f 2528 2529 2532
f 2530 2329 2330
f 2530 2330 2531
f 2531 2330 2534
f 2530 2326 2329
f 2532 2332 2327
f 2533 2332 2532
f 2533 2535 2332
f 2535 2334 2332
f 2535 2536 2334
f 2334 2536 2335
f 2536 2330 2335
f 2534 2330 2536
f 2539 2537 2538
f 2538 2540 2541
f 2537 2540 2538
f 2541 2540 2542
f 2544 2537 2539
f 2543 2537 2544
f 2537 2543 2540
f 2540 2543 2545
f 2542 2546 2547
f 2542 2540 2546
f 2540 2545 2546
f 2547 2546 2548
f 2550 2543 2544
f 2549 2543 2550
f 2338 2337 2545
f 2338 2545 2549
f 2549 2545 2543
f 2546 2545 2337
f 2340 2546 2337
f 2340 2548 2546
f 2340 2341 2548
f 2341 2551 2548
f 2553 2549 2550
f 2552 2549 2553
f 2549 2552 2343
f 2338 2549 2343
f 2554 2555 2551
f 2554 2551 2345
f 2345 2551 2341
f 2555 2554 2556
f 2559 2557 2558
f 2552 2348 2347
f 2553 2348 2552
f 2553 2557 2348
f 2553 2558 2557
f 2552 2347 2343
f 2560 2554 2345
f 2351 2560 2345
f 2556 2560 2561
f 2554 2560 2556
f 2563 2557 2559
f 2562 2557 2563
f 2557 2562 2352
f 2348 2557 2352
f 2564 2560 2351
f 2564 2351 2565
f 2565 2351 2354
f 2560 2564 2561
f 2562 2357 2356
f 2562 2563 2357
f 2563 2566 2357
f 2562 2356 2352
f 2565 2354 2567
f 2567 2354 2359
f 2566 2568 2357
f 2568 2360 2357
f 2361 2362 2569
f 2569 2359 2361
f 2569 2570 2359
f 2570 2567 2359
f 2573 2571 2572
f 2572 2571 2363
f 2572 2363 2568
f 2568 2363 2360
f 2574 2569 2362
f 2365 2574 2362
f 2570 2574 2575
f 2569 2574 2570
f 2573 2576 2571
f 2571 2576 2577
f 2571 2577 2363
f 2363 2577 2366
f 2578 2574 2365
f 2578 2365 2579
f 2579 2365 2368
f 2574 2578 2575
f 2369 2581 2580
f 2369 2366 2581
f 2366 2577 2581
f 2369 2580 2370
f 2371 2372 2582
f 2582 2368 2371
f 2582 2583 2368
f 2583 2579 2368
f 2581 2584 2580
f 2580 2373 2370
f 2580 2584 2373
f 2584 2585 2373
f 2372 2586 2582
f 2372 2373 2586
f 2373 2585 2586
f 2582 2586 2583
f 2374 2587 2375
f 2374 2376 2587
f 2590 2588 2589
f 2588 2591 2589
f 2588 2375 2591
f 2588 2377 2375
f 2587 2591 2375
f 2587 2592 2591
f 2587 2376 2592
f 2376 2378 2592
f 2588 2381 2380
f 2588 2590 2381
f 2590 2593 2381
f 2588 2380 2377
f 2592 2378 2383
f 2594 2592 2383
f 2383 2595 2594
f 2384 2595 2383
f 2598 2596 2597
f 2597 2596 2386
f 2597 2386 2593
f 2593 2386 2381
f 2595 2384 2599
f 2599 2384 2388
f 2601 2596 2598
f 2600 2596 2601
f 2596 2600 2390
f 2386 2596 2390
f 2599 2388 2394
f 2602 2599 2394
f 2394 2603 2602
f 2395 2603 2394
f 2605 2600 2601
f 2604 2600 2605
f 2600 2604 2397
f 2390 2600 2397
f 2400 2401 2606
f 2606 2395 2400
f 2606 2607 2395
f 2607 2603 2395
f 2609 2604 2605
f 2608 2604 2609
f 2604 2608 2403
f 2397 2604 2403
f 2610 2606 2401
f 2610 2401 2611
f 2611 2401 2406
f 2606 2610 2607
f 2609 2612 2608
f 2608 2612 2613
f 2608 2613 2403
f 2403 2613 2408
f 2410 2411 2614
f 2614 2406 2410
f 2614 2615 2406
f 2615 2611 2406
f 2613 2412 2408
f 2616 2412 2613
f 2616 2617 2412
f 2412 2617 2413
f 2411 2618 2614
f 2411 2413 2618
f 2413 2617 2618
f 2614 2618 2615
f 2621 2619 2620
f 2419 2620 2619
f 2419 2418 2620
f 2418 2622 2620
f 2622 2418 2623
f 2418 2421 2623
f 2623 2421 2624
f 2421 2423 2624
f 2423 2625 2624
f 2424 2625 2423
f 2627 2619 2621
f 2626 2619 2627
f 2619 2626 2426
f 2419 2619 2426
f 2628 2629 2625
f 2628 2625 2429
f 2429 2625 2424
f 2629 2628 2630
f 2626 2432 2431
f 2626 2627 2432
f 2627 2631 2432
f 2626 2431 2426
f 2632 2628 2429
f 2436 2632 2429
f 2630 2632 2633
f 2628 2632 2630
f 2634 2631 2635
f 2634 2438 2631
f 2438 2432 2631
f 2635 2636 2634
f 2637 2632 2436
f 2637 2436 2638
f 2638 2436 2442
f 2632 2637 2633
f 2444 2639 2445
f 2438 2639 2444
f 2438 2634 2639
f 2634 2640 2639
f 2636 2641 2640
f 2634 2636 2640
f 2638 2442 2642
f 2642 2442 2448
f 2643 2445 2639
f 2450 2445 2643
f 2639 2640 2643
f 2640 2644 2643
f 2641 2645 2644
f 2640 2641 2644
f 2642 2448 2646
f 2646 2448 2451
f 2643 2452 2450
f 2452 2647 2453
f 2452 2643 2647
f 2643 2644 2647
f 2645 2648 2647
f 2644 2645 2647
f 2651 2650 2649
f 2650 2454 2649
f 2650 2646 2454
f 2646 2451 2454
f 2652 2453 2647
f 2455 2453 2652
f 2648 2653 2652
f 2647 2648 2652
f 2655 2651 2649
f 2654 2655 2649
f 2649 2456 2654
f 2454 2456 2649
f 2652 2457 2455
f 2457 2652 2653
f 2457 2653 2458
f 2458 2653 2656
f 2658 2655 2654
f 2657 2658 2654
f 2654 2459 2657
f 2456 2459 2654
f 2656 2460 2458
f 2659 2460 2656
f 2460 2659 2660
f 2461 2460 2660
f 2658 2657 2661
f 2657 2662 2661
f 2657 2459 2662
f 2459 2463 2662
f 2660 2663 2461
f 2663 2465 2461
f 2662 2463 2664
f 2664 2463 2467
f 2667 2665 2666
f 2666 2665 2469
f 2666 2469 2663
f 2663 2469 2465
f 2664 2467 2472
f 2668 2664 2472
f 2472 2669 2668
f 2473 2669 2472
f 2671 2665 2667
f 2670 2665 2671
f 2474 2469 2665
f 2474 2665 2672
f 2672 2665 2670
f 2474 2672 2476
f 2673 2674 2669
f 2673 2669 2478
f 2478 2669 2473
f 2674 2673 2675
f 2671 2676 2670
f 2678 2670 2676
f 2678 2677 2670
f 2677 2672 2670
f 2672 2677 2480
f 2476 2672 2480
f 2679 2673 2478
f 2482 2679 2478
f 2675 2679 2680
f 2673 2679 2675
f 2682 2677 2678
f 2681 2677 2682
f 2677 2681 2484
f 2480 2677 2484
f 2683 2679 2482
f 2486 2683 2482
f 2680 2684 2685
f 2680 2679 2684
f 2679 2683 2684
f 2685 2684 2686
f 2681 2489 2488
f 2681 2682 2489
f 2682 2687 2489
f 2681 2488 2484
f 2683 2486 2491
f 2491 2492 2688
f 2491 2688 2683
f 2683 2688 2684
f 2686 2688 2689
f 2684 2688 2686
f 2687 2690 2489
f 2690 2493 2489
f 2688 2492 2495
f 2495 2496 2691
f 2688 2495 2691
f 2688 2691 2692
f 2688 2692 2689
f 2692 2691 2693
f 2690 2694 2493
f 2694 2497 2493
f 2695 2691 2496
f 2498 2695 2496
f 2693 2695 2696
f 2691 2695 2693
f 2694 2697 2497
f 2697 2500 2497
f 2695 2498 2502
f 2502 2696 2695
f 2502 2503 2696
f 2503 2698 2696
f 2697 2504 2500
f 2699 2504 2697
f 2504 2699 2700
f 2505 2504 2700
f 2698 2503 2701
f 2701 2503 2507
f 2700 2702 2505
f 2702 2509 2505
f 2701 2507 2703
f 2703 2507 2511
f 2512 2705 2704
f 2512 2509 2705
f 2509 2702 2705
f 2512 2704 2514
f 2518 2707 2706
f 2517 2518 2706
f 2706 2511 2517
f 2703 2511 2706
f 2705 2708 2704
f 2710 2709 2519
f 2708 2710 2519
f 2708 2519 2514
f 2708 2514 2704
f 2709 2712 2711
f 2709 2711 2519
f 2519 2711 2520
f 2711 2713 2520
f 2520 2713 2521
f 2713 2518 2521
f 2707 2518 2713
f 2710 2714 2709
f 2709 2714 2712
f 2717 2715 2716
f 2524 2716 2715
f 2524 2523 2716
f 2523 2718 2716
f 2718 2523 2719
f 2523 2525 2719
f 2525 2720 2719
f 2527 2720 2525
f 2722 2715 2717
f 2721 2715 2722
f 2715 2721 2529
f 2524 2715 2529
f 2720 2527 2723
f 2723 2527 2531
f 2722 2724 2721
f 2721 2724 2725
f 2721 2725 2529
f 2529 2725 2533
f 2728 2727 2726
f 2727 2534 2726
f 2727 2723 2534
f 2723 2531 2534
f 2725 2535 2533
f 2729 2535 2725
f 2726 2729 2728
f 2726 2536 2729
f 2536 2535 2729
f 2726 2534 2536
f 2732 2730 2731
f 2734 2731 2730
f 2734 2733 2731
f 2733 2735 2731
f 2738 2736 2737
f 2738 2735 2736
f 2735 2733 2736
f 2737 2736 2739
f 2741 2733 2734
f 2740 2733 2741
f 2733 2740 2736
f 2736 2740 2742
f 2739 2743 2744
f 2739 2736 2743
f 2736 2742 2743
f 2744 2743 2745
f 2741 2746 2740
f 2748 2740 2746
f 2748 2747 2740
f 2747 2742 2740
f 2539 2538 2743
f 2539 2743 2747
f 2747 2743 2742
f 2745 2743 2538
f 2745 2538 2749
f 2749 2538 2541
f 2750 2541 2542
f 2750 2751 2541
f 2751 2749 2541
f 2751 2750 2752
f 2754 2747 2748
f 2753 2747 2754
f 2747 2753 2544
f 2539 2747 2544
f 2750 2542 2547
f 2547 2752 2750
f 2547 2548 2752
f 2548 2755 2752
f 2757 2753 2754
f 2756 2753 2757
f 2753 2756 2550
f 2544 2753 2550
f 2758 2759 2755
f 2758 2755 2551
f 2551 2755 2548
f 2759 2758 2760
f 2762 2756 2757
f 2761 2756 2762
f 2756 2761 2553
f 2550 2756 2553
f 2758 2551 2555
f 2555 2760 2758
f 2555 2556 2760
f 2556 2763 2760
f 2761 2559 2558
f 2761 2762 2559
f 2762 2764 2559
f 2761 2558 2553
f 2763 2556 2765
f 2765 2556 2561
f 2764 2766 2559
f 2766 2563 2559
f 2564 2565 2767
f 2767 2561 2564
f 2767 2768 2561
f 2768 2765 2561
f 2771 2769 2770
f 2770 2769 2566
f 2770 2566 2766
f 2766 2566 2563
f 2772 2767 2565
f 2772 2565 2773
f 2773 2565 2567
f 2767 2772 2768
f 2775 2769 2771
f 2774 2769 2775
f 2769 2774 2568
f 2566 2769 2568
f 2773 2567 2776
f 2776 2567 2570
f 2774 2573 2572
f 2774 2775 2573
f 2775 2777 2573
f 2774 2572 2568
f 2776 2570 2778
f 2778 2570 2575
f 2576 2780 2779
f 2576 2573 2780
f 2573 2777 2780
f 2576 2779 2577
f 2578 2579 2781
f 2781 2575 2578
f 2781 2782 2575
f 2782 2778 2575
f 2780 2783 2779
f 2779 2783 2784
f 2779 2784 2577
f 2577 2784 2581
f 2785 2781 2579
f 2785 2579 2786
f 2786 2579 2583
f 2781 2785 2782
f 2584 2788 2787
f 2584 2581 2788
f 2581 2784 2788
f 2585 2584 2787
f 2789 2585 2787
f 2586 2585 2789
f 2790 2586 2789
f 2790 2583 2586
f 2790 2791 2583
f 2791 2786 2583
f 2788 2792 2787
f 2787 2793 2789
f 2792 2793 2787
f 2789 2794 2790
f 2793 2794 2789
f 2790 2794 2791
f 2590 2795 2796
f 2589 2795 2590
f 2795 2589 2797
f 2589 2591 2797
f 2591 2798 2797
f 2592 2798 2591
f 2796 2799 2590
f 2799 2593 2590
f 2798 2592 2594
f 2800 2798 2594
f 2594 2801 2800
f 2595 2801 2594
f 2598 2802 2803
f 2597 2802 2598
f 2802 2597 2593
f 2799 2802 2593
f 2801 2595 2804
f 2804 2595 2599
f 2803 2805 2598
f 2805 2601 2598
f 2602 2806 2807
f 2602 2807 2599
f 2599 2807 2804
f 2602 2603 2806
f 2805 2808 2601
f 2808 2605 2601
f 2810 2807 2806
f 2809 2810 2806
f 2806 2607 2809
f 2603 2607 2806
f 2811 2808 2812
f 2811 2609 2808
f 2609 2605 2808
f 2812 2813 2811
f 2809 2610 2611
f 2809 2611 2810
f 2810 2611 2814
f 2809 2607 2610
f 2811 2612 2609
f 2612 2811 2813
f 2612 2813 2613
f 2613 2813 2815
f 2814 2611 2816
f 2816 2611 2615
f 2815 2616 2613
f 2817 2616 2815
f 2819 2818 2617
f 2819 2617 2817
f 2817 2617 2616
f 2818 2821 2820
f 2818 2820 2617
f 2617 2820 2618
f 2820 2615 2618
f 2816 2615 2820
f 2819 2822 2818
f 2818 2822 2821
f 2620 2823 2621
f 2823 2824 2825
f 2823 2620 2824
f 2620 2622 2824
f 2824 2622 2826
f 2622 2623 2826
f 2826 2623 2827
f 2623 2624 2827
f 2828 2624 2625
f 2828 2829 2624
f 2829 2827 2624
f 2829 2828 2830
f 2831 2621 2823
f 2627 2621 2831
f 2825 2832 2831
f 2823 2825 2831
f 2828 2625 2629
f 2629 2830 2828
f 2629 2630 2830
f 2630 2833 2830
f 2834 2627 2831
f 2631 2627 2834
f 2832 2835 2834
f 2831 2832 2834
f 2833 2630 2836
f 2836 2630 2633
f 2834 2635 2631
f 2635 2834 2835
f 2635 2835 2636
f 2636 2835 2837
f 2637 2638 2838
f 2838 2633 2637
f 2838 2839 2633
f 2839 2836 2633
f 2840 2837 2841
f 2840 2641 2837
f 2641 2636 2837
f 2841 2842 2840
f 2843 2838 2638
f 2642 2843 2638
f 2839 2843 2844
f 2838 2843 2839
f 2845 2641 2840
f 2645 2641 2845
f 2842 2846 2845
f 2840 2842 2845
f 2847 2843 2642
f 2847 2642 2848
f 2848 2642 2646
f 2843 2847 2844
f 2849 2645 2845
f 2648 2645 2849
f 2846 2851 2850
f 2846 2850 2845
f 2845 2850 2849
f 2651 2850 2851
f 2651 2851 2650
f 2650 2851 2852
f 2852 2646 2650
f 2848 2646 2852
f 2853 2648 2849
f 2653 2648 2853
f 2849 2850 2853
f 2850 2854 2853
f 2850 2655 2854
f 2651 2655 2850
f 2855 2653 2853
f 2656 2653 2855
f 2853 2854 2855
f 2854 2856 2855
f 2854 2658 2856
f 2655 2658 2854
f 2855 2659 2656
f 2857 2855 2856
f 2857 2660 2855
f 2857 2858 2660
f 2660 2659 2855
f 2860 2661 2859
f 2857 2661 2860
f 2857 2658 2661
f 2857 2856 2658
f 2661 2662 2859
f 2863 2861 2862
f 2862 2861 2663
f 2862 2663 2858
f 2858 2663 2660
f 2860 2859 2864
f 2859 2662 2664
f 2859 2664 2866
f 2859 2866 2864
f 2866 2664 2865
f 2866 2865 2867
f 2861 2667 2666
f 2861 2863 2667
f 2863 2868 2667
f 2861 2666 2663
f 2865 2664 2668
f 2668 2669 2869
f 2865 2668 2869
f 2865 2869 2870
f 2865 2870 2867
f 2870 2869 2871
f 2868 2872 2667
f 2872 2671 2667
f 2869 2669 2674
f 2674 2871 2869
f 2674 2675 2871
f 2675 2873 2871
f 2676 2875 2874
f 2676 2671 2875
f 2671 2872 2875
f 2676 2874 2678
f 2876 2877 2873
f 2876 2873 2680
f 2680 2873 2675
f 2877 2876 2878
f 2880 2874 2875
f 2879 2874 2880
f 2874 2879 2682
f 2678 2874 2682
f 2876 2680 2685
f 2685 2686 2881
f 2876 2685 2881
f 2876 2881 2882
f 2876 2882 2878
f 2882 2881 2883
f 2885 2879 2880
f 2884 2879 2885
f 2879 2884 2687
f 2682 2879 2687
f 2886 2881 2686
f 2689 2886 2686
f 2883 2887 2888
f 2883 2881 2887
f 2881 2886 2887
f 2888 2887 2889
f 2885 2890 2884
f 2884 2890 2891
f 2884 2891 2687
f 2687 2891 2690
f 2886 2689 2692
f 2692 2693 2892
f 2692 2892 2886
f 2886 2892 2887
f 2889 2892 2893
f 2887 2892 2889
f 2891 2894 2690
f 2894 2694 2690
f 2895 2892 2693
f 2696 2895 2693
f 2893 2895 2896
f 2892 2895 2893
f 2894 2897 2694
f 2897 2697 2694
f 2898 2895 2696
f 2698 2898 2696
f 2896 2898 2899
f 2895 2898 2896
f 2897 2699 2697
f 2900 2699 2897
f 2699 2900 2901
f 2700 2699 2901
f 2902 2898 2698
f 2701 2902 2698
f 2899 2902 2903
f 2898 2902 2899
f 2901 2904 2700
f 2904 2702 2700
f 2905 2902 2701
f 2905 2701 2906
f 2906 2701 2703
f 2902 2905 2903
f 2904 2907 2702
f 2907 2705 2702
f 2707 2909 2908
f 2706 2707 2908
f 2908 2703 2706
f 2906 2703 2908
f 2708 2911 2910
f 2708 2705 2911
f 2705 2907 2911
f 2708 2910 2710
f 2712 2913 2912
f 2711 2712 2912
f 2912 2914 2711
f 2711 2914 2713
f 2914 2707 2713
f 2909 2707 2914
f 2916 2910 2911
f 2915 2910 2916
f 2710 2910 2915
f 2710 2915 2917
f 2710 2917 2714
f 2918 2917 2915
f 2917 2712 2714
f 2913 2712 2917
f 2916 2919 2915
f 2915 2919 2918
f 2922 2920 2921
f 2921 2920 2923
f 2926 2924 2925
f 2925 2920 2922
f 2925 2924 2920
f 2924 2927 2920
f 2923 2927 2928
f 2920 2927 2923
f 2930 2924 2926
f 2929 2924 2930
f 2924 2929 2927
f 2927 2929 2931
f 2928 2932 2933
f 2928 2927 2932
f 2927 2931 2932
f 2933 2932 2934
f 2936 2929 2930
f 2935 2929 2936
f 2717 2716 2931
f 2717 2931 2935
f 2935 2931 2929
f 2932 2931 2716
f 2718 2932 2716
f 2932 2718 2719
f 2932 2719 2938
f 2932 2938 2934
f 2937 2938 2719
f 2719 2720 2937
f 2940 2935 2936
f 2939 2935 2940
f 2935 2939 2722
f 2717 2935 2722
f 2942 2938 2937
f 2941 2942 2937
f 2937 2723 2941
f 2720 2723 2937
f 2940 2943 2939
f 2939 2724 2722
f 2939 2943 2724
f 2943 2944 2724
f 2945 2725 2724
f 2945 2724 2946
f 2946 2724 2944
f 2941 2727 2728
f 2942 2941 2728
f 2942 2728 2945
f 2942 2945 2946
f 2941 2723 2727
f 2945 2729 2725
f 2945 2728 2729
f 2948 2730 2732
f 2947 2730 2948
f 2730 2947 2949
f 2734 2730 2949
f 2951 2738 2737
f 2950 2951 2737
f 2737 2952 2950
f 2739 2952 2737
f 2949 2953 2734
f 2953 2741 2734
f 2952 2739 2744
f 2954 2952 2744
f 2955 2744 2745
f 2955 2956 2744
f 2956 2954 2744
f 2956 2955 2957
f 2746 2959 2958
f 2746 2741 2959
f 2741 2953 2959
f 2746 2958 2748
f 2955 2745 2749
f 2957 2955 2749
f 2957 2749 2960
f 2960 2749 2751
f 2751 2961 2960
f 2752 2961 2751
f 2963 2958 2959
f 2962 2958 2963
f 2958 2962 2754
f 2748 2958 2754
f 2961 2752 2964
f 2964 2752 2755
f 2966 2962 2963
f 2965 2962 2966
f 2962 2965 2757
f 2754 2962 2757
f 2964 2755 2759
f 2967 2964 2759
f 2759 2968 2967
f 2760 2968 2759
f 2970 2965 2966
f 2969 2965 2970
f 2965 2969 2762
f 2757 2965 2762
f 2968 2760 2971
f 2971 2760 2763
f 2973 2969 2970
f 2972 2969 2973
f 2969 2972 2764
f 2762 2969 2764
f 2971 2763 2974
f 2974 2763 2765
f 2976 2972 2973
f 2975 2972 2976
f 2972 2975 2766
f 2764 2972 2766
f 2979 2978 2977
f 2978 2768 2977
f 2978 2974 2768
f 2974 2765 2768
f 2975 2771 2770
f 2975 2976 2771
f 2976 2980 2771
f 2975 2770 2766
f 2977 2772 2773
f 2977 2773 2979
f 2979 2773 2981
f 2977 2768 2772
f 2980 2982 2771
f 2982 2775 2771
f 2981 2773 2983
f 2983 2773 2776
f 2982 2984 2775
f 2984 2777 2775
f 2983 2776 2985
f 2985 2776 2778
f 2984 2986 2777
f 2986 2780 2777
f 2985 2778 2987
f 2987 2778 2782
f 2986 2783 2780
f 2988 2783 2986
f 2783 2988 2989
f 2784 2783 2989
f 2785 2786 2990
f 2990 2782 2785
f 2990 2991 2782
f 2991 2987 2782
f 2989 2992 2784
f 2992 2788 2784
f 2993 2990 2786
f 2993 2786 2994
f 2994 2786 2791
f 2990 2993 2991
f 2992 2792 2788
f 2995 2792 2992
f 2997 2996 2793
f 2997 2793 2995
f 2995 2793 2792
f 2794 2793 2996
f 2998 2794 2996
f 2998 2791 2794
f 2998 2999 2791
f 2999 2994 2791
f 2997 3000 2996
f 2996 3001 2998
f 3000 3001 2996
f 2998 3001 2999
f 2795 3002 2796
f 2797 3002 2795
f 3003 3002 2797
f 2797 2798 3003
f 3006 3004 3005
f 3004 3007 3005
f 3004 2796 3007
f 3004 2799 2796
f 3002 3007 2796
f 3002 3003 3008
f 3007 3002 3008
f 3010 2800 3009
f 3008 2800 3010
f 3008 2798 2800
f 3008 3003 2798
f 2800 2801 3009
f 3004 2803 2802
f 3004 3006 2803
f 3006 3011 2803
f 3004 2802 2799
f 3010 3009 3012
f 3009 3013 3012
f 3009 2801 3013
f 2801 2804 3013
f 3011 3014 2803
f 3014 2805 2803
f 3013 2804 3015
f 3015 2804 2807
f 3014 3016 2805
f 3016 2808 2805
f 3015 2807 3017
f 3017 2807 2810
f 3016 2812 2808
f 3018 2812 3016
f 2812 3018 3019
f 2813 2812 3019
f 3017 2810 3020
f 3020 2810 2814
f 3021 3019 3022
f 3021 2815 3019
f 2815 2813 3019
f 3022 3023 3021
f 3020 2814 3024
f 3024 2814 2816
f 3021 2817 2815
f 2817 3021 3023
f 2817 3023 2819
f 2819 3023 3025
f 2820 2821 3026
f 3026 2816 2820
f 3026 3027 2816
f 3027 3024 2816
f 2822 3029 3028
f 2822 2819 3029
f 2819 3025 3029
f 2821 2822 3028
f 2821 3028 3026
f 3026 3028 3030
f 3027 3031 3032
f 3027 3026 3031
f 3026 3030 3031
f 3032 3031 3033
f 3036 3034 3035
f 3035 3028 3029
f 3035 3034 3028
f 3034 3037 3028
f 3028 3037 3030
f 3030 3037 3038
f 3030 3038 3031
f 3031 3038 3039
f 3033 3039 3040
f 3031 3039 3033
f 3042 3034 3036
f 3041 3034 3042
f 3034 3041 3037
f 3037 3041 3043
f 3037 3043 3038
f 3038 3043 3044
f 3038 3044 3039
f 3039 3044 3045
f 3040 3045 3046
f 3039 3045 3040
f 2824 3047 2825
f 2826 3047 2824
f 3048 3047 2826
f 3048 3049 3050
f 3048 2826 3049
f 2826 2827 3049
f 3041 3042 3049
f 3041 3049 2829
f 2829 3049 2827
f 2829 2830 3051
f 2829 3051 3041
f 3041 3051 3043
f 3043 3051 3044
f 3044 3051 3052
f 3044 3052 3045
f 3045 3052 3053
f 3046 3053 3054
f 3045 3053 3046
f 3055 2825 3047
f 2832 2825 3055
f 3056 3057 3055
f 3056 3055 3048
f 3048 3055 3047
f 3048 3050 3056
f 3058 3051 2830
f 2833 3058 2830
f 3051 3058 3052
f 3052 3058 3059
f 3060 3059 3061
f 3060 3053 3059
f 3053 3052 3059
f 3053 3060 3054
f 3062 2832 3055
f 2835 2832 3062
f 3057 3063 3062
f 3055 3057 3062
f 3064 3058 2833
f 2836 3064 2833
f 3065 3064 3066
f 3065 3059 3064
f 3059 3058 3064
f 3059 3065 3061
f 3067 2835 3062
f 2837 2835 3067
f 3063 3068 3067
f 3062 3063 3067
f 3069 3064 2836
f 2839 3069 2836
f 3066 3069 3070
f 3064 3069 3066
f 3067 2841 2837
f 2841 3067 3068
f 2841 3068 2842
f 2842 3068 3071
f 3072 3069 2839
f 3072 2839 3073
f 3073 2839 2844
f 3069 3072 3070
f 3074 3071 3075
f 3074 2846 3071
f 2846 2842 3071
f 3075 3076 3074
f 2848 3078 3077
f 2847 2848 3077
f 3077 2844 2847
f 3073 2844 3077
f 3074 2851 2846
f 3076 2851 3074
f 3076 3079 2851
f 3079 2852 2851
f 3079 2848 2852
f 3078 2848 3079
f 2857 3080 2858
f 2857 2860 3080
f 2863 3081 3082
f 2862 3081 2863
f 2858 3080 3083
f 2858 3083 2862
f 2862 3083 3081
f 3080 2860 2864
f 3080 2864 3083
f 3083 2864 3084
f 3084 2864 3085
f 2864 2866 3085
f 2866 3086 3085
f 2867 3086 2866
f 3082 3087 2863
f 3087 2868 2863
f 3086 2867 2870
f 3088 3086 2870
f 2870 3089 3088
f 2871 3089 2870
f 3092 3090 3091
f 3091 3090 2872
f 3091 2872 3087
f 3087 2872 2868
f 3093 3094 3089
f 3093 3089 2873
f 2873 3089 2871
f 3094 3093 3095
f 3097 3090 3092
f 3096 3090 3097
f 3090 3096 2875
f 2872 3090 2875
f 3093 2873 2877
f 2877 3095 3093
f 2877 2878 3095
f 2878 3098 3095
f 3097 3099 3096
f 3096 3099 3100
f 3096 3100 2875
f 2875 3100 2880
f 3098 2878 2882
f 3101 3098 2882
f 2882 3102 3101
f 2883 3102 2882
f 3100 3103 2880
f 3103 2885 2880
f 3102 2883 2888
f 3104 3102 2888
f 2888 3105 3104
f 2889 3105 2888
f 2890 3107 3106
f 2890 2885 3107
f 2885 3103 3107
f 2890 3106 2891
f 3105 2889 3108
f 3108 2889 2893
f 3107 3109 3106
f 3106 3109 3110
f 3106 3110 2891
f 2891 3110 2894
f 3111 3112 3108
f 3111 3108 2896
f 2896 3108 2893
f 3112 3111 3113
f 3110 3114 2894
f 3114 2897 2894
f 3115 3111 2896
f 3115 2896 3116
f 3116 2896 2899
f 3111 3115 3113
f 3114 2900 2897
f 3117 2900 3114
f 2900 3117 3118
f 2901 2900 3118
f 3116 2899 3119
f 3119 2899 2903
f 3118 3120 2901
f 3120 2904 2901
f 2906 3122 3121
f 2905 2906 3121
f 3121 2903 2905
f 3119 2903 3121
f 3120 3123 2904
f 3123 2907 2904
f 3126 3125 3124
f 2909 3124 3125
f 2909 3125 2908
f 2908 3125 3127
f 3127 2906 2908
f 3122 2906 3127
f 3123 3128 2907
f 3128 2911 2907
f 3131 3130 3129
f 2913 3129 3130
f 2913 3130 2912
f 2912 3130 3132
f 3124 3132 3126
f 3124 2914 3132
f 2914 2912 3132
f 3124 2909 2914
f 3133 3128 3134
f 3133 2916 3128
f 2916 2911 3128
f 3129 2917 2918
f 3131 3129 2918
f 3131 2918 3133
f 3131 3133 3134
f 3129 2913 2917
f 3137 3135 3136
f 3136 3135 3138
f 2916 3133 2919
f 3133 2918 2919
f 3141 3139 3140
f 3135 2922 2921
f 3137 2922 3135
f 3137 3139 2922
f 3137 3140 3139
f 2921 3138 3135
f 2921 2923 3138
f 2923 3142 3138
f 3145 3143 3144
f 3139 2926 2925
f 3141 2926 3139
f 3141 3143 2926
f 3141 3144 3143
f 3139 2925 2922
f 3142 2923 3146
f 3146 2923 2928
f 3148 3143 3145
f 3147 3143 3148
f 3143 3147 2930
f 2926 3143 2930
f 3146 2928 2933
f 3149 3146 2933
f 2933 3150 3149
f 2934 3150 2933
f 3152 3147 3148
f 3151 3147 3152
f 3147 3151 2936
f 2930 3147 2936
f 3150 2934 3153
f 3153 2934 2938
f 3152 3154 3151
f 3151 3154 3155
f 3151 3155 2936
f 2936 3155 2940
f 3153 2938 3156
f 3156 2938 2942
f 3155 2943 2940
f 3157 2943 3155
f 3159 3158 2944
f 3159 2944 3157
f 3157 2944 2943
f 3158 3161 3160
f 3158 3160 2944
f 2944 3160 2946
f 3160 2942 2946
f 3156 2942 3160
f 3159 3162 3158
f 3158 3162 3161
f 3163 2947 2948
f 3164 3163 3166
f 3164 2949 3163
f 3164 3165 2949
f 2949 2947 3163
f 3166 2951 2950
f 3166 2950 3164
f 3164 2950 3167
f 2950 3168 3167
f 2952 3168 2950
f 3165 3169 2949
f 3169 2953 2949
f 3168 2952 2954
f 3170 3168 2954
f 3170 2954 3171
f 2954 2956 3171
f 2956 3172 3171
f 2957 3172 2956
f 3169 3173 2953
f 3173 2959 2953
f 3172 2957 2960
f 3174 3172 2960
f 2960 3175 3174
f 2961 3175 2960
f 3173 3176 2959
f 3176 2963 2959
f 3175 2961 3177
f 3177 2961 2964
f 3176 3178 2963
f 3178 2966 2963
f 2967 3179 3180
f 2967 3180 2964
f 2964 3180 3177
f 2967 2968 3179
f 3178 3181 2966
f 3181 2970 2966
f 3183 3180 3179
f 3182 3183 3179
f 3179 2971 3182
f 2968 2971 3179
f 3181 3184 2970
f 3184 2973 2970
f 3186 3183 3182
f 3185 3186 3182
f 3182 2974 3185
f 2971 2974 3182
f 3184 3187 2973
f 3187 2976 2973
f 3185 2978 2979
f 3185 2979 3186
f 3186 2979 3188
f 3185 2974 2978
f 3189 3187 3190
f 3189 2980 3187
f 2980 2976 3187
f 3190 3191 3189
f 3188 2979 3192
f 3192 2979 2981
f 3193 2980 3189
f 2982 2980 3193
f 3191 3194 3193
f 3189 3191 3193
f 3192 2981 3195
f 3195 2981 2983
f 3196 2982 3193
f 2984 2982 3196
f 3194 3197 3196
f 3193 3194 3196
f 3195 2983 3198
f 3198 2983 2985
f 3199 2984 3196
f 2986 2984 3199
f 3197 3200 3199
f 3196 3197 3199
f 3198 2985 3201
f 3201 2985 2987
f 3199 2988 2986
f 2988 3199 3200
f 2988 3200 2989
f 2989 3200 3202
f 3201 2987 3203
f 3203 2987 2991
f 3202 3204 2989
f 3204 2992 2989
f 2993 2994 3205
f 3205 2991 2993
f 3205 3206 2991
f 3206 3203 2991
f 2995 3208 3207
f 2995 2992 3208
f 2992 3204 3208
f 2995 3207 2997
f 3209 3205 2994
f 3209 2994 3210
f 3210 2994 2999
f 3205 3209 3206
f 3212 3207 3208
f 3211 3207 3212
f 3000 2997 3207
f 3000 3207 3213
f 3213 3207 3211
f 3213 3215 3214
f 3213 3214 3000
f 3000 3214 3001
f 3214 2999 3001
f 3210 2999 3214
f 3212 3216 3211
f 3211 3217 3213
f 3216 3217 3211
f 3213 3217 3215
f 3006 3218 3219
f 3005 3218 3006
f 3218 3005 3220
f 3005 3007 3220
f 3220 3007 3221
f 3007 3008 3221
f 3008 3222 3221
f 3010 3222 3008
f 3225 3223 3224
f 3224 3223 3011
f 3224 3011 3219
f 3219 3011 3006
f 3222 3010 3012
f 3226 3222 3012
f 3012 3227 3226
f 3013 3227 3012
f 3225 3228 3223
f 3223 3228 3229
f 3223 3229 3011
f 3011 3229 3014
f 3227 3013 3230
f 3230 3013 3015
f 3229 3231 3014
f 3231 3016 3014
f 3230 3015 3232
f 3232 3015 3017
f 3231 3018 3016
f 3233 3018 3231
f 3018 3233 3234
f 3019 3018 3234
f 3232 3017 3235
f 3235 3017 3020
f 3022 3237 3236
f 3022 3019 3237
f 3019 3234 3237
f 3022 3236 3023
f 3238 3239 3235
f 3238 3235 3024
f 3024 3235 3020
f 3239 3238 3240
f 3242 3236 3237
f 3241 3236 3242
f 3236 3241 3025
f 3023 3236 3025
f 3243 3238 3024
f 3027 3243 3024
f 3240 3244 3245
f 3240 3238 3244
f 3238 3243 3244
f 3245 3244 3246
f 3248 3241 3242
f 3247 3241 3248
f 3241 3247 3029
f 3025 3241 3029
f 3243 3027 3032
f 3032 3033 3249
f 3032 3249 3243
f 3243 3249 3244
f 3246 3249 3250
f 3244 3249 3246
f 3247 3036 3035
f 3247 3248 3036
f 3248 3251 3036
f 3247 3035 3029
f 3252 3249 3033
f 3040 3252 3033
f 3250 3253 3254
f 3250 3249 3253
f 3249 3252 3253
f 3254 3253 3255
f 3258 3256 3257
f 3257 3256 3042
f 3257 3042 3251
f 3251 3042 3036
f 3259 3252 3040
f 3046 3259 3040
f 3260 3259 3261
f 3260 3253 3259
f 3253 3252 3259
f 3253 3260 3255
f 3256 3050 3049
f 3256 3258 3050
f 3258 3262 3050
f 3256 3049 3042
f 3263 3259 3046
f 3054 3263 3046
f 3261 3263 3264
f 3259 3263 3261
f 3056 3265 3057
f 3265 3056 3050
f 3265 3050 3266
f 3266 3050 3262
f 3060 3061 3267
f 3267 3269 3268
f 3060 3267 3268
f 3060 3268 3263
f 3060 3263 3054
f 3263 3268 3264
f 3270 3057 3265
f 3063 3057 3270
f 3266 3271 3270
f 3265 3266 3270
f 3065 3066 3272
f 3061 3065 3272
f 3061 3272 3267
f 3267 3272 3273
f 3269 3273 3274
f 3267 3273 3269
f 3275 3063 3270
f 3068 3063 3275
f 3271 3276 3275
f 3270 3271 3275
f 3277 3272 3066
f 3277 3066 3278
f 3278 3066 3070
f 3272 3279 3273
f 3277 3279 3272
f 3273 3279 3274
f 3280 3068 3275
f 3071 3068 3280
f 3276 3281 3280
f 3275 3276 3280
f 3072 3073 3282
f 3282 3070 3072
f 3282 3283 3070
f 3283 3278 3070
f 3280 3075 3071
f 3075 3284 3076
f 3280 3284 3075
f 3280 3285 3284
f 3280 3281 3285
f 3078 3284 3285
f 3078 3285 3077
f 3077 3285 3286
f 3073 3287 3282
f 3073 3077 3287
f 3077 3286 3287
f 3282 3287 3283
f 3284 3079 3076
f 3284 3078 3079
f 3081 3288 3082
f 3288 3289 3290
f 3288 3081 3289
f 3081 3083 3289
f 3289 3083 3291
f 3083 3084 3291
f 3291 3084 3292
f 3084 3085 3292
f 3085 3293 3292
f 3086 3293 3085
f 3294 3082 3288
f 3294 3295 3082
f 3295 3087 3082
f 3288 3290 3294
f 3293 3086 3088
f 3296 3293 3088
f 3088 3297 3296
f 3089 3297 3088
f 3092 3298 3299
f 3091 3298 3092
f 3298 3091 3087
f 3295 3298 3087
f 3094 3300 3301
f 3094 3301 3089
f 3089 3301 3297
f 3094 3095 3300
f 3299 3302 3092
f 3302 3097 3092
f 3301 3300 3303
f 3300 3304 3303
f 3300 3095 3304
f 3095 3098 3304
f 3302 3099 3097
f 3305 3099 3302
f 3099 3305 3306
f 3100 3099 3306
f 3304 3098 3101
f 3307 3304 3101
f 3101 3308 3307
f 3102 3308 3101
f 3306 3309 3100
f 3309 3103 3100
f 3308 3102 3104
f 3310 3308 3104
f 3104 3311 3310
f 3105 3311 3104
f 3309 3312 3103
f 3312 3107 3103
f 3311 3105 3313
f 3313 3105 3108
f 3312 3109 3107
f 3314 3109 3312
f 3109 3314 3315
f 3110 3109 3315
f 3313 3108 3112
f 3316 3313 3112
f 3112 3317 3316
f 3113 3317 3112
f 3315 3318 3110
f 3318 3114 3110
f 3116 3320 3319
f 3115 3116 3319
f 3319 3113 3115
f 3317 3113 3319
f 3318 3117 3114
f 3321 3117 3318
f 3117 3321 3322
f 3118 3117 3322
f 3320 3116 3323
f 3323 3116 3119
f 3322 3324 3118
f 3324 3120 3118
f 3327 3326 3325
f 3122 3325 3326
f 3122 3326 3121
f 3121 3326 3328
f 3328 3119 3121
f 3323 3119 3328
f 3329 3324 3330
f 3329 3123 3324
f 3123 3120 3324
f 3330 3332 3331
f 3329 3330 3331
f 3332 3334 3333
f 3331 3332 3333
f 3126 3333 3334
f 3126 3334 3125
f 3125 3334 3335
f 3325 3335 3327
f 3325 3127 3335
f 3127 3125 3335
f 3325 3122 3127
f 3336 3123 3329
f 3128 3123 3336
f 3131 3331 3130
f 3131 3336 3331
f 3336 3329 3331
f 3333 3130 3331
f 3132 3130 3333
f 3333 3126 3132
f 3336 3134 3128
f 3336 3131 3134
f 3136 3337 3137
f 3136 3138 3337
f 3141 3338 3339
f 3140 3338 3141
f 3137 3338 3140
f 3137 3340 3338
f 3137 3337 3340
f 3340 3341 3338
f 3337 3142 3340
f 3138 3142 3337
f 3145 3342 3343
f 3144 3342 3145
f 3342 3144 3141
f 3339 3342 3141
f 3341 3340 3344
f 3340 3345 3344
f 3340 3142 3345
f 3142 3146 3345
f 3343 3346 3145
f 3346 3148 3145
f 3149 3347 3348
f 3149 3348 3146
f 3146 3348 3345
f 3149 3150 3347
f 3346 3349 3148
f 3349 3152 3148
f 3348 3347 3350
f 3347 3351 3350
f 3347 3150 3351
f 3150 3153 3351
f 3154 3353 3352
f 3154 3152 3353
f 3152 3349 3353
f 3154 3352 3155
f 3351 3153 3354
f 3354 3153 3156
f 3353 3355 3352
f 3357 3356 3157
f 3355 3357 3157
f 3355 3157 3155
f 3355 3155 3352
f 3157 3356 3159
f 3161 3359 3358
f 3160 3161 3358
f 3358 3156 3160
f 3354 3156 3358
f 3361 3356 3357
f 3360 3356 3361
f 3162 3159 3356
f 3162 3356 3362
f 3362 3356 3360
f 3362 3161 3162
f 3362 3363 3161
f 3363 3359 3161
f 3361 3364 3360
f 3360 3365 3362
f 3364 3365 3360
f 3362 3365 3363
f 3164 3366 3165
f 3167 3366 3164
f 3367 3366 3167
f 3167 3168 3367
f 3368 3165 3366
f 3368 3369 3165
f 3369 3169 3165
f 3366 3367 3370
f 3368 3366 3370
f 3367 3168 3170
f 3367 3170 3370
f 3370 3170 3371
f 3373 3171 3372
f 3373 3371 3171
f 3371 3170 3171
f 3171 3172 3372
f 3369 3374 3169
f 3374 3173 3169
f 3373 3372 3375
f 3377 3174 3376
f 3375 3174 3377
f 3375 3172 3174
f 3375 3372 3172
f 3174 3175 3376
f 3374 3378 3173
f 3378 3176 3173
f 3377 3376 3379
f 3376 3380 3379
f 3376 3175 3380
f 3175 3177 3380
f 3378 3381 3176
f 3381 3178 3176
f 3380 3177 3382
f 3382 3177 3180
f 3381 3383 3178
f 3383 3181 3178
f 3382 3180 3384
f 3384 3180 3183
f 3383 3385 3181
f 3385 3184 3181
f 3384 3183 3386
f 3386 3183 3186
f 3387 3385 3388
f 3387 3187 3385
f 3187 3184 3385
f 3388 3389 3387
f 3386 3186 3390
f 3390 3186 3188
f 3387 3190 3187
f 3190 3391 3191
f 3387 3391 3190
f 3387 3392 3391
f 3387 3389 3392
f 3392 3393 3391
f 3396 3395 3394
f 3395 3192 3394
f 3395 3390 3192
f 3390 3188 3192
f 3397 3191 3391
f 3194 3191 3397
f 3393 3398 3397
f 3391 3393 3397
f 3400 3396 3394
f 3399 3400 3394
f 3394 3195 3399
f 3192 3195 3394
f 3401 3194 3397
f 3197 3194 3401
f 3398 3402 3401
f 3397 3398 3401
f 3400 3399 3403
f 3399 3404 3403
f 3399 3195 3404
f 3195 3198 3404
f 3405 3197 3401
f 3405 3406 3197
f 3406 3200 3197
f 3401 3402 3405
f 3407 3408 3404
f 3407 3404 3201
f 3201 3404 3198
f 3408 3407 3409
f 3406 3410 3200
f 3410 3202 3200
f 3411 3407 3201
f 3203 3411 3201
f 3409 3411 3412
f 3407 3411 3409
f 3415 3413 3414
f 3414 3413 3204
f 3414 3204 3410
f 3410 3204 3202
f 3416 3411 3203
f 3206 3416 3203
f 3412 3416 3417
f 3411 3416 3412
f 3419 3413 3415
f 3418 3413 3419
f 3413 3418 3208
f 3204 3413 3208
f 3209 3210 3420
f 3206 3209 3420
f 3206 3420 3416
f 3416 3420 3421
f 3417 3421 3422
f 3416 3421 3417
f 3424 3418 3419
f 3423 3418 3424
f 3418 3423 3212
f 3208 3418 3212
f 3214 3215 3425
f 3425 3427 3426
f 3214 3425 3426
f 3214 3426 3420
f 3214 3420 3210
f 3420 3428 3421
f 3426 3428 3420
f 3421 3428 3422
f 3424 3429 3423
f 3431 3430 3216
f 3429 3431 3216
f 3429 3216 3212
f 3429 3212 3423
f 3430 3433 3432
f 3430 3432 3216
f 3216 3432 3217
f 3215 3434 3425
f 3215 3217 3434
f 3217 3432 3434
f 3425 3434 3427
f 3431 3435 3430
f 3430 3435 3433
f 3438 3436 3437
f 3219 3437 3436
f 3219 3218 3437
f 3218 3439 3437
f 3439 3218 3440
f 3218 3220 3440
f 3440 3220 3441
f 3220 3221 3441
f 3221 3442 3441
f 3222 3442 3221
f 3436 3225 3224
f 3436 3438 3225
f 3438 3443 3225
f 3436 3224 3219
f 3226 3444 3445
f 3226 3445 3222
f 3222 3445 3442
f 3226 3227 3444
f 3228 3447 3446
f 3228 3225 3447
f 3225 3443 3447
f 3228 3446 3229
f 3449 3445 3444
f 3448 3449 3444
f 3444 3230 3448
f 3227 3230 3444
f 3447 3450 3446
f 3446 3450 3451
f 3446 3451 3229
f 3229 3451 3231
f 3453 3449 3448
f 3452 3453 3448
f 3448 3232 3452
f 3230 3232 3448
f 3451 3233 3231
f 3454 3233 3451
f 3233 3454 3455
f 3234 3233 3455
f 3453 3452 3456
f 3452 3457 3456
f 3452 3232 3457
f 3232 3235 3457
f 3455 3458 3234
f 3458 3237 3234
f 3457 3235 3239
f 3459 3457 3239
f 3460 3239 3240
f 3460 3461 3239
f 3461 3459 3239
f 3461 3460 3462
f 3458 3463 3237
f 3463 3242 3237
f 3460 3240 3245
f 3245 3246 3464
f 3460 3245 3464
f 3460 3464 3465
f 3460 3465 3462
f 3465 3464 3466
f 3469 3467 3468
f 3468 3467 3248
f 3468 3248 3463
f 3463 3248 3242
f 3470 3464 3246
f 3250 3470 3246
f 3466 3470 3471
f 3464 3470 3466
f 3473 3467 3469
f 3472 3467 3473
f 3467 3472 3251
f 3248 3467 3251
f 3470 3250 3254
f 3254 3471 3470
f 3254 3255 3471
f 3255 3474 3471
f 3472 3258 3257
f 3472 3473 3258
f 3473 3475 3258
f 3472 3257 3251
f 3260 3261 3476
f 3476 3255 3260
f 3476 3477 3255
f 3477 3474 3255
f 3475 3478 3258
f 3478 3262 3258
f 3479 3476 3261
f 3479 3261 3480
f 3480 3261 3264
f 3476 3479 3477
f 3478 3481 3262
f 3481 3266 3262
f 3268 3269 3482
f 3482 3264 3268
f 3482 3483 3264
f 3483 3480 3264
f 3481 3484 3266
f 3484 3271 3266
f 3485 3482 3269
f 3485 3269 3486
f 3486 3269 3274
f 3482 3485 3483
f 3487 3484 3488
f 3487 3276 3484
f 3276 3271 3484
f 3488 3489 3487
f 3278 3491 3490
f 3277 3278 3490
f 3490 3492 3277
f 3277 3492 3279
f 3492 3274 3279
f 3486 3274 3492
f 3493 3276 3487
f 3281 3276 3493
f 3489 3495 3494
f 3489 3494 3487
f 3487 3494 3493
f 3495 3497 3496
f 3494 3495 3496
f 3497 3283 3496
f 3497 3491 3283
f 3491 3278 3283
f 3493 3285 3281
f 3494 3285 3493
f 3286 3285 3494
f 3496 3286 3494
f 3287 3286 3496
f 3496 3283 3287
f 3289 3498 3290
f 3498 3499 3500
f 3498 3289 3499
f 3289 3291 3499
f 3502 3292 3501
f 3502 3499 3292
f 3499 3291 3292
f 3292 3293 3501
f 3295 3503 3504
f 3294 3503 3295
f 3290 3498 3505
f 3290 3505 3294
f 3294 3505 3503
f 3498 3500 3505
f 3502 3501 3506
f 3508 3296 3507
f 3506 3296 3508
f 3506 3293 3296
f 3506 3501 3293
f 3296 3297 3507
f 3298 3509 3299
f 3509 3298 3295
f 3509 3295 3510
f 3510 3295 3504
f 3512 3508 3507
f 3511 3512 3507
f 3507 3301 3511
f 3297 3301 3507
f 3513 3299 3509
f 3302 3299 3513
f 3510 3514 3513
f 3509 3510 3513
f 3512 3511 3515
f 3517 3303 3516
f 3515 3303 3517
f 3515 3301 3303
f 3515 3511 3301
f 3303 3304 3516
f 3513 3305 3302
f 3305 3513 3514
f 3305 3514 3306
f 3306 3514 3518
f 3517 3516 3519
f 3521 3307 3520
f 3519 3307 3521
f 3519 3304 3307
f 3519 3516 3304
f 3307 3308 3520
f 3518 3522 3306
f 3522 3309 3306
f 3521 3520 3523
f 3525 3310 3524
f 3523 3310 3525
f 3523 3308 3310
f 3523 3520 3308
f 3310 3311 3524
f 3526 3522 3527
f 3526 3312 3522
f 3312 3309 3522
f 3527 3528 3526
f 3525 3524 3529
f 3524 3530 3529
f 3524 3311 3530
f 3311 3313 3530
f 3526 3314 3312
f 3314 3526 3528
f 3314 3528 3315
f 3315 3528 3531
f 3316 3532 3533
f 3316 3533 3313
f 3313 3533 3530
f 3316 3317 3532
f 3534 3531 3535
f 3534 3318 3531
f 3318 3315 3531
f 3535 3536 3534
f 3532 3319 3320
f 3532 3320 3533
f 3533 3320 3537
f 3532 3317 3319
f 3534 3321 3318
f 3321 3534 3536
f 3321 3536 3322
f 3322 3536 3538
f 3537 3320 3539
f 3539 3320 3323
f 3540 3538 3541
f 3540 3324 3538
f 3324 3322 3538
f 3541 3543 3542
f 3540 3541 3542
f 3543 3544 3542
f 3327 3546 3545
f 3326 3327 3545
f 3545 3547 3326
f 3326 3547 3328
f 3547 3323 3328
f 3539 3323 3547
f 3540 3330 3324
f 3542 3330 3540
f 3332 3330 3542
f 3544 3332 3542
f 3544 3548 3332
f 3548 3334 3332
f 3548 3549 3334
f 3334 3549 3335
f 3549 3327 3335
f 3546 3327 3549
f 3338 3550 3339
f 3338 3341 3550
f 3342 3551 3343
f 3339 3551 3342
f 3339 3550 3551
f 3550 3552 3551
f 3344 3550 3341
f 3344 3553 3550
f 3553 3552 3550
f 3344 3345 3553
f 3554 3343 3551
f 3346 3343 3554
f 3555 3556 3554
f 3555 3554 3552
f 3552 3554 3551
f 3552 3553 3557
f 3555 3552 3557
f 3553 3558 3557
f 3553 3345 3558
f 3345 3348 3558
f 3559 3346 3554
f 3559 3560 3346
f 3560 3349 3346
f 3554 3556 3559
f 3350 3561 3562
f 3350 3562 3348
f 3348 3562 3558
f 3350 3351 3561
f 3560 3563 3349
f 3563 3353 3349
f 3562 3561 3564
f 3561 3565 3564
f 3561 3351 3565
f 3351 3354 3565
f 3355 3567 3566
f 3355 3353 3567
f 3353 3563 3567
f 3355 3566 3357
f 3358 3359 3568
f 3568 3354 3358
f 3568 3569 3354
f 3569 3565 3354
f 3571 3566 3567
f 3570 3566 3571
f 3566 3570 3361
f 3357 3566 3361
f 3572 3568 3359
f 3363 3572 3359
f 3569 3572 3573
f 3568 3572 3569
f 3571 3574 3570
f 3576 3575 3364
f 3574 3576 3364
f 3574 3364 3361
f 3574 3361 3570
f 3365 3364 3575
f 3577 3365 3575
f 3363 3365 3577
f 3363 3577 3572
f 3572 3577 3578
f 3573 3578 3579
f 3572 3578 3573
f 3368 3580 3369
f 3370 3580 3368
f 3581 3580 3370
f 3371 3581 3370
f 3582 3581 3371
f 3371 3373 3582
f 3583 3369 3580
f 3583 3584 3369
f 3584 3374 3369
f 3580 3581 3585
f 3583 3580 3585
f 3581 3582 3586
f 3585 3581 3586
f 3588 3375 3587
f 3586 3375 3588
f 3586 3373 3375
f 3586 3582 3373
f 3375 3377 3587
f 3584 3589 3374
f 3589 3378 3374
f 3588 3587 3590
f 3592 3379 3591
f 3590 3379 3592
f 3590 3377 3379
f 3590 3587 3377
f 3379 3380 3591
f 3589 3593 3378
f 3593 3381 3378
f 3595 3592 3591
f 3594 3595 3591
f 3591 3382 3594
f 3380 3382 3591
f 3593 3596 3381
f 3596 3383 3381
f 3595 3594 3597
f 3594 3598 3597
f 3594 3382 3598
f 3382 3384 3598
f 3599 3596 3600
f 3599 3385 3596
f 3385 3383 3596
f 3600 3601 3599
f 3598 3384 3602
f 3602 3384 3386
f 3599 3388 3385
f 3388 3603 3389
f 3599 3603 3388
f 3599 3604 3603
f 3599 3601 3604
f 3604 3605 3603
f 3608 3607 3606
f 3607 3390 3606
f 3607 3602 3390
f 3602 3386 3390
f 3603 3392 3389
f 3392 3609 3393
f 3603 3609 3392
f 3603 3610 3609
f 3603 3605 3610
f 3610 3612 3611
f 3609 3610 3611
f 3606 3395 3396
f 3608 3606 3396
f 3608 3396 3611
f 3608 3611 3612
f 3606 3390 3395
f 3613 3393 3609
f 3398 3393 3613
f 3609 3611 3613
f 3611 3614 3613
f 3611 3400 3614
f 3396 3400 3611
f 3615 3398 3613
f 3402 3398 3615
f 3616 3617 3615
f 3616 3615 3614
f 3614 3615 3613
f 3619 3403 3618
f 3616 3403 3619
f 3616 3400 3403
f 3616 3614 3400
f 3403 3404 3618
f 3405 3620 3406
f 3620 3621 3622
f 3405 3621 3620
f 3405 3615 3621
f 3405 3402 3615
f 3615 3617 3621
f 3619 3618 3623
f 3625 3408 3624
f 3623 3408 3625
f 3623 3404 3408
f 3623 3618 3404
f 3408 3409 3624
f 3626 3406 3620
f 3626 3627 3406
f 3627 3410 3406
f 3620 3622 3626
f 3625 3624 3628
f 3624 3629 3628
f 3624 3409 3629
f 3409 3412 3629
f 3415 3630 3631
f 3414 3630 3415
f 3630 3414 3410
f 3627 3630 3410
f 3629 3412 3632
f 3632 3412 3417
f 3635 3633 3634
f 3634 3633 3419
f 3634 3419 3631
f 3631 3419 3415
f 3632 3417 3636
f 3636 3417 3422
f 3635 3637 3633
f 3633 3637 3638
f 3633 3638 3419
f 3419 3638 3424
f 3426 3427 3639
f 3428 3426 3639
f 3640 3428 3639
f 3640 3422 3428
f 3640 3641 3422
f 3641 3636 3422
f 3429 3643 3642
f 3429 3424 3643
f 3424 3638 3643
f 3429 3642 3431
f 3432 3433 3644
f 3434 3432 3644
f 3645 3434 3644
f 3645 3647 3646
f 3434 3645 3646
f 3434 3646 3639
f 3434 3639 3427
f 3639 3648 3640
f 3646 3648 3639
f 3640 3648 3641
f 3650 3642 3643
f 3649 3642 3650
f 3435 3431 3642
f 3435 3642 3651
f 3651 3642 3649
f 3651 3653 3652
f 3435 3651 3652
f 3435 3652 3644
f 3435 3644 3433
f 3644 3654 3645
f 3652 3654 3644
f 3645 3654 3647
f 3650 3655 3649
f 3657 3649 3655
f 3657 3656 3649
f 3656 3651 3649
f 3653 3656 3658
f 3651 3656 3653
f 3660 3656 3657
f 3659 3656 3660
f 3658 3661 3662
f 3658 3656 3661
f 3656 3659 3661
f 3662 3663 3664
f 3661 3663 3662
f 3664 3663 3665
f 3438 3666 3667
f 3437 3666 3438
f 3659 3660 3666
f 3659 3666 3439
f 3439 3666 3437
f 3661 3659 3439
f 3440 3661 3439
f 3663 3661 3440
f 3441 3663 3440
f 3441 3665 3663
f 3441 3442 3665
f 3442 3668 3665
f 3667 3669 3438
f 3669 3443 3438
f 3668 3442 3670
f 3670 3442 3445
f 3669 3671 3443
f 3671 3447 3443
f 3670 3445 3672
f 3672 3445 3449
f 3671 3450 3447
f 3673 3450 3671
f 3450 3673 3674
f 3451 3450 3674
f 3672 3449 3675
f 3675 3449 3453
f 3454 3677 3676
f 3454 3451 3677
f 3451 3674 3677
f 3454 3676 3455
f 3675 3453 3456
f 3678 3675 3456
f 3456 3679 3678
f 3457 3679 3456
f 3681 3676 3677
f 3680 3676 3681
f 3676 3680 3458
f 3455 3676 3458
f 3679 3457 3459
f 3682 3679 3459
f 3682 3459 3683
f 3459 3461 3683
f 3461 3684 3683
f 3462 3684 3461
f 3686 3680 3681
f 3685 3680 3686
f 3680 3685 3463
f 3458 3680 3463
f 3684 3462 3465
f 3687 3684 3465
f 3465 3688 3687
f 3466 3688 3465
f 3685 3469 3468
f 3685 3686 3469
f 3686 3689 3469
f 3685 3468 3463
f 3688 3466 3690
f 3690 3466 3471
f 3689 3691 3469
f 3691 3473 3469
f 3690 3471 3692
f 3692 3471 3474
f 3691 3693 3473
f 3693 3475 3473
f 3696 3695 3694
f 3695 3477 3694
f 3695 3692 3477
f 3692 3474 3477
f 3693 3697 3475
f 3697 3478 3475
f 3694 3479 3480
f 3694 3480 3696
f 3696 3480 3698
f 3694 3477 3479
f 3699 3697 3700
f 3699 3481 3697
f 3481 3478 3697
f 3700 3701 3699
f 3698 3480 3702
f 3702 3480 3483
f 3703 3481 3699
f 3484 3481 3703
f 3701 3704 3703
f 3699 3701 3703
f 3707 3706 3705
f 3486 3705 3706
f 3486 3706 3485
f 3485 3706 3708
f 3708 3483 3485
f 3702 3483 3708
f 3703 3488 3484
f 3488 3709 3489
f 3703 3709 3488
f 3703 3710 3709
f 3703 3704 3710
f 3710 3712 3711
f 3709 3710 3711
f 3491 3711 3712
f 3491 3712 3490
f 3490 3712 3713
f 3705 3713 3707
f 3705 3492 3713
f 3492 3490 3713
f 3705 3486 3492
f 3709 3495 3489
f 3711 3495 3709
f 3497 3495 3711
f 3711 3491 3497
f 3499 3714 3500
f 3499 3502 3714
f 3503 3715 3504
f 3505 3715 3503
f 3716 3715 3505
f 3716 3717 3718
f 3505 3717 3716
f 3505 3714 3717
f 3505 3500 3714
f 3720 3506 3719
f 3717 3506 3720
f 3717 3502 3506
f 3717 3714 3502
f 3506 3508 3719
f 3721 3504 3715
f 3510 3504 3721
f 3722 3723 3721
f 3722 3721 3716
f 3716 3721 3715
f 3716 3718 3722
f 3725 3720 3719
f 3724 3725 3719
f 3719 3512 3724
f 3508 3512 3719
f 3726 3510 3721
f 3514 3510 3726
f 3723 3727 3726
f 3721 3723 3726
f 3725 3724 3728
f 3730 3515 3729
f 3728 3515 3730
f 3728 3512 3515
f 3728 3724 3512
f 3515 3517 3729
f 3731 3514 3726
f 3518 3514 3731
f 3727 3732 3731
f 3726 3727 3731
f 3734 3730 3729
f 3733 3734 3729
f 3519 3729 3517
f 3519 3735 3729
f 3735 3733 3729
f 3519 3521 3735
f 3736 3518 3731
f 3522 3518 3736
f 3732 3737 3736
f 3731 3732 3736
f 3734 3733 3738
f 3733 3735 3739
f 3738 3733 3739
f 3741 3523 3740
f 3739 3523 3741
f 3739 3521 3523
f 3739 3735 3521
f 3523 3525 3740
f 3736 3527 3522
f 3527 3736 3737
f 3527 3737 3528
f 3528 3737 3742
f 3741 3740 3743
f 3740 3525 3529
f 3740 3529 3743
f 3743 3529 3744
f 3529 3745 3744
f 3530 3745 3529
f 3746 3742 3747
f 3746 3531 3742
f 3531 3528 3742
f 3747 3748 3746
f 3745 3530 3749
f 3749 3530 3533
f 3746 3535 3531
f 3535 3746 3748
f 3535 3748 3536
f 3536 3748 3750
f 3749 3533 3751
f 3751 3533 3537
f 3752 3750 3753
f 3752 3538 3750
f 3538 3536 3750
f 3753 3755 3754
f 3752 3753 3754
f 3755 3756 3754
f 3759 3758 3757
f 3758 3539 3757
f 3758 3751 3539
f 3751 3537 3539
f 3752 3541 3538
f 3754 3541 3752
f 3543 3541 3754
f 3543 3760 3544
f 3754 3760 3543
f 3754 3761 3760
f 3754 3756 3761
f 3761 3763 3762
f 3760 3761 3762
f 3546 3762 3763
f 3546 3763 3545
f 3545 3763 3764
f 3757 3764 3759
f 3757 3547 3764
f 3547 3545 3764
f 3757 3539 3547
f 3760 3548 3544
f 3762 3548 3760
f 3549 3548 3762
f 3762 3546 3549
f 3555 3765 3556
f 3557 3765 3555
f 3766 3765 3557
f 3557 3558 3766
f 3559 3767 3560
f 3767 3768 3769
f 3559 3768 3767
f 3559 3765 3768
f 3559 3556 3765
f 3765 3766 3770
f 3768 3765 3770
f 3766 3771 3770
f 3766 3558 3771
f 3558 3562 3771
f 3772 3560 3767
f 3772 3773 3560
f 3773 3563 3560
f 3767 3769 3772
f 3771 3562 3564
f 3774 3771 3564
f 3564 3775 3774
f 3565 3775 3564
f 3773 3776 3563
f 3776 3567 3563
f 3775 3565 3777
f 3777 3565 3569
f 3776 3778 3567
f 3778 3571 3567
f 3779 3780 3777
f 3779 3777 3573
f 3573 3777 3569
f 3780 3779 3781
f 3574 3783 3782
f 3574 3571 3783
f 3571 3778 3783
f 3574 3782 3576
f 3784 3779 3573
f 3579 3784 3573
f 3781 3784 3785
f 3779 3784 3781
f 3583 3786 3584
f 3585 3786 3583
f 3787 3786 3585
f 3586 3787 3585
f 3788 3787 3586
f 3586 3588 3788
f 3789 3584 3786
f 3589 3584 3789
f 3786 3787 3789
f 3787 3790 3789
f 3791 3792 3790
f 3791 3790 3788
f 3788 3790 3787
f 3794 3590 3793
f 3791 3590 3794
f 3791 3588 3590
f 3791 3788 3588
f 3590 3592 3793
f 3795 3589 3789
f 3593 3589 3795
f 3789 3790 3795
f 3790 3796 3795
f 3792 3797 3796
f 3790 3792 3796
f 3794 3793 3798
f 3793 3799 3798
f 3793 3592 3799
f 3592 3595 3799
f 3800 3593 3795
f 3596 3593 3800
f 3795 3796 3800
f 3796 3801 3800
f 3797 3802 3801
f 3796 3797 3801
f 3597 3803 3804
f 3597 3804 3595
f 3595 3804 3799
f 3597 3598 3803
f 3800 3600 3596
f 3600 3805 3601
f 3600 3800 3805
f 3800 3801 3805
f 3802 3807 3806
f 3802 3806 3801
f 3801 3806 3805
f 3807 3808 3806
f 3810 3804 3803
f 3809 3810 3803
f 3803 3602 3809
f 3598 3602 3803
f 3805 3604 3601
f 3604 3811 3605
f 3604 3805 3811
f 3805 3806 3811
f 3808 3813 3812
f 3808 3812 3806
f 3806 3812 3811
f 3809 3607 3608
f 3810 3809 3608
f 3810 3608 3812
f 3810 3812 3813
f 3809 3602 3607
f 3811 3610 3605
f 3812 3610 3811
f 3612 3610 3812
f 3812 3608 3612
f 3616 3814 3617
f 3616 3619 3814
f 3622 3815 3816
f 3621 3815 3622
f 3617 3814 3817
f 3617 3817 3621
f 3621 3817 3815
f 3814 3619 3623
f 3814 3623 3817
f 3817 3623 3818
f 3623 3819 3818
f 3625 3819 3623
f 3822 3820 3821
f 3627 3821 3820
f 3627 3626 3821
f 3626 3823 3821
f 3823 3626 3622
f 3816 3823 3622
f 3819 3625 3628
f 3824 3819 3628
f 3628 3825 3824
f 3629 3825 3628
f 3828 3826 3827
f 3820 3631 3630
f 3822 3631 3820
f 3822 3826 3631
f 3822 3827 3826
f 3820 3630 3627
f 3825 3629 3829
f 3829 3629 3632
f 3826 3635 3634
f 3826 3828 3635
f 3828 3830 3635
f 3826 3634 3631
f 3829 3632 3831
f 3831 3632 3636
f 3637 3833 3832
f 3637 3635 3833
f 3635 3830 3833
f 3637 3832 3638
f 3831 3636 3834
f 3834 3636 3641
f 3833 3835 3832
f 3832 3835 3836
f 3832 3836 3638
f 3638 3836 3643
f 3646 3647 3837
f 3837 3839 3838
f 3837 3838 3646
f 3646 3838 3648
f 3838 3641 3648
f 3834 3641 3838
f 3836 3840 3643
f 3840 3650 3643
f 3652 3653 3841
f 3654 3652 3841
f 3842 3654 3841
f 3647 3654 3842
f 3647 3842 3837
f 3837 3842 3843
f 3839 3843 3844
f 3837 3843 3839
f 3840 3655 3650
f 3845 3655 3840
f 3655 3845 3846
f 3657 3655 3846
f 3847 3841 3653
f 3658 3847 3653
f 3841 3847 3842
f 3842 3847 3848
f 3849 3848 3850
f 3849 3843 3848
f 3843 3842 3848
f 3843 3849 3844
f 3846 3851 3657
f 3851 3660 3657
f 3847 3658 3662
f 3848 3847 3662
f 3664 3848 3662
f 3664 3850 3848
f 3664 3665 3850
f 3665 3852 3850
f 3666 3853 3667
f 3853 3666 3660
f 3853 3660 3854
f 3854 3660 3851
f 3852 3665 3855
f 3855 3665 3668
f 3856 3667 3853
f 3669 3667 3856
f 3854 3857 3856
f 3853 3854 3856
f 3860 3859 3858
f 3859 3670 3858
f 3859 3855 3670
f 3855 3668 3670
f 3861 3669 3856
f 3671 3669 3861
f 3857 3863 3862
f 3857 3862 3856
f 3856 3862 3861
f 3863 3865 3864
f 3862 3863 3864
f 3865 3860 3858
f 3865 3858 3864
f 3864 3858 3866
f 3858 3672 3866
f 3670 3672 3858
f 3861 3673 3671
f 3673 3867 3674
f 3673 3861 3867
f 3861 3862 3867
f 3862 3864 3867
f 3864 3868 3867
f 3864 3866 3868
f 3866 3869 3868
f 3866 3675 3869
f 3672 3675 3866
f 3870 3674 3867
f 3677 3674 3870
f 3871 3872 3870
f 3871 3870 3868
f 3868 3870 3867
f 3868 3869 3873
f 3871 3868 3873
f 3869 3675 3678
f 3869 3678 3873
f 3873 3678 3874
f 3678 3875 3874
f 3679 3875 3678
f 3876 3677 3870
f 3876 3877 3677
f 3877 3681 3677
f 3870 3872 3876
f 3875 3679 3682
f 3878 3875 3682
f 3880 3683 3879
f 3880 3878 3683
f 3878 3682 3683
f 3683 3684 3879
f 3877 3881 3681
f 3881 3686 3681
f 3880 3879 3882
f 3884 3687 3883
f 3882 3687 3884
f 3882 3684 3687
f 3882 3879 3684
f 3687 3688 3883
f 3881 3885 3686
f 3885 3689 3686
f 3887 3884 3883
f 3886 3887 3883
f 3883 3690 3886
f 3688 3690 3883
f 3885 3888 3689
f 3888 3691 3689
f 3890 3887 3886
f 3889 3890 3886
f 3886 3692 3889
f 3690 3692 3886
f 3888 3891 3691
f 3891 3693 3691
f 3889 3695 3696
f 3889 3696 3890
f 3890 3696 3892
f 3889 3692 3695
f 3893 3891 3894
f 3893 3697 3891
f 3697 3693 3891
f 3894 3895 3893
f 3898 3897 3896
f 3897 3698 3896
f 3897 3892 3698
f 3892 3696 3698
f 3893 3700 3697
f 3700 3893 3895
f 3700 3895 3701
f 3701 3895 3899
f 3901 3898 3896
f 3900 3901 3896
f 3896 3702 3900
f 3698 3702 3896
f 3902 3899 3903
f 3902 3704 3899
f 3704 3701 3899
f 3903 3905 3904
f 3902 3903 3904
f 3905 3907 3906
f 3904 3905 3906
f 3707 3906 3907
f 3707 3907 3706
f 3706 3907 3908
f 3900 3908 3901
f 3900 3708 3908
f 3708 3706 3908
f 3900 3702 3708
f 3902 3710 3704
f 3904 3710 3902
f 3712 3710 3904
f 3906 3712 3904
f 3713 3712 3906
f 3906 3707 3713
f 3717 3909 3718
f 3717 3720 3909
f 3722 3910 3723
f 3718 3910 3722
f 3718 3909 3910
f 3909 3911 3910
f 3909 3725 3911
f 3720 3725 3909
f 3912 3723 3910
f 3727 3723 3912
f 3910 3911 3912
f 3911 3913 3912
f 3728 3911 3725
f 3728 3914 3911
f 3914 3913 3911
f 3728 3730 3914
f 3915 3727 3912
f 3732 3727 3915
f 3912 3913 3915
f 3913 3916 3915
f 3913 3914 3916
f 3914 3917 3916
f 3914 3734 3917
f 3730 3734 3914
f 3918 3732 3915
f 3737 3732 3918
f 3915 3916 3918
f 3916 3919 3918
f 3916 3917 3919
f 3917 3920 3919
f 3738 3917 3734
f 3738 3921 3917
f 3921 3920 3917
f 3739 3921 3738
f 3922 3921 3739
f 3739 3741 3922
f 3923 3737 3918
f 3742 3737 3923
f 3918 3919 3923
f 3919 3924 3923
f 3919 3920 3924
f 3920 3925 3924
f 3920 3921 3925
f 3921 3926 3925
f 3921 3922 3926
f 3922 3927 3926
f 3743 3922 3741
f 3743 3928 3922
f 3928 3927 3922
f 3744 3928 3743
f 3929 3928 3744
f 3744 3745 3929
f 3923 3747 3742
f 3747 3930 3748
f 3747 3923 3930
f 3923 3924 3930
f 3924 3925 3930
f 3925 3931 3930
f 3925 3926 3931
f 3926 3932 3931
f 3933 3934 3932
f 3933 3932 3927
f 3927 3932 3926
f 3927 3928 3935
f 3933 3927 3935
f 3937 3935 3928
f 3937 3928 3936
f 3936 3928 3929
f 3929 3749 3936
f 3745 3749 3929
f 3938 3748 3930
f 3750 3748 3938
f 3930 3931 3938
f 3931 3939 3938
f 3931 3932 3939
f 3932 3940 3939
f 3934 3941 3940
f 3932 3934 3940
f 3943 3937 3936
f 3942 3943 3936
f 3936 3751 3942
f 3749 3751 3936
f 3938 3753 3750
f 3939 3753 3938
f 3755 3753 3939
f 3755 3944 3756
f 3755 3939 3944
f 3939 3940 3944
f 3941 3945 3944
f 3940 3941 3944
f 3942 3758 3759
f 3942 3759 3943
f 3943 3759 3946
f 3942 3751 3758
f 3944 3761 3756
f 3945 3761 3944
f 3945 3947 3761
f 3947 3763 3761
f 3947 3948 3763
f 3763 3948 3764
f 3948 3759 3764
f 3946 3759 3948
f 3769 3949 3950
f 3768 3949 3769
f 3949 3768 3951
f 3768 3770 3951
f 3952 3770 3771
f 3952 3953 3770
f 3953 3951 3770
f 3953 3952 3954
f 3772 3955 3773
f 3955 3772 3769
f 3955 3769 3956
f 3956 3769 3950
f 3952 3771 3774
f 3774 3775 3957
f 3952 3774 3957
f 3952 3957 3958
f 3952 3958 3954
f 3958 3957 3959
f 3960 3773 3955
f 3960 3961 3773
f 3961 3776 3773
f 3955 3956 3960
f 3962 3957 3775
f 3777 3962 3775
f 3959 3962 3963
f 3957 3962 3959
f 3961 3964 3776
f 3964 3778 3776
f 3962 3777 3780
f 3780 3963 3962
f 3780 3781 3963
f 3781 3965 3963
f 3964 3966 3778
f 3966 3783 3778
f 3965 3781 3967
f 3967 3781 3785
f 3791 3968 3792
f 3791 3794 3968
f 3969 3792 3968
f 3797 3792 3969
f 3798 3968 3794
f 3798 3970 3968
f 3970 3969 3968
f 3798 3799 3970
f 3971 3797 3969
f 3802 3797 3971
f 3969 3970 3971
f 3970 3972 3971
f 3970 3804 3972
f 3799 3804 3970
f 3971 3807 3802
f 3807 3973 3808
f 3807 3971 3973
f 3971 3972 3973
f 3972 3810 3973
f 3804 3810 3972
f 3973 3813 3808
f 3973 3810 3813
f 3976 3974 3975
f 3816 3975 3974
f 3816 3815 3975
f 3815 3977 3975
f 3977 3815 3978
f 3815 3817 3978
f 3980 3818 3979
f 3980 3978 3818
f 3978 3817 3818
f 3818 3819 3979
f 3822 3981 3982
f 3821 3981 3822
f 3974 3976 3981
f 3974 3981 3823
f 3823 3981 3821
f 3974 3823 3816
f 3980 3979 3983
f 3985 3824 3984
f 3983 3824 3985
f 3983 3819 3824
f 3983 3979 3819
f 3824 3825 3984
f 3828 3986 3987
f 3827 3986 3828
f 3986 3827 3822
f 3982 3986 3822
f 3989 3985 3984
f 3988 3989 3984
f 3984 3829 3988
f 3825 3829 3984
f 3987 3990 3828
f 3990 3830 3828
f 3992 3989 3988
f 3991 3992 3988
f 3988 3831 3991
f 3829 3831 3988
f 3990 3993 3830
f 3993 3833 3830
f 3995 3992 3991
f 3994 3995 3991
f 3991 3834 3994
f 3831 3834 3991
f 3993 3835 3833
f 3996 3835 3993
f 3835 3996 3997
f 3836 3835 3997
f 3994 3838 3839
f 3994 3839 3995
f 3995 3839 3998
f 3994 3834 3838
f 3997 3999 3836
f 3999 3840 3836
f 3998 3839 4000
f 4000 3839 3844
f 3999 3845 3840
f 4001 3845 3999
f 4002 3846 3845
f 4002 3845 4003
f 4003 3845 4001
f 4003 4004 4002
f 3850 4006 4005
f 3849 3850 4005
f 4005 3844 3849
f 4000 3844 4005
f 4007 3846 4002
f 3851 3846 4007
f 4004 4008 4007
f 4002 4004 4007
f 4011 4010 4009
f 4010 3852 4009
f 4010 4006 3852
f 4006 3850 3852
f 4012 3851 4007
f 3854 3851 4012
f 4008 4014 4013
f 4008 4013 4007
f 4007 4013 4012
f 4014 4011 4009
f 4014 4009 4013
f 4013 4009 4015
f 4009 3855 4015
f 3852 3855 4009
f 4016 3854 4012
f 3857 3854 4016
f 4012 4013 4016
f 4013 4017 4016
f 3860 4015 3859
f 3860 4017 4015
f 4017 4013 4015
f 4015 3855 3859
f 4016 3863 3857
f 4017 3863 4016
f 3865 3863 4017
f 4017 3860 3865
f 3871 4018 3872
f 3873 4018 3871
f 4019 4018 3873
f 3874 4019 3873
f 4020 4019 3874
f 3874 3875 4020
f 3876 4021 3877
f 4021 4022 4023
f 3876 4022 4021
f 3876 4018 4022
f 3876 3872 4018
f 4018 4019 4024
f 4022 4018 4024
f 4019 4020 4025
f 4024 4019 4025
f 4027 3878 4026
f 4025 3878 4027
f 4025 3875 3878
f 4025 4020 3875
f 3878 3880 4026
f 4028 3877 4021
f 3881 3877 4028
f 4023 4029 4028
f 4021 4023 4028
f 4027 4026 4030
f 4032 3882 4031
f 4030 3882 4032
f 4030 3880 3882
f 4030 4026 3880
f 3882 3884 4031
f 4033 3881 4028
f 4033 4034 3881
f 4034 3885 3881
f 4028 4029 4033
f 4036 4032 4031
f 4035 4036 4031
f 4031 3887 4035
f 3884 3887 4031
f 4034 4037 3885
f 4037 3888 3885
f 4039 4036 4035
f 4038 4039 4035
f 4035 3890 4038
f 3887 3890 4035
f 4040 4037 4041
f 4040 3891 4037
f 3891 3888 4037
f 4041 4042 4040
f 4044 4039 4038
f 4043 4044 4038
f 4038 3892 4043
f 3890 3892 4038
f 4040 3894 3891
f 3894 4040 4042
f 3894 4042 3895
f 3895 4042 4045
f 4048 4047 4046
f 4043 3897 3898
f 4044 4043 3898
f 4044 3898 4046
f 4044 4046 4047
f 4043 3892 3897
f 4049 4045 4050
f 4049 3899 4045
f 3899 3895 4045
f 4050 4051 4049
f 4054 4053 4052
f 4053 4048 4046
f 4053 4046 4052
f 4052 4046 4055
f 4046 3901 4055
f 3898 3901 4046
f 4049 3903 3899
f 4051 3903 4049
f 4051 4056 3903
f 4056 3905 3903
f 4052 4056 4054
f 4052 3907 4056
f 3907 3905 4056
f 4055 3907 4052
f 3908 3907 4055
f 4055 3901 3908
f 3933 4057 3934
f 3935 4057 3933
f 4058 4057 3935
f 3935 3937 4058
f 4059 3934 4057
f 3941 3934 4059
f 4057 4058 4059
f 4058 4060 4059
f 4058 3943 4060
f 3937 3943 4058
f 4061 3941 4059
f 3945 3941 4061
f 4059 4060 4061
f 4060 4062 4061
f 4060 3946 4062
f 3943 3946 4060
f 4061 3947 3945
f 4062 3947 4061
f 3948 3947 4062
f 4062 3946 3948
f 3949 4063 3950
f 4063 4064 4065
f 4063 3949 4064
f 3949 3951 4064
f 4064 3951 4066
f 3951 3953 4066
f 3953 4067 4066
f 3954 4067 3953
f 4068 3950 4063
f 4068 4069 3950
f 4069 3956 3950
f 4063 4065 4068
f 4067 3954 3958
f 4070 4067 3958
f 4071 3958 3959
f 4071 4072 3958
f 4072 4070 3958
f 4072 4071 4073
f 3960 4074 3961
f 4074 3960 3956
f 4074 3956 4075
f 4075 3956 4069
f 4076 4071 3959
f 3963 4076 3959
f 4073 4076 4077
f 4071 4076 4073
f 4078 3961 4074
f 4078 4079 3961
f 4079 3964 3961
f 4074 4075 4078
f 4080 4076 3963
f 3965 4080 3963
f 4077 4080 4081
f 4076 4080 4077
f 4079 4082 3964
f 4082 3966 3964
f 4083 4080 3965
f 3967 4083 3965
f 4081 4083 4084
f 4080 4083 4081
f 3976 4085 4086
f 3975 4085 3976
f 4085 3975 4087
f 3975 3977 4087
f 4087 3977 4088
f 3977 3978 4088
f 3978 4089 4088
f 3980 4089 3978
f 3982 4090 4091
f 3981 4090 3982
f 4090 3981 3976
f 4086 4090 3976
f 4089 3980 3983
f 4092 4089 3983
f 3983 4093 4092
f 3985 4093 3983
f 3987 4094 4095
f 3986 4094 3987
f 4094 3986 3982
f 4091 4094 3982
f 4093 3985 4096
f 4096 3985 3989
f 4095 4097 3987
f 4097 3990 3987
f 4096 3989 4098
f 4098 3989 3992
f 4099 4097 4100
f 4099 3993 4097
f 3993 3990 4097
f 4100 4101 4099
f 4098 3992 4102
f 4102 3992 3995
f 4099 3996 3993
f 3996 4099 4101
f 3996 4101 3997
f 3997 4101 4103
f 4102 3995 4104
f 4104 3995 3998
f 4105 4103 4106
f 4105 3999 4103
f 3999 3997 4103
f 4106 4108 4107
f 4105 4106 4107
f 4108 4109 4107
f 4112 4111 4110
f 4111 4000 4110
f 4111 4104 4000
f 4104 3998 4000
f 4105 4001 3999
f 4107 4001 4105
f 4003 4001 4107
f 4003 4113 4004
f 4107 4113 4003
f 4107 4114 4113
f 4107 4109 4114
f 4114 4116 4115
f 4113 4114 4115
f 4110 4005 4006
f 4112 4110 4006
f 4112 4006 4115
f 4112 4115 4116
f 4110 4000 4005
f 4117 4004 4113
f 4008 4004 4117
f 4011 4115 4010
f 4011 4117 4115
f 4117 4113 4115
f 4115 4006 4010
f 4117 4014 4008
f 4117 4011 4014
f 4022 4118 4023
f 4024 4118 4022
f 4119 4118 4024
f 4025 4119 4024
f 4120 4119 4025
f 4025 4027 4120
f 4121 4023 4118
f 4029 4023 4121
f 4118 4119 4121
f 4119 4122 4121
f 4119 4120 4122
f 4120 4123 4122
f 4030 4120 4027
f 4030 4124 4120
f 4124 4123 4120
f 4030 4032 4124
f 4033 4125 4034
f 4125 4126 4127
f 4033 4126 4125
f 4033 4121 4126
f 4033 4029 4121
f 4121 4122 4128
f 4126 4121 4128
f 4122 4123 4129
f 4128 4122 4129
f 4131 4129 4123
f 4131 4123 4130
f 4130 4123 4124
f 4124 4036 4130
f 4032 4036 4124
f 4132 4034 4125
f 4037 4034 4132
f 4127 4133 4132
f 4125 4127 4132
f 4135 4131 4130
f 4134 4135 4130
f 4130 4039 4134
f 4036 4039 4130
f 4132 4041 4037
f 4041 4132 4133
f 4041 4133 4042
f 4042 4133 4136
f 4138 4135 4134
f 4137 4138 4134
f 4134 4044 4137
f 4039 4044 4134
f 4139 4136 4140
f 4139 4045 4136
f 4045 4042 4136
f 4140 4141 4139
f 4144 4143 4142
f 4137 4047 4048
f 4138 4137 4048
f 4138 4048 4142
f 4138 4142 4143
f 4137 4044 4047
f 4139 4050 4045
f 4050 4145 4051
f 4139 4145 4050
f 4139 4146 4145
f 4139 4141 4146
f 4142 4053 4054
f 4144 4142 4054
f 4144 4054 4145
f 4144 4145 4146
f 4142 4048 4053
f 4145 4056 4051
f 4145 4054 4056
f 4064 4147 4065
f 4066 4147 4064
f 4148 4147 4066
f 4066 4067 4148
f 4069 4149 4150
f 4068 4149 4069
f 4065 4147 4151
f 4065 4151 4068
f 4068 4151 4149
f 4147 4148 4152
f 4151 4147 4152
f 4148 4067 4070
f 4148 4070 4152
f 4152 4070 4153
f 4155 4072 4154
f 4155 4153 4072
f 4153 4070 4072
f 4072 4073 4154
f 4150 4156 4069
f 4156 4075 4069
f 4155 4154 4157
f 4154 4158 4157
f 4154 4073 4158
f 4073 4077 4158
f 4078 4159 4079
f 4159 4078 4075
f 4159 4075 4160
f 4160 4075 4156
f 4158 4077 4161
f 4161 4077 4081
f 4162 4079 4159
f 4082 4079 4162
f 4160 4163 4162
f 4159 4160 4162
f 4161 4081 4164
f 4164 4081 4084
f 4167 4165 4166
f 4166 4168 4169
f 4165 4168 4166
f 4169 4168 4170
f 4086 4171 4172
f 4085 4171 4086
f 4165 4167 4171
f 4165 4171 4087
f 4087 4171 4085
f 4168 4165 4087
f 4088 4168 4087
f 4088 4170 4168
f 4088 4089 4170
f 4089 4173 4170
f 4091 4174 4175
f 4090 4174 4091
f 4174 4090 4086
f 4172 4174 4086
f 4092 4176 4177
f 4092 4177 4089
f 4089 4177 4173
f 4092 4093 4176
f 4094 4178 4095
f 4178 4094 4091
f 4178 4091 4179
f 4179 4091 4175
f 4177 4176 4180
f 4176 4181 4180
f 4176 4093 4181
f 4093 4096 4181
f 4182 4095 4178
f 4097 4095 4182
f 4179 4183 4182
f 4178 4179 4182
f 4186 4185 4184
f 4185 4098 4184
f 4185 4181 4098
f 4181 4096 4098
f 4182 4100 4097
f 4100 4182 4183
f 4100 4183 4101
f 4101 4183 4187
f 4189 4186 4184
f 4188 4189 4184
f 4184 4102 4188
f 4098 4102 4184
f 4190 4187 4191
f 4190 4103 4187
f 4103 4101 4187
f 4191 4193 4192
f 4190 4191 4192
f 4193 4194 4192
f 4197 4196 4195
f 4196 4189 4188
f 4196 4188 4195
f 4195 4188 4198
f 4188 4104 4198
f 4102 4104 4188
f 4190 4106 4103
f 4192 4106 4190
f 4108 4106 4192
f 4108 4199 4109
f 4192 4199 4108
f 4192 4200 4199
f 4192 4194 4200
f 4200 4197 4195
f 4200 4195 4199
f 4199 4195 4201
f 4112 4198 4111
f 4112 4201 4198
f 4201 4195 4198
f 4198 4104 4111
f 4199 4114 4109
f 4201 4114 4199
f 4116 4114 4201
f 4201 4112 4116
f 4126 4202 4127
f 4128 4202 4126
f 4203 4202 4128
f 4129 4203 4128
f 4204 4203 4129
f 4129 4131 4204
f 4205 4127 4202
f 4133 4127 4205
f 4202 4203 4205
f 4203 4206 4205
f 4203 4204 4206
f 4204 4207 4206
f 4204 4135 4207
f 4131 4135 4204
f 4208 4133 4205
f 4136 4133 4208
f 4205 4206 4208
f 4206 4209 4208
f 4206 4207 4209
f 4207 4210 4209
f 4207 4138 4210
f 4135 4138 4207
f 4208 4140 4136
f 4140 4211 4141
f 4140 4208 4211
f 4208 4209 4211
f 4144 4210 4143
f 4144 4211 4210
f 4211 4209 4210
f 4210 4138 4143
f 4211 4146 4141
f 4211 4144 4146
f 4149 4212 4150
f 4212 4213 4214
f 4212 4149 4213
f 4149 4151 4213
f 4213 4151 4215
f 4151 4152 4215
f 4215 4152 4216
f 4152 4153 4216
f 4153 4217 4216
f 4155 4217 4153
f 4218 4150 4212
f 4156 4150 4218
f 4214 4219 4218
f 4212 4214 4218
f 4217 4155 4157
f 4220 4217 4157
f 4157 4221 4220
f 4158 4221 4157
f 4222 4156 4218
f 4222 4223 4156
f 4223 4160 4156
f 4218 4219 4222
f 4221 4158 4224
f 4224 4158 4161
f 4223 4225 4160
f 4225 4163 4160
f 4226 4227 4224
f 4226 4224 4164
f 4164 4224 4161
f 4227 4226 4228
f 4231 4229 4230
f 4230 4229 4232
f 4235 4233 4234
f 4234 4229 4231
f 4234 4233 4229
f 4233 4236 4229
f 4232 4236 4237
f 4229 4236 4232
f 4235 4238 4233
f 4233 4239 4236
f 4238 4239 4233
f 4236 4239 4237
f 4242 4240 4241
f 4241 4243 4244
f 4240 4243 4241
f 4244 4243 4245
f 4247 4240 4242
f 4246 4240 4247
f 4240 4246 4243
f 4243 4246 4248
f 4245 4248 4249
f 4243 4248 4245
f 4252 4250 4251
f 4246 4167 4166
f 4247 4167 4246
f 4247 4250 4167
f 4247 4251 4250
f 4248 4246 4166
f 4169 4248 4166
f 4169 4249 4248
f 4169 4170 4249
f 4170 4253 4249
f 4250 4172 4171
f 4250 4252 4172
f 4252 4254 4172
f 4250 4171 4167
f 4253 4170 4255
f 4255 4170 4173
f 4175 4256 4257
f 4174 4256 4175
f 4256 4174 4172
f 4254 4256 4172
f 4255 4173 4258
f 4258 4173 4177
f 4257 4259 4175
f 4259 4179 4175
f 4180 4260 4261
f 4180 4261 4177
f 4177 4261 4258
f 4180 4181 4260
f 4262 4259 4263
f 4262 4183 4259
f 4183 4179 4259
f 4263 4264 4262
f 4260 4185 4186
f 4260 4186 4261
f 4261 4186 4265
f 4260 4181 4185
f 4266 4183 4262
f 4187 4183 4266
f 4264 4268 4267
f 4264 4267 4262
f 4262 4267 4266
f 4268 4269 4267
f 4272 4271 4270
f 4271 4189 4270
f 4271 4265 4189
f 4265 4186 4189
f 4266 4191 4187
f 4267 4191 4266
f 4193 4191 4267
f 4193 4273 4194
f 4267 4273 4193
f 4267 4274 4273
f 4267 4269 4274
f 4270 4196 4197
f 4272 4270 4197
f 4272 4197 4273
f 4272 4273 4274
f 4270 4189 4196
f 4273 4200 4194
f 4273 4197 4200
f 4277 4275 4276
f 4276 4275 4278
f 4280 4275 4277
f 4279 4275 4280
f 4278 4279 4281
f 4275 4279 4278
f 4280 4282 4279
f 4279 4282 4281
f 4213 4283 4214
f 4283 4284 4285
f 4283 4213 4284
f 4213 4215 4284
f 4287 4216 4286
f 4287 4284 4216
f 4284 4215 4216
f 4216 4217 4286
f 4288 4214 4283
f 4288 4289 4214
f 4289 4219 4214
f 4283 4285 4288
f 4287 4286 4290
f 4292 4220 4291
f 4290 4220 4292
f 4290 4217 4220
f 4290 4286 4217
f 4220 4221 4291
f 4222 4293 4223
f 4293 4222 4219
f 4293 4219 4294
f 4294 4219 4289
f 4292 4291 4295
f 4291 4296 4295
f 4291 4221 4296
f 4221 4224 4296
f 4297 4223 4293
f 4225 4223 4297
f 4294 4298 4297
f 4293 4294 4297
f 4296 4224 4227
f 4299 4296 4227
f 4227 4300 4299
f 4228 4300 4227
f 4303 4301 4302
f 4302 4304 4305
f 4301 4304 4302
f 4305 4304 4306
f 4309 4307 4308
f 4308 4301 4303
f 4308 4307 4301
f 4307 4310 4301
f 4231 4230 4304
f 4231 4304 4310
f 4310 4304 4301
f 4230 4232 4311
f 4304 4230 4311
f 4304 4311 4312
f 4304 4312 4306
f 4312 4311 4313
f 4315 4307 4309
f 4314 4307 4315
f 4235 4234 4310
f 4235 4310 4314
f 4314 4310 4307
f 4310 4234 4231
f 4316 4311 4232
f 4237 4316 4232
f 4313 4316 4317
f 4311 4316 4313
f 4319 4314 4315
f 4318 4314 4319
f 4238 4235 4314
f 4238 4314 4320
f 4320 4314 4318
f 4239 4238 4320
f 4321 4239 4320
f 4321 4323 4322
f 4239 4321 4322
f 4239 4322 4316
f 4239 4316 4237
f 4316 4322 4317
f 4325 4318 4319
f 4324 4318 4325
f 4318 4324 4320
f 4320 4324 4326
f 4320 4326 4321
f 4321 4326 4327
f 4323 4327 4328
f 4321 4327 4323
f 4325 4329 4324
f 4331 4324 4329
f 4331 4330 4324
f 4330 4326 4324
f 4326 4330 4327
f 4327 4330 4332
f 4328 4332 4333
f 4327 4332 4328
f 4335 4330 4331
f 4334 4330 4335
f 4330 4334 4332
f 4332 4334 4336
f 4333 4336 4337
f 4332 4336 4333
f 4334 4242 4241
f 4334 4335 4242
f 4335 4338 4242
f 4336 4334 4241
f 4244 4336 4241
f 4244 4337 4336
f 4244 4245 4337
f 4245 4339 4337
f 4338 4340 4242
f 4340 4247 4242
f 4339 4245 4341
f 4341 4245 4249
f 4251 4342 4252
f 4342 4251 4247
f 4342 4247 4343
f 4343 4247 4340
f 4341 4249 4344
f 4344 4249 4253
f 4345 4252 4342
f 4345 4346 4252
f 4346 4254 4252
f 4342 4343 4345
f 4344 4253 4347
f 4347 4253 4255
f 4256 4348 4257
f 4348 4256 4254
f 4348 4254 4349
f 4349 4254 4346
f 4347 4255 4350
f 4350 4255 4258
f 4351 4257 4348
f 4259 4257 4351
f 4349 4352 4351
f 4348 4349 4351
f 4350 4258 4353
f 4353 4258 4261
f 4351 4263 4259
f 4263 4354 4264
f 4351 4354 4263
f 4351 4355 4354
f 4351 4352 4355
f 4355 4356 4354
f 4359 4358 4357
f 4358 4265 4357
f 4358 4353 4265
f 4353 4261 4265
f 4354 4268 4264
f 4268 4360 4269
f 4354 4360 4268
f 4354 4361 4360
f 4354 4356 4361
f 4357 4271 4272
f 4359 4357 4272
f 4359 4272 4360
f 4359 4360 4361
f 4357 4265 4271
f 4360 4274 4269
f 4360 4272 4274
f 4364 4362 4363
f 4363 4365 4366
f 4362 4365 4363
f 4366 4365 4367
f 4370 4368 4369
f 4369 4362 4364
f 4369 4368 4362
f 4368 4371 4362
f 4362 4371 4365
f 4365 4371 4372
f 4367 4373 4374
f 4367 4365 4373
f 4365 4372 4373
f 4374 4373 4375
f 4377 4368 4370
f 4376 4368 4377
f 4368 4376 4371
f 4371 4376 4378
f 4371 4378 4372
f 4372 4378 4379
f 4372 4379 4373
f 4373 4379 4380
f 4375 4380 4381
f 4373 4380 4375
f 4377 4382 4376
f 4384 4376 4382
f 4384 4383 4376
f 4383 4378 4376
f 4378 4383 4379
f 4379 4383 4385
f 4379 4385 4380
f 4380 4385 4386
f 4381 4386 4387
f 4380 4386 4381
f 4384 4388 4383
f 4390 4383 4388
f 4390 4389 4383
f 4389 4385 4383
f 4385 4389 4386
f 4386 4389 4391
f 4387 4391 4392
f 4386 4391 4387
f 4390 4393 4389
f 4389 4394 4391
f 4393 4394 4389
f 4391 4394 4392
f 4276 4395 4277
f 4276 4278 4395
f 4396 4277 4395
f 4396 4397 4277
f 4397 4280 4277
f 4395 4398 4396
f 4395 4278 4398
f 4278 4281 4398
f 4401 4399 4400
f 4400 4399 4402
f 4400 4402 4280
f 4400 4280 4397
f 4280 4402 4282
f 4402 4281 4282
f 4402 4403 4281
f 4403 4398 4281
f 4405 4399 4401
f 4404 4399 4405
f 4399 4404 4402
f 4402 4404 4406
f 4403 4406 4407
f 4402 4406 4403
f 4405 4408 4404
f 4404 4409 4406
f 4408 4409 4404
f 4406 4409 4407
f 4284 4410 4285
f 4284 4287 4410
f 4288 4411 4289
f 4411 4412 4413
f 4288 4412 4411
f 4288 4410 4412
f 4288 4285 4410
f 4415 4290 4414
f 4412 4290 4415
f 4412 4287 4290
f 4412 4410 4287
f 4290 4292 4414
f 4416 4289 4411
f 4294 4289 4416
f 4413 4417 4416
f 4411 4413 4416
f 4415 4414 4418
f 4414 4292 4295
f 4414 4295 4418
f 4418 4295 4419
f 4295 4420 4419
f 4296 4420 4295
f 4421 4294 4416
f 4421 4422 4294
f 4422 4298 4294
f 4416 4417 4421
f 4420 4296 4299
f 4423 4420 4299
f 4299 4424 4423
f 4300 4424 4299
f 4303 4425 4426
f 4302 4425 4303
f 4425 4302 4427
f 4302 4305 4427
f 4428 4305 4306
f 4428 4429 4305
f 4429 4427 4305
f 4429 4428 4430
f 4309 4431 4432
f 4308 4431 4309
f 4431 4308 4303
f 4426 4431 4303
f 4428 4306 4312
f 4312 4430 4428
f 4312 4313 4430
f 4313 4433 4430
f 4436 4434 4435
f 4435 4434 4315
f 4435 4315 4432
f 4432 4315 4309
f 4433 4313 4437
f 4437 4313 4317
f 4439 4434 4436
f 4438 4434 4439
f 4434 4438 4319
f 4315 4434 4319
f 4322 4323 4440
f 4440 4317 4322
f 4440 4441 4317
f 4441 4437 4317
f 4443 4438 4439
f 4442 4438 4443
f 4438 4442 4325
f 4319 4438 4325
f 4444 4440 4323
f 4444 4323 4445
f 4445 4323 4328
f 4440 4444 4441
f 4443 4446 4442
f 4448 4447 4329
f 4446 4448 4329
f 4446 4329 4325
f 4446 4325 4442
f 4329 4447 4331
f 4445 4328 4449
f 4449 4328 4333
f 4451 4447 4448
f 4450 4447 4451
f 4447 4450 4335
f 4331 4447 4335
f 4452 4453 4449
f 4452 4449 4337
f 4337 4449 4333
f 4453 4452 4454
f 4451 4455 4450
f 4450 4455 4456
f 4450 4456 4335
f 4335 4456 4338
f 4457 4452 4337
f 4339 4457 4337
f 4454 4457 4458
f 4452 4457 4454
f 4456 4459 4338
f 4459 4340 4338
f 4460 4457 4339
f 4460 4339 4461
f 4461 4339 4341
f 4457 4460 4458
f 4459 4462 4340
f 4462 4343 4340
f 4461 4341 4463
f 4463 4341 4344
f 4345 4464 4346
f 4464 4345 4343
f 4464 4343 4465
f 4465 4343 4462
f 4468 4467 4466
f 4467 4347 4466
f 4467 4463 4347
f 4463 4344 4347
f 4469 4346 4464
f 4349 4346 4469
f 4465 4470 4469
f 4464 4465 4469
f 4472 4468 4466
f 4471 4472 4466
f 4466 4350 4471
f 4347 4350 4466
f 4473 4349 4469
f 4352 4349 4473
f 4470 4475 4474
f 4470 4474 4469
f 4469 4474 4473
f 4475 4472 4471
f 4475 4471 4474
f 4474 4471 4476
f 4471 4353 4476
f 4350 4353 4471
f 4473 4355 4352
f 4355 4477 4356
f 4355 4473 4477
f 4473 4474 4477
f 4359 4476 4358
f 4359 4477 4476
f 4477 4474 4476
f 4476 4353 4358
f 4477 4361 4356
f 4477 4359 4361
f 4480 4478 4479
f 4364 4479 4478
f 4364 4363 4479
f 4363 4481 4479
f 4481 4363 4482
f 4363 4366 4482
f 4483 4366 4367
f 4483 4484 4366
f 4484 4482 4366
f 4484 4485 4486
f 4483 4485 4484
f 4478 4370 4369
f 4478 4480 4370
f 4480 4487 4370
f 4478 4369 4364
f 4483 4367 4374
f 4374 4375 4488
f 4374 4488 4483
f 4483 4488 4485
f 4491 4489 4490
f 4490 4489 4377
f 4490 4377 4487
f 4487 4377 4370
f 4492 4488 4375
f 4381 4492 4375
f 4494 4489 4491
f 4493 4489 4494
f 4382 4377 4489
f 4382 4489 4495
f 4495 4489 4493
f 4382 4495 4384
f 4496 4492 4381
f 4387 4496 4381
f 4494 4497 4493
f 4499 4493 4497
f 4499 4498 4493
f 4498 4495 4493
f 4388 4384 4495
f 4388 4495 4500
f 4500 4495 4498
f 4388 4500 4390
f 4501 4496 4387
f 4392 4501 4387
f 4499 4502 4498
f 4498 4503 4500
f 4502 4503 4498
f 4505 4504 4393
f 4503 4505 4393
f 4503 4393 4390
f 4503 4390 4500
f 4394 4393 4504
f 4506 4394 4504
f 4506 4508 4507
f 4394 4506 4507
f 4394 4507 4501
f 4394 4501 4392
f 4505 4509 4504
f 4504 4510 4506
f 4509 4510 4504
f 4506 4510 4508
f 4397 4511 4512
f 4396 4511 4397
f 4396 4513 4511
f 4398 4513 4396
f 4401 4514 4515
f 4400 4514 4401
f 4514 4400 4397
f 4512 4514 4397
f 4513 4398 4516
f 4516 4398 4403
f 4515 4517 4401
f 4517 4405 4401
f 4516 4403 4518
f 4518 4403 4407
f 4408 4520 4519
f 4408 4405 4520
f 4405 4517 4520
f 4409 4408 4519
f 4521 4409 4519
f 4521 4407 4409
f 4521 4522 4407
f 4522 4518 4407
f 4524 4519 4520
f 4523 4519 4524
f 4525 4523 4526
f 4525 4521 4523
f 4521 4519 4523
f 4521 4525 4522
f 4524 4527 4523
f 4523 4527 4526
f 4412 4528 4413
f 4412 4415 4528
f 4529 4413 4528
f 4417 4413 4529
f 4418 4528 4415
f 4418 4530 4528
f 4530 4529 4528
f 4419 4530 4418
f 4531 4530 4419
f 4419 4420 4531
f 4421 4532 4422
f 4532 4533 4534
f 4421 4533 4532
f 4421 4529 4533
f 4421 4417 4529
f 4529 4530 4535
f 4533 4529 4535
f 4530 4531 4536
f 4535 4530 4536
f 4531 4420 4423
f 4531 4423 4536
f 4536 4423 4537
f 4423 4538 4537
f 4424 4538 4423
f 4426 4539 4540
f 4425 4539 4426
f 4539 4425 4541
f 4425 4427 4541
f 4541 4427 4542
f 4427 4429 4542
f 4429 4543 4542
f 4430 4543 4429
f 4432 4544 4545
f 4431 4544 4432
f 4544 4431 4426
f 4540 4544 4426
f 4543 4430 4546
f 4546 4430 4433
f 4436 4547 4548
f 4435 4547 4436
f 4547 4435 4432
f 4545 4547 4432
f 4546 4433 4549
f 4549 4433 4437
f 4548 4550 4436
f 4550 4439 4436
f 4549 4437 4551
f 4551 4437 4441
f 4550 4552 4439
f 4552 4443 4439
f 4444 4445 4553
f 4553 4441 4444
f 4553 4554 4441
f 4554 4551 4441
f 4446 4556 4555
f 4446 4443 4556
f 4443 4552 4556
f 4446 4555 4448
f 4557 4553 4445
f 4557 4445 4558
f 4558 4445 4449
f 4553 4557 4554
f 4556 4559 4555
f 4555 4559 4560
f 4555 4560 4448
f 4448 4560 4451
f 4453 4561 4562
f 4453 4562 4449
f 4449 4562 4558
f 4453 4454 4561
f 4560 4455 4451
f 4563 4455 4560
f 4455 4563 4564
f 4456 4455 4564
f 4566 4562 4561
f 4565 4566 4561
f 4561 4458 4565
f 4454 4458 4561
f 4567 4564 4568
f 4567 4459 4564
f 4459 4456 4564
f 4568 4569 4567
f 4565 4460 4461
f 4565 4461 4566
f 4566 4461 4570
f 4565 4458 4460
f 4571 4459 4567
f 4462 4459 4571
f 4569 4573 4572
f 4569 4572 4567
f 4567 4572 4571
f 4573 4463 4572
f 4573 4570 4463
f 4570 4461 4463
f 4574 4462 4571
f 4465 4462 4574
f 4468 4572 4467
f 4468 4574 4572
f 4574 4571 4572
f 4572 4463 4467
f 4575 4465 4574
f 4470 4465 4575
f 4574 4472 4575
f 4468 4472 4574
f 4575 4475 4470
f 4575 4472 4475
f 4578 4576 4577
f 4577 4576 4579
f 4582 4580 4581
f 4581 4576 4578
f 4581 4580 4576
f 4580 4583 4576
f 4579 4583 4584
f 4576 4583 4579
f 4587 4585 4586
f 4586 4580 4582
f 4586 4585 4580
f 4585 4588 4580
f 4580 4588 4583
f 4583 4588 4589
f 4584 4589 4590
f 4583 4589 4584
f 4592 4585 4587
f 4591 4585 4592
f 4585 4591 4588
f 4588 4591 4593
f 4594 4593 4595
f 4594 4589 4593
f 4589 4588 4593
f 4589 4594 4590
f 4597 4591 4592
f 4596 4591 4597
f 4591 4596 4593
f 4593 4596 4598
f 4595 4598 4599
f 4593 4598 4595
f 4597 4600 4596
f 4596 4601 4598
f 4600 4601 4596
f 4598 4601 4599
f 4479 4602 4480
f 4602 4603 4604
f 4602 4479 4603
f 4479 4481 4603
f 4603 4481 4605
f 4481 4482 4605
f 4605 4482 4606
f 4482 4484 4606
f 4606 4484 4607
f 4484 4486 4607
f 4608 4480 4602
f 4608 4609 4480
f 4609 4487 4480
f 4602 4604 4608
f 4491 4610 4611
f 4490 4610 4491
f 4610 4490 4487
f 4609 4610 4487
f 4612 4611 4613
f 4612 4494 4611
f 4494 4491 4611
f 4613 4614 4612
f 4612 4497 4494
f 4497 4612 4614
f 4497 4614 4499
f 4499 4614 4615
f 4615 4502 4499
f 4616 4502 4615
f 4618 4617 4503
f 4618 4503 4616
f 4616 4503 4502
f 4503 4617 4505
f 4508 4620 4619
f 4507 4508 4619
f 4618 4621 4617
f 4617 4509 4505
f 4617 4621 4509
f 4621 4622 4509
f 4622 4623 4509
f 4509 4623 4510
f 4623 4508 4510
f 4620 4508 4623
f 4511 4624 4512
f 4511 4513 4624
f 4515 4625 4626
f 4514 4625 4515
f 4512 4624 4627
f 4512 4627 4514
f 4514 4627 4625
f 4624 4628 4627
f 4624 4513 4628
f 4513 4516 4628
f 4626 4629 4515
f 4629 4517 4515
f 4628 4516 4630
f 4630 4516 4518
f 4629 4631 4517
f 4631 4520 4517
f 4630 4518 4632
f 4632 4518 4522
f 4631 4633 4520
f 4633 4524 4520
f 4526 4635 4634
f 4525 4526 4634
f 4634 4522 4525
f 4632 4522 4634
f 4527 4637 4636
f 4527 4524 4637
f 4524 4633 4637
f 4636 4526 4527
f 4636 4638 4526
f 4638 4635 4526
f 4637 4639 4636
f 4636 4639 4638
f 4533 4640 4534
f 4535 4640 4533
f 4641 4640 4535
f 4641 4642 4643
f 4641 4535 4642
f 4535 4536 4642
f 4645 4537 4644
f 4645 4642 4537
f 4642 4536 4537
f 4537 4538 4644
f 4540 4646 4647
f 4539 4646 4540
f 4646 4539 4648
f 4539 4541 4648
f 4648 4541 4649
f 4541 4542 4649
f 4542 4650 4649
f 4543 4650 4542
f 4545 4651 4652
f 4544 4651 4545
f 4651 4544 4540
f 4647 4651 4540
f 4650 4543 4653
f 4653 4543 4546
f 4548 4654 4655
f 4547 4654 4548
f 4654 4547 4545
f 4652 4654 4545
f 4653 4546 4656
f 4656 4546 4549
f 4655 4657 4548
f 4657 4550 4548
f 4656 4549 4658
f 4658 4549 4551
f 4657 4659 4550
f 4659 4552 4550
f 4662 4661 4660
f 4661 4554 4660
f 4661 4658 4554
f 4658 4551 4554
f 4659 4663 4552
f 4663 4556 4552
f 4660 4557 4558
f 4660 4558 4662
f 4662 4558 4664
f 4660 4554 4557
f 4663 4559 4556
f 4665 4559 4663
f 4559 4665 4666
f 4560 4559 4666
f 4664 4558 4667
f 4667 4558 4562
f 4666 4563 4560
f 4668 4563 4666
f 4669 4564 4563
f 4669 4563 4670
f 4670 4563 4668
f 4670 4672 4671
f 4669 4670 4671
f 4672 4566 4671
f 4672 4667 4566
f 4667 4562 4566
f 4669 4568 4564
f 4568 4673 4569
f 4568 4669 4673
f 4669 4671 4673
f 4671 4570 4673
f 4566 4570 4671
f 4673 4573 4569
f 4673 4570 4573
f 4676 4674 4675
f 4578 4675 4674
f 4578 4577 4675
f 4577 4677 4675
f 4577 4678 4677
f 4579 4678 4577
f 4681 4679 4680
f 4674 4582 4581
f 4676 4582 4674
f 4676 4679 4582
f 4676 4680 4679
f 4674 4581 4578
f 4678 4579 4682
f 4682 4579 4584
f 4679 4587 4586
f 4679 4681 4587
f 4681 4683 4587
f 4679 4586 4582
f 4682 4584 4684
f 4684 4584 4590
f 4683 4685 4587
f 4685 4592 4587
f 4595 4687 4686
f 4594 4595 4686
f 4686 4590 4594
f 4684 4590 4686
f 4685 4688 4592
f 4688 4597 4592
f 4687 4595 4689
f 4689 4595 4599
f 4688 4600 4597
f 4690 4600 4688
f 4690 4691 4600
f 4600 4691 4601
f 4691 4599 4601
f 4689 4599 4691
f 4603 4692 4604
f 4692 4693 4694
f 4692 4603 4693
f 4603 4605 4693
f 4693 4605 4695
f 4605 4606 4695
f 4697 4607 4696
f 4697 4695 4607
f 4695 4606 4607
f 4609 4698 4699
f 4608 4698 4609
f 4604 4692 4700
f 4604 4700 4608
f 4608 4700 4698
f 4692 4694 4700
f 4697 4696 4701
f 4610 4702 4611
f 4702 4610 4609
f 4702 4609 4703
f 4703 4609 4699
f 4702 4613 4611
f 4613 4702 4703
f 4613 4703 4614
f 4614 4703 4704
f 4705 4704 4706
f 4705 4615 4704
f 4615 4614 4704
f 4706 4707 4705
f 4705 4616 4615
f 4616 4708 4618
f 4705 4708 4616
f 4705 4709 4708
f 4705 4707 4709
f 4709 4710 4708
f 4620 4712 4711
f 4619 4620 4711
f 4708 4621 4618
f 4710 4621 4708
f 4710 4713 4621
f 4713 4622 4621
f 4713 4714 4622
f 4622 4714 4623
f 4714 4620 4623
f 4712 4620 4714
f 4626 4715 4716
f 4625 4715 4626
f 4718 4627 4717
f 4718 4715 4627
f 4715 4625 4627
f 4627 4628 4717
f 4716 4719 4626
f 4719 4629 4626
f 4718 4717 4720
f 4717 4721 4720
f 4717 4628 4721
f 4628 4630 4721
f 4719 4722 4629
f 4722 4631 4629
f 4721 4630 4723
f 4723 4630 4632
f 4722 4724 4631
f 4724 4633 4631
f 4634 4635 4725
f 4725 4632 4634
f 4725 4726 4632
f 4726 4723 4632
f 4724 4727 4633
f 4727 4637 4633
f 4728 4725 4635
f 4638 4728 4635
f 4726 4728 4729
f 4725 4728 4726
f 4639 4731 4730
f 4639 4637 4731
f 4637 4727 4731
f 4730 4733 4732
f 4639 4730 4732
f 4639 4732 4728
f 4639 4728 4638
f 4728 4732 4729
f 4731 4734 4730
f 4730 4734 4733
f 4642 4735 4643
f 4642 4645 4735
f 4647 4736 4737
f 4646 4736 4647
f 4736 4646 4738
f 4646 4648 4738
f 4740 4649 4739
f 4740 4738 4649
f 4738 4648 4649
f 4649 4650 4739
f 4652 4741 4742
f 4651 4741 4652
f 4741 4651 4647
f 4737 4741 4647
f 4740 4739 4743
f 4739 4744 4743
f 4739 4650 4744
f 4650 4653 4744
f 4655 4745 4746
f 4654 4745 4655
f 4745 4654 4652
f 4742 4745 4652
f 4744 4653 4747
f 4747 4653 4656
f 4746 4748 4655
f 4748 4657 4655
f 4747 4656 4749
f 4749 4656 4658
f 4748 4750 4657
f 4750 4659 4657
f 4662 4752 4751
f 4661 4662 4751
f 4751 4658 4661
f 4749 4658 4751
f 4750 4753 4659
f 4753 4663 4659
f 4752 4662 4754
f 4754 4662 4664
f 4753 4665 4663
f 4755 4665 4753
f 4756 4666 4665
f 4756 4665 4757
f 4757 4665 4755
f 4757 4759 4758
f 4756 4757 4758
f 4759 4761 4760
f 4758 4759 4760
f 4761 4667 4760
f 4761 4754 4667
f 4754 4664 4667
f 4756 4668 4666
f 4758 4668 4756
f 4670 4668 4758
f 4760 4670 4758
f 4672 4670 4760
f 4760 4667 4672
f 4764 4762 4763
f 4763 4765 4766
f 4762 4765 4763
f 4766 4765 4767
f 4770 4768 4769
f 4769 4762 4764
f 4769 4768 4762
f 4768 4771 4762
f 4762 4771 4765
f 4765 4771 4772
f 4767 4772 4773
f 4765 4772 4767
f 4775 4768 4770
f 4774 4768 4775
f 4768 4774 4771
f 4771 4774 4776
f 4777 4776 4778
f 4777 4772 4776
f 4772 4771 4776
f 4772 4777 4773
f 4676 4779 4780
f 4675 4779 4676
f 4774 4775 4779
f 4774 4779 4677
f 4677 4779 4675
f 4677 4678 4781
f 4677 4781 4774
f 4774 4781 4776
f 4778 4781 4782
f 4776 4781 4778
f 4681 4783 4784
f 4680 4783 4681
f 4783 4680 4676
f 4780 4783 4676
f 4785 4781 4678
f 4785 4678 4786
f 4786 4678 4682
f 4781 4785 4782
f 4784 4787 4681
f 4787 4683 4681
f 4786 4682 4788
f 4788 4682 4684
f 4787 4789 4683
f 4789 4685 4683
f 4687 4791 4790
f 4686 4687 4790
f 4790 4684 4686
f 4788 4684 4790
f 4789 4792 4685
f 4792 4688 4685
f 4795 4794 4793
f 4794 4689 4793
f 4794 4791 4689
f 4791 4687 4689
f 4792 4690 4688
f 4796 4690 4792
f 4793 4796 4795
f 4793 4691 4796
f 4691 4690 4796
f 4793 4689 4691
f 4693 4797 4694
f 4695 4797 4693
f 4798 4797 4695
f 4695 4697 4798
f 4698 4799 4699
f 4799 4800 4801
f 4799 4698 4800
f 4698 4700 4800
f 4694 4797 4802
f 4694 4802 4700
f 4700 4802 4800
f 4797 4798 4803
f 4802 4797 4803
f 4798 4697 4701
f 4798 4701 4803
f 4803 4701 4804
f 4805 4699 4799
f 4805 4806 4699
f 4806 4703 4699
f 4799 4801 4805
f 4806 4807 4703
f 4807 4704 4703
f 4807 4706 4704
f 4808 4706 4807
f 4706 4808 4809
f 4707 4706 4809
f 4812 4811 4810
f 4709 4814 4813
f 4709 4707 4814
f 4707 4809 4814
f 4709 4813 4710
f 4817 4816 4815
f 4810 4711 4712
f 4812 4810 4712
f 4812 4712 4815
f 4812 4815 4816
f 4814 4818 4813
f 4813 4713 4710
f 4813 4818 4713
f 4818 4819 4713
f 4815 4819 4817
f 4815 4714 4819
f 4714 4713 4819
f 4815 4712 4714
f 4715 4820 4716
f 4715 4718 4820
f 4821 4716 4820
f 4821 4822 4716
f 4822 4719 4716
f 4820 4718 4720
f 4820 4720 4821
f 4821 4720 4823
f 4720 4824 4823
f 4721 4824 4720
f 4822 4825 4719
f 4825 4722 4719
f 4824 4721 4826
f 4826 4721 4723
f 4825 4827 4722
f 4827 4724 4722
f 4826 4723 4828
f 4828 4723 4726
f 4827 4829 4724
f 4829 4727 4724
f 4828 4726 4830
f 4830 4726 4729
f 4829 4831 4727
f 4831 4731 4727
f 4732 4733 4832
f 4832 4729 4732
f 4832 4833 4729
f 4833 4830 4729
f 4831 4734 4731
f 4834 4734 4831
f 4733 4734 4834
f 4733 4834 4835
f 4733 4835 4832
f 4835 4834 4836
f 4833 4835 4837
f 4832 4835 4833
f 4836 4838 4835
f 4835 4838 4837
f 4736 4839 4737
f 4738 4839 4736
f 4840 4839 4738
f 4738 4740 4840
f 4742 4841 4842
f 4741 4841 4742
f 4737 4839 4843
f 4737 4843 4741
f 4741 4843 4841
f 4839 4840 4844
f 4843 4839 4844
f 4846 4743 4845
f 4844 4743 4846
f 4844 4740 4743
f 4844 4840 4740
f 4743 4744 4845
f 4746 4847 4848
f 4745 4847 4746
f 4847 4745 4742
f 4842 4847 4742
f 4850 4846 4845
f 4849 4850 4845
f 4845 4747 4849
f 4744 4747 4845
f 4848 4851 4746
f 4851 4748 4746
f 4853 4850 4849
f 4852 4853 4849
f 4849 4749 4852
f 4747 4749 4849
f 4851 4854 4748
f 4854 4750 4748
f 4852 4751 4752
f 4852 4752 4853
f 4853 4752 4855
f 4852 4749 4751
f 4856 4854 4857
f 4856 4753 4854
f 4753 4750 4854
f 4857 4858 4856
f 4861 4860 4859
f 4860 4754 4859
f 4860 4855 4754
f 4855 4752 4754
f 4856 4755 4753
f 4858 4755 4856
f 4858 4862 4755
f 4862 4757 4755
f 4862 4863 4757
f 4757 4863 4759
f 4859 4863 4861
f 4859 4761 4863
f 4761 4759 4863
f 4859 4754 4761
f 4763 4864 4764
f 4864 4865 4866
f 4864 4763 4865
f 4763 4766 4865
f 4867 4766 4767
f 4867 4868 4766
f 4868 4865 4766
f 4868 4867 4869
f 4769 4870 4770
f 4870 4871 4872
f 4769 4871 4870
f 4769 4864 4871
f 4769 4764 4864
f 4864 4866 4871
f 4873 4867 4767
f 4773 4873 4767
f 4869 4874 4875
f 4869 4867 4874
f 4867 4873 4874
f 4875 4874 4876
f 4877 4770 4870
f 4877 4878 4770
f 4878 4775 4770
f 4870 4872 4877
f 4777 4778 4879
f 4773 4777 4879
f 4773 4879 4873
f 4873 4879 4880
f 4881 4880 4882
f 4881 4874 4880
f 4874 4873 4880
f 4874 4881 4876
f 4780 4883 4884
f 4779 4883 4780
f 4883 4779 4775
f 4878 4883 4775
f 4885 4879 4778
f 4885 4778 4886
f 4886 4778 4782
f 4879 4887 4880
f 4885 4887 4879
f 4880 4887 4882
f 4784 4888 4889
f 4783 4888 4784
f 4888 4783 4780
f 4884 4888 4780
f 4786 4891 4890
f 4785 4786 4890
f 4890 4782 4785
f 4886 4782 4890
f 4889 4892 4784
f 4892 4787 4784
f 4895 4894 4893
f 4894 4788 4893
f 4894 4891 4788
f 4891 4786 4788
f 4892 4896 4787
f 4896 4789 4787
f 4899 4898 4897
f 4893 4790 4791
f 4895 4893 4791
f 4895 4791 4897
f 4895 4897 4898
f 4893 4788 4790
f 4900 4896 4901
f 4900 4792 4896
f 4792 4789 4896
f 4897 4794 4795
f 4899 4897 4795
f 4899 4795 4900
f 4899 4900 4901
f 4897 4791 4794
f 4900 4796 4792
f 4900 4795 4796
f 4800 4902 4801
f 4902 4903 4904
f 4902 4800 4903
f 4800 4802 4903
f 4906 4803 4905
f 4906 4903 4803
f 4903 4802 4803
f 4804 4905 4803
f 4907 4905 4804
f 4806 4908 4909
f 4805 4908 4806
f 4801 4902 4910
f 4801 4910 4805
f 4805 4910 4908
f 4902 4904 4910
f 4906 4905 4911
f 4913 4911 4905
f 4913 4905 4912
f 4912 4905 4907
f 4909 4914 4806
f 4914 4807 4806
f 4916 4913 4912
f 4915 4916 4912
f 4808 4918 4917
f 4808 4807 4918
f 4807 4914 4918
f 4808 4917 4809
f 4915 4811 4812
f 4915 4812 4916
f 4916 4812 4919
f 4918 4920 4917
f 4917 4920 4921
f 4917 4921 4809
f 4809 4921 4814
f 4817 4923 4922
f 4816 4817 4922
f 4922 4812 4816
f 4919 4812 4922
f 4921 4818 4814
f 4924 4818 4921
f 4924 4925 4818
f 4818 4925 4819
f 4925 4817 4819
f 4923 4817 4925
f 4822 4926 4927
f 4821 4926 4822
f 4929 4823 4928
f 4929 4926 4823
f 4926 4821 4823
f 4823 4824 4928
f 4927 4930 4822
f 4930 4825 4822
f 4929 4928 4931
f 4928 4932 4931
f 4928 4824 4932
f 4824 4826 4932
f 4930 4933 4825
f 4933 4827 4825
f 4934 4935 4932
f 4934 4932 4828
f 4828 4932 4826
f 4935 4934 4936
f 4933 4937 4827
f 4937 4829 4827
f 4938 4934 4828
f 4830 4938 4828
f 4936 4938 4939
f 4934 4938 4936
f 4937 4940 4829
f 4940 4831 4829
f 4941 4938 4830
f 4833 4941 4830
f 4939 4942 4943
f 4939 4938 4942
f 4938 4941 4942
f 4943 4942 4944
f 4834 4946 4945
f 4834 4831 4946
f 4831 4940 4946
f 4834 4945 4836
f 4947 4941 4833
f 4837 4947 4833
f 4941 4947 4942
f 4942 4947 4948
f 4944 4948 4949
f 4942 4948 4944
f 4946 4950 4945
f 4952 4951 4838
f 4950 4952 4838
f 4950 4838 4836
f 4950 4836 4945
f 4837 4838 4951
f 4837 4951 4947
f 4947 4951 4953
f 4954 4953 4955
f 4954 4948 4953
f 4948 4947 4953
f 4948 4954 4949
f 4952 4956 4951
f 4951 4957 4953
f 4956 4957 4951
f 4953 4957 4955
f 4841 4958 4842
f 4958 4959 4960
f 4958 4841 4959
f 4841 4843 4959
f 4962 4844 4961
f 4962 4959 4844
f 4959 4843 4844
f 4844 4846 4961
f 4847 4963 4848
f 4963 4964 4965
f 4847 4964 4963
f 4847 4958 4964
f 4847 4842 4958
f 4958 4960 4964
f 4962 4961 4966
f 4961 4967 4966
f 4961 4846 4967
f 4846 4850 4967
f 4968 4848 4963
f 4851 4848 4968
f 4965 4969 4968
f 4963 4965 4968
f 4967 4850 4970
f 4970 4850 4853
f 4971 4851 4968
f 4854 4851 4971
f 4969 4972 4971
f 4968 4969 4971
f 4975 4974 4973
f 4974 4855 4973
f 4974 4970 4855
f 4970 4853 4855
f 4971 4857 4854
f 4857 4976 4858
f 4971 4976 4857
f 4971 4977 4976
f 4971 4972 4977
f 4977 4979 4978
f 4976 4977 4978
f 4973 4860 4861
f 4975 4973 4861
f 4975 4861 4978
f 4975 4978 4979
f 4973 4855 4860
f 4976 4862 4858
f 4978 4862 4976
f 4863 4862 4978
f 4978 4861 4863
f 4982 4980 4981
f 4981 4983 4984
f 4980 4983 4981
f 4984 4983 4985
f 4982 4986 4980
f 4980 4987 4983
f 4986 4987 4980
f 4983 4987 4985
f 4990 4988 4989
f 4989 4988 4991
f 4990 4992 4988
f 4988 4992 4991
f 4865 4993 4866
f 4868 4993 4865
f 4994 4993 4868
f 4868 4869 4994
f 4871 4995 4872
f 4995 4996 4997
f 4871 4996 4995
f 4871 4993 4996
f 4871 4866 4993
f 4993 4994 4998
f 4996 4993 4998
f 4994 4869 4875
f 4994 4875 4998
f 4998 4875 4999
f 4875 5000 4999
f 4876 5000 4875
f 4877 5001 4878
f 5001 5002 5003
f 4877 5002 5001
f 4877 4995 5002
f 4877 4872 4995
f 4995 4997 5002
f 4882 5005 5004
f 4881 4882 5004
f 5004 4876 4881
f 5000 4876 5004
f 4883 5006 4884
f 4878 5006 4883
f 4878 5001 5006
f 5001 5007 5006
f 5003 5009 5008
f 5003 5008 5001
f 5001 5008 5007
f 4886 5008 5009
f 4886 5009 4885
f 4885 5009 5010
f 5010 5011 4885
f 4885 5011 4887
f 5011 4882 4887
f 5005 4882 5011
f 4888 5012 4889
f 4884 5012 4888
f 4884 5006 5012
f 5006 5013 5012
f 5006 5007 5013
f 5007 5014 5013
f 4891 5008 4890
f 4891 5014 5008
f 5014 5007 5008
f 5008 4886 4890
f 5015 4889 5012
f 4892 4889 5015
f 5012 5013 5015
f 5013 5016 5015
f 4895 5014 4894
f 4895 5016 5014
f 5016 5013 5014
f 5014 4891 4894
f 5017 4892 5015
f 4896 4892 5017
f 4899 5016 4898
f 4899 5017 5016
f 5017 5015 5016
f 5016 4895 4898
f 5017 4901 4896
f 5017 4899 4901
f 4903 5018 4904
f 4903 4906 5018
f 4908 5019 4909
f 5019 5020 5021
f 5019 4908 5020
f 4908 4910 5020
f 4904 5018 5022
f 4904 5022 4910
f 4910 5022 5020
f 5018 4906 4911
f 5018 4911 5022
f 5022 4911 5023
f 4911 5024 5023
f 4913 5024 4911
f 5025 4909 5019
f 5025 5026 4909
f 5026 4914 4909
f 5019 5021 5025
f 5024 4913 5027
f 5027 4913 4916
f 5028 5026 5029
f 5028 4918 5026
f 4918 4914 5026
f 5029 5030 5028
f 5027 4916 5031
f 5031 4916 4919
f 5028 4920 4918
f 4920 5032 4921
f 5028 5032 4920
f 5028 5033 5032
f 5028 5030 5033
f 5033 5034 5032
f 4923 5036 5035
f 4922 4923 5035
f 5035 4919 4922
f 5031 4919 5035
f 5032 4924 4921
f 5034 4924 5032
f 5034 5037 4924
f 5037 4925 4924
f 5037 4923 4925
f 5036 4923 5037
f 4926 5038 4927
f 4926 4929 5038
f 5039 4927 5038
f 5039 5040 4927
f 5040 4930 4927
f 5038 4929 4931
f 5038 4931 5039
f 5039 4931 5041
f 4931 5042 5041
f 4932 5042 4931
f 5040 5043 4930
f 5043 4933 4930
f 5042 4932 4935
f 5044 5042 4935
f 4935 5045 5044
f 4936 5045 4935
f 5043 5046 4933
f 5046 4937 4933
f 5047 5048 5045
f 5047 5045 4939
f 4939 5045 4936
f 5048 5047 5049
f 5046 5050 4937
f 5050 4940 4937
f 5047 4939 4943
f 4943 5049 5047
f 4943 4944 5049
f 4944 5051 5049
f 5050 5052 4940
f 5052 4946 4940
f 5051 4944 5053
f 5053 4944 4949
f 5052 4950 4946
f 5054 4950 5052
f 4950 5054 5055
f 4952 4950 5055
f 4954 4955 5056
f 5056 4949 4954
f 5056 5057 4949
f 5057 5053 4949
f 5055 4956 4952
f 5058 4956 5055
f 5058 5059 4956
f 4956 5059 4957
f 4955 5060 5056
f 4955 4957 5060
f 4957 5059 5060
f 5056 5060 5057
f 4959 5061 4960
f 4959 4962 5061
f 4964 5062 4965
f 4960 5062 4964
f 4960 5061 5062
f 5061 5063 5062
f 4966 5061 4962
f 4966 5064 5061
f 5064 5063 5061
f 4966 4967 5064
f 5065 4965 5062
f 4969 4965 5065
f 5066 5067 5065
f 5066 5065 5063
f 5063 5065 5062
f 5069 5066 5063
f 5069 5063 5068
f 5068 5063 5064
f 5064 4970 5068
f 4967 4970 5064
f 5070 4969 5065
f 4972 4969 5070
f 5067 5072 5071
f 5067 5071 5065
f 5065 5071 5070
f 5068 4974 4975
f 5069 5068 4975
f 5069 4975 5071
f 5069 5071 5072
f 5068 4970 4974
f 5070 4977 4972
f 5071 4977 5070
f 4979 4977 5071
f 5071 4975 4979
f 5075 5073 5074
f 5074 5073 5076
f 4982 5077 5078
f 4981 5077 4982
f 5073 5075 5077
f 5073 5077 4984
f 4984 5077 4981
f 4984 5076 5073
f 4984 4985 5076
f 4985 5079 5076
f 5078 4986 4982
f 5080 4986 5078
f 5082 5081 4987
f 5082 4987 5080
f 5080 4987 4986
f 5084 5079 4985
f 5084 4985 5081
f 5084 5081 5083
f 4987 5081 4985
f 5084 5083 5085
f 5082 5086 5081
f 5088 5081 5086
f 5088 5087 5081
f 5087 5083 5081
f 5085 5087 5089
f 5083 5087 5085
f 5091 5087 5088
f 5090 5087 5091
f 5089 5092 5093
f 5089 5087 5092
f 5087 5090 5092
f 5093 5094 5095
f 5092 5094 5093
f 5095 5094 5096
f 5098 5090 5091
f 5097 5090 5098
f 5090 5097 5092
f 5092 5097 5099
f 5092 5099 5094
f 5094 5099 5100
f 5096 5100 5101
f 5094 5100 5096
f 5103 5097 5098
f 5102 5097 5103
f 5097 5102 5099
f 5099 5102 5104
f 4990 4989 5100
f 4990 5100 5104
f 5104 5100 5099
f 4989 4991 5105
f 5100 4989 5105
f 5100 5105 5106
f 5100 5106 5101
f 5106 5105 5107
f 5103 5108 5102
f 5110 5102 5108
f 5110 5109 5102
f 5109 5104 5102
f 4992 4990 5104
f 4992 5104 5111
f 5111 5104 5109
f 5111 5113 5112
f 4992 5111 5112
f 4992 5112 5105
f 4992 5105 4991
f 5105 5112 5107
f 5110 5114 5109
f 5109 5115 5111
f 5114 5115 5109
f 5111 5115 5113
f 4996 5116 4997
f 4998 5116 4996
f 5117 5116 4998
f 4999 5117 4998
f 5118 5117 4999
f 4999 5000 5118
f 5002 5119 5003
f 4997 5119 5002
f 4997 5116 5119
f 5116 5120 5119
f 5116 5117 5120
f 5117 5121 5120
f 5005 5118 5004
f 5005 5121 5118
f 5121 5117 5118
f 5118 5000 5004
f 5119 5009 5003
f 5120 5009 5119
f 5010 5009 5120
f 5121 5010 5120
f 5011 5010 5121
f 5121 5005 5011
f 5020 5122 5021
f 5022 5122 5020
f 5123 5122 5022
f 5023 5123 5022
f 5124 5123 5023
f 5023 5024 5124
f 5025 5125 5026
f 5125 5126 5127
f 5025 5126 5125
f 5025 5122 5126
f 5025 5021 5122
f 5122 5123 5128
f 5126 5122 5128
f 5130 5128 5123
f 5130 5123 5129
f 5129 5123 5124
f 5124 5027 5129
f 5024 5027 5124
f 5125 5029 5026
f 5029 5131 5030
f 5125 5131 5029
f 5125 5132 5131
f 5125 5127 5132
f 5132 5134 5133
f 5131 5132 5133
f 5134 5130 5129
f 5134 5129 5133
f 5133 5129 5135
f 5129 5031 5135
f 5027 5031 5129
f 5131 5033 5030
f 5033 5136 5034
f 5033 5131 5136
f 5131 5133 5136
f 5036 5135 5035
f 5036 5136 5135
f 5136 5133 5135
f 5135 5031 5035
f 5136 5037 5034
f 5136 5036 5037
f 5139 5137 5138
f 5138 5140 5141
f 5137 5140 5138
f 5141 5142 5143
f 5140 5142 5141
f 5143 5142 5144
f 5139 5145 5137
f 5147 5137 5145
f 5147 5146 5137
f 5146 5140 5137
f 5148 5146 5149
f 5148 5142 5146
f 5142 5140 5146
f 5142 5148 5144
f 5147 5150 5146
f 5146 5150 5149
f 5040 5151 5152
f 5039 5151 5040
f 5151 5039 5153
f 5039 5041 5153
f 5154 5041 5042
f 5154 5155 5041
f 5155 5153 5041
f 5155 5154 5156
f 5152 5157 5040
f 5157 5043 5040
f 5154 5042 5044
f 5044 5045 5158
f 5154 5044 5158
f 5154 5158 5159
f 5154 5159 5156
f 5159 5158 5160
f 5157 5161 5043
f 5161 5046 5043
f 5158 5045 5048
f 5048 5160 5158
f 5048 5049 5160
f 5049 5162 5160
f 5161 5163 5046
f 5163 5050 5046
f 5164 5165 5162
f 5164 5162 5051
f 5051 5162 5049
f 5165 5164 5166
f 5167 5163 5168
f 5167 5052 5163
f 5052 5050 5163
f 5168 5169 5167
f 5170 5164 5051
f 5053 5170 5051
f 5166 5170 5171
f 5164 5170 5166
f 5167 5054 5052
f 5054 5167 5169
f 5054 5169 5055
f 5055 5169 5172
f 5173 5170 5053
f 5173 5053 5174
f 5174 5053 5057
f 5170 5173 5171
f 5172 5058 5055
f 5175 5058 5172
f 5175 5176 5058
f 5058 5176 5059
f 5176 5177 5059
f 5059 5177 5060
f 5177 5057 5060
f 5174 5057 5177
f 5066 5178 5067
f 5066 5069 5178
f 5178 5072 5067
f 5178 5069 5072
f 5074 5179 5075
f 5074 5076 5179
f 5078 5180 5181
f 5077 5180 5078
f 5075 5179 5182
f 5075 5182 5077
f 5077 5182 5180
f 5179 5183 5182
f 5179 5076 5183
f 5076 5079 5183
f 5181 5080 5078
f 5184 5080 5181
f 5080 5184 5185
f 5082 5080 5185
f 5183 5079 5084
f 5186 5183 5084
f 5084 5187 5186
f 5085 5187 5084
f 5086 5189 5188
f 5086 5082 5189
f 5082 5185 5189
f 5086 5188 5088
f 5190 5191 5187
f 5190 5187 5089
f 5089 5187 5085
f 5191 5190 5192
f 5189 5193 5188
f 5188 5193 5194
f 5188 5194 5088
f 5088 5194 5091
f 5190 5089 5093
f 5192 5190 5093
f 5192 5093 5195
f 5195 5093 5095
f 5095 5196 5195
f 5096 5196 5095
f 5194 5197 5091
f 5197 5098 5091
f 5198 5199 5196
f 5198 5196 5101
f 5101 5196 5096
f 5199 5198 5200
f 5197 5201 5098
f 5201 5103 5098
f 5198 5101 5106
f 5106 5200 5198
f 5106 5107 5200
f 5107 5202 5200
f 5201 5108 5103
f 5203 5108 5201
f 5108 5203 5204
f 5110 5108 5204
f 5113 5206 5205
f 5112 5113 5205
f 5205 5107 5112
f 5202 5107 5205
f 5204 5114 5110
f 5207 5114 5204
f 5207 5208 5114
f 5114 5208 5115
f 5208 5113 5115
f 5206 5113 5208
f 5126 5209 5127
f 5128 5209 5126
f 5210 5209 5128
f 5128 5130 5210
f 5209 5132 5127
f 5210 5132 5209
f 5134 5132 5210
f 5210 5130 5134
f 5213 5211 5212
f 5139 5212 5211
f 5139 5138 5212
f 5138 5214 5212
f 5214 5138 5215
f 5138 5141 5215
f 5215 5141 5216
f 5141 5143 5216
f 5143 5217 5216
f 5144 5217 5143
f 5213 5218 5211
f 5220 5219 5145
f 5218 5220 5145
f 5218 5145 5139
f 5218 5139 5211
f 5145 5219 5147
f 5149 5222 5221
f 5148 5149 5221
f 5221 5144 5148
f 5217 5144 5221
f 5220 5223 5219
f 5219 5150 5147
f 5219 5223 5150
f 5223 5224 5150
f 5224 5149 5150
f 5222 5149 5224
f 5151 5225 5152
f 5225 5226 5227
f 5225 5151 5226
f 5151 5153 5226
f 5226 5153 5228
f 5153 5155 5228
f 5155 5229 5228
f 5156 5229 5155
f 5230 5152 5225
f 5230 5231 5152
f 5231 5157 5152
f 5225 5227 5230
f 5229 5156 5159
f 5232 5229 5159
f 5159 5233 5232
f 5160 5233 5159
f 5234 5231 5235
f 5234 5161 5231
f 5161 5157 5231
f 5235 5236 5234
f 5237 5238 5233
f 5237 5233 5162
f 5162 5233 5160
f 5238 5237 5239
f 5240 5161 5234
f 5163 5161 5240
f 5236 5241 5240
f 5234 5236 5240
f 5237 5162 5165
f 5165 5239 5237
f 5165 5166 5239
f 5166 5242 5239
f 5240 5168 5163
f 5168 5240 5241
f 5168 5241 5169
f 5169 5241 5243
f 5242 5166 5244
f 5244 5166 5171
f 5245 5243 5246
f 5245 5172 5243
f 5172 5169 5243
f 5246 5247 5245
f 5174 5249 5248
f 5173 5174 5248
f 5248 5171 5173
f 5244 5171 5248
f 5245 5175 5172
f 5247 5175 5245
f 5247 5250 5175
f 5250 5176 5175
f 5250 5251 5176
f 5176 5251 5177
f 5251 5174 5177
f 5249 5174 5251
f 5180 5252 5181
f 5182 5252 5180
f 5253 5252 5182
f 5182 5183 5253
f 5252 5184 5181
f 5254 5252 5253
f 5254 5185 5252
f 5254 5255 5185
f 5185 5184 5252
f 5257 5186 5256
f 5254 5186 5257
f 5254 5183 5186
f 5254 5253 5183
f 5186 5187 5256
f 5255 5258 5185
f 5258 5189 5185
f 5257 5256 5259
f 5261 5191 5260
f 5259 5191 5261
f 5259 5187 5191
f 5259 5256 5187
f 5191 5192 5260
f 5258 5193 5189
f 5262 5193 5258
f 5193 5262 5263
f 5194 5193 5263
f 5261 5260 5264
f 5266 5195 5265
f 5264 5195 5266
f 5264 5192 5195
f 5264 5260 5192
f 5195 5196 5265
f 5263 5267 5194
f 5267 5197 5194
f 5266 5265 5268
f 5270 5199 5269
f 5268 5199 5270
f 5268 5196 5199
f 5268 5265 5196
f 5199 5200 5269
f 5271 5267 5272
f 5271 5201 5267
f 5201 5197 5267
f 5272 5273 5271
f 5275 5270 5269
f 5274 5275 5269
f 5269 5202 5274
f 5200 5202 5269
f 5271 5203 5201
f 5203 5276 5204
f 5271 5276 5203
f 5271 5277 5276
f 5271 5273 5277
f 5277 5279 5278
f 5276 5277 5278
f 5274 5205 5206
f 5275 5274 5206
f 5275 5206 5278
f 5275 5278 5279
f 5274 5202 5205
f 5276 5207 5204
f 5278 5207 5276
f 5208 5207 5278
f 5278 5206 5208
f 5212 5280 5213
f 5280 5281 5282
f 5280 5212 5281
f 5212 5214 5281
f 5281 5214 5283
f 5214 5215 5283
f 5283 5215 5284
f 5215 5216 5284
f 5285 5216 5217
f 5285 5286 5216
f 5286 5284 5216
f 5286 5285 5287
f 5280 5218 5213
f 5218 5280 5282
f 5218 5282 5220
f 5220 5282 5288
f 5222 5290 5289
f 5221 5222 5289
f 5217 5291 5285
f 5217 5221 5291
f 5221 5289 5291
f 5285 5291 5287
f 5288 5223 5220
f 5292 5223 5288
f 5292 5293 5223
f 5223 5293 5224
f 5293 5222 5224
f 5290 5222 5293
f 5227 5294 5295
f 5226 5294 5227
f 5294 5226 5296
f 5226 5228 5296
f 5228 5297 5296
f 5229 5297 5228
f 5230 5298 5231
f 5298 5230 5227
f 5298 5227 5299
f 5299 5227 5295
f 5297 5229 5232
f 5300 5297 5232
f 5232 5301 5300
f 5233 5301 5232
f 5298 5235 5231
f 5235 5298 5299
f 5235 5299 5236
f 5236 5299 5302
f 5238 5303 5304
f 5238 5304 5233
f 5233 5304 5301
f 5238 5239 5303
f 5305 5302 5306
f 5305 5241 5302
f 5241 5236 5302
f 5306 5307 5305
f 5309 5304 5303
f 5308 5309 5303
f 5303 5242 5308
f 5239 5242 5303
f 5310 5241 5305
f 5243 5241 5310
f 5307 5311 5310
f 5305 5307 5310
f 5313 5309 5308
f 5312 5313 5308
f 5308 5244 5312
f 5242 5244 5308
f 5310 5246 5243
f 5246 5314 5247
f 5310 5314 5246
f 5310 5315 5314
f 5310 5311 5315
f 5315 5317 5316
f 5314 5315 5316
f 5312 5248 5249
f 5313 5312 5249
f 5313 5249 5316
f 5313 5316 5317
f 5312 5244 5248
f 5314 5250 5247
f 5316 5250 5314
f 5251 5250 5316
f 5316 5249 5251
f 5320 5318 5319
f 5319 5321 5322
f 5318 5321 5319
f 5322 5321 5323
f 5320 5324 5318
f 5326 5318 5324
f 5326 5325 5318
f 5325 5321 5318
f 5323 5325 5327
f 5321 5325 5323
f 5329 5325 5326
f 5328 5325 5329
f 5327 5328 5330
f 5325 5328 5327
f 5329 5331 5328
f 5328 5331 5330
f 5254 5332 5255
f 5254 5257 5332
f 5333 5255 5332
f 5258 5255 5333
f 5259 5332 5257
f 5259 5334 5332
f 5334 5333 5332
f 5259 5261 5334
f 5333 5262 5258
f 5262 5335 5263
f 5262 5333 5335
f 5333 5334 5335
f 5264 5334 5261
f 5264 5336 5334
f 5336 5335 5334
f 5264 5266 5336
f 5337 5263 5335
f 5267 5263 5337
f 5335 5336 5337
f 5336 5338 5337
f 5268 5336 5266
f 5268 5339 5336
f 5339 5338 5336
f 5268 5270 5339
f 5337 5272 5267
f 5272 5340 5273
f 5272 5337 5340
f 5337 5338 5340
f 5338 5339 5340
f 5339 5341 5340
f 5339 5275 5341
f 5270 5275 5339
f 5340 5277 5273
f 5341 5277 5340
f 5279 5277 5341
f 5341 5275 5279
f 5344 5342 5343
f 5343 5345 5346
f 5342 5345 5343
f 5346 5345 5347
f 5350 5348 5349
f 5349 5342 5344
f 5349 5348 5342
f 5348 5351 5342
f 5342 5351 5345
f 5345 5351 5352
f 5347 5352 5353
f 5345 5352 5347
f 5356 5354 5355
f 5355 5348 5350
f 5355 5354 5348
f 5354 5357 5348
f 5348 5357 5351
f 5351 5357 5358
f 5351 5358 5352
f 5352 5358 5359
f 5353 5359 5360
f 5352 5359 5353
f 5362 5354 5356
f 5361 5354 5362
f 5354 5361 5357
f 5357 5361 5363
f 5357 5363 5358
f 5358 5363 5364
f 5365 5364 5366
f 5365 5359 5364
f 5359 5358 5364
f 5359 5365 5360
f 5362 5367 5361
f 5369 5361 5367
f 5369 5368 5361
f 5368 5363 5361
f 5370 5368 5371
f 5370 5364 5368
f 5364 5363 5368
f 5364 5370 5366
f 5369 5372 5368
f 5368 5372 5371
f 5375 5373 5374
f 5374 5373 5376
f 5281 5377 5282
f 5283 5377 5281
f 5378 5377 5283
f 5378 5379 5380
f 5378 5283 5379
f 5283 5284 5379
f 5379 5284 5381
f 5284 5286 5381
f 5375 5382 5373
f 5375 5286 5382
f 5375 5381 5286
f 5287 5382 5286
f 5376 5382 5383
f 5373 5382 5376
f 5384 5282 5377
f 5288 5282 5384
f 5377 5378 5384
f 5378 5385 5384
f 5385 5378 5289
f 5385 5289 5290
f 5378 5380 5289
f 5386 5289 5387
f 5380 5387 5289
f 5291 5289 5386
f 5388 5291 5386
f 5388 5390 5389
f 5291 5388 5389
f 5291 5389 5382
f 5291 5382 5287
f 5382 5389 5383
f 5384 5292 5288
f 5385 5292 5384
f 5293 5292 5385
f 5387 5391 5386
f 5385 5290 5293
f 5386 5392 5388
f 5391 5392 5386
f 5388 5392 5390
f 5294 5393 5295
f 5393 5394 5395
f 5393 5294 5394
f 5294 5296 5394
f 5396 5296 5297
f 5396 5397 5296
f 5397 5394 5296
f 5397 5396 5398
f 5399 5295 5393
f 5299 5295 5399
f 5395 5400 5399
f 5393 5395 5399
f 5396 5297 5300
f 5300 5398 5396
f 5300 5301 5398
f 5301 5401 5398
f 5402 5299 5399
f 5302 5299 5402
f 5400 5403 5402
f 5399 5400 5402
f 5401 5301 5404
f 5404 5301 5304
f 5402 5306 5302
f 5306 5405 5307
f 5402 5405 5306
f 5402 5406 5405
f 5402 5403 5406
f 5406 5408 5407
f 5405 5406 5407
f 5408 5309 5407
f 5408 5404 5309
f 5404 5304 5309
f 5409 5307 5405
f 5311 5307 5409
f 5405 5407 5409
f 5407 5410 5409
f 5407 5313 5410
f 5309 5313 5407
f 5409 5315 5311
f 5410 5315 5409
f 5317 5315 5410
f 5410 5313 5317
f 5413 5411 5412
f 5412 5414 5415
f 5411 5414 5412
f 5415 5414 5416
f 5411 5320 5319
f 5411 5413 5320
f 5413 5417 5320
f 5414 5411 5319
f 5322 5414 5319
f 5322 5323 5418
f 5414 5322 5418
f 5414 5418 5419
f 5414 5419 5416
f 5419 5418 5420
f 5324 5422 5421
f 5324 5320 5422
f 5320 5417 5422
f 5324 5421 5326
f 5423 5418 5323
f 5327 5423 5323
f 5420 5423 5424
f 5418 5423 5420
f 5422 5425 5421
f 5421 5425 5426
f 5421 5426 5326
f 5326 5426 5329
f 5427 5423 5327
f 5330 5427 5327
f 5424 5427 5428
f 5423 5427 5424
f 5426 5331 5329
f 5429 5331 5426
f 5330 5430 5427
f 5330 5331 5430
f 5331 5429 5430
f 5427 5430 5428
f 5433 5431 5432
f 5432 5434 5435
f 5431 5434 5432
f 5435 5434 5436
f 5439 5437 5438
f 5438 5440 5441
f 5437 5440 5438
f 5431 5344 5343
f 5433 5344 5431
f 5433 5440 5344
f 5433 5441 5440
f 5434 5431 5343
f 5346 5434 5343
f 5346 5347 5442
f 5434 5346 5442
f 5434 5442 5443
f 5434 5443 5436
f 5443 5442 5444
f 5446 5437 5439
f 5445 5437 5446
f 5350 5349 5440
f 5350 5440 5445
f 5445 5440 5437
f 5440 5349 5344
f 5447 5442 5347
f 5353 5447 5347
f 5444 5447 5448
f 5442 5447 5444
f 5451 5449 5450
f 5445 5356 5355
f 5446 5356 5445
f 5446 5449 5356
f 5446 5450 5449
f 5445 5355 5350
f 5452 5447 5353
f 5452 5353 5453
f 5453 5353 5360
f 5447 5452 5448
f 5455 5449 5451
f 5454 5449 5455
f 5449 5454 5362
f 5356 5449 5362
f 5365 5366 5456
f 5456 5360 5365
f 5456 5457 5360
f 5457 5453 5360
f 5459 5454 5455
f 5458 5454 5459
f 5367 5362 5454
f 5367 5454 5460
f 5460 5454 5458
f 5367 5460 5369
f 5370 5371 5461
f 5461 5463 5462
f 5370 5461 5462
f 5370 5462 5456
f 5370 5456 5366
f 5456 5462 5457
f 5459 5464 5458
f 5466 5458 5464
f 5466 5465 5458
f 5465 5460 5458
f 5372 5369 5460
f 5372 5460 5467
f 5467 5460 5465
f 5467 5469 5468
f 5372 5467 5468
f 5372 5468 5461
f 5372 5461 5371
f 5461 5468 5463
f 5466 5470 5465
f 5465 5471 5467
f 5470 5471 5465
f 5467 5471 5469
f 5474 5472 5473
f 5375 5473 5472
f 5375 5374 5473
f 5374 5475 5473
f 5374 5476 5475
f 5376 5476 5374
f 5380 5477 5478
f 5379 5477 5380
f 5472 5474 5477
f 5472 5477 5381
f 5381 5477 5379
f 5472 5381 5375
f 5476 5376 5479
f 5479 5376 5383
f 5478 5480 5380
f 5480 5387 5380
f 5389 5390 5481
f 5481 5383 5389
f 5481 5482 5383
f 5482 5479 5383
f 5480 5391 5387
f 5483 5391 5480
f 5483 5484 5391
f 5391 5484 5392
f 5390 5485 5481
f 5390 5392 5485
f 5392 5484 5485
f 5481 5485 5482
f 5395 5486 5487
f 5394 5486 5395
f 5489 5397 5488
f 5489 5486 5397
f 5486 5394 5397
f 5397 5398 5488
f 5490 5487 5491
f 5490 5400 5487
f 5400 5395 5487
f 5492 5493 5490
f 5492 5490 5488
f 5491 5489 5490
f 5489 5488 5490
f 5488 5494 5492
f 5488 5398 5494
f 5398 5401 5494
f 5495 5400 5490
f 5403 5400 5495
f 5493 5497 5496
f 5493 5496 5490
f 5490 5496 5495
f 5497 5404 5496
f 5497 5494 5404
f 5494 5401 5404
f 5495 5406 5403
f 5496 5406 5495
f 5408 5406 5496
f 5496 5404 5408
f 5500 5498 5499
f 5499 5498 5501
f 5498 5413 5412
f 5498 5500 5413
f 5500 5502 5413
f 5501 5498 5412
f 5501 5412 5503
f 5503 5412 5415
f 5504 5415 5416
f 5504 5505 5415
f 5505 5503 5415
f 5505 5504 5506
f 5502 5507 5413
f 5507 5417 5413
f 5504 5416 5419
f 5419 5506 5504
f 5419 5420 5506
f 5420 5508 5506
f 5507 5509 5417
f 5509 5422 5417
f 5508 5420 5510
f 5510 5420 5424
f 5509 5425 5422
f 5511 5425 5509
f 5425 5511 5512
f 5426 5425 5512
f 5510 5424 5513
f 5513 5424 5428
f 5429 5515 5514
f 5429 5426 5515
f 5426 5512 5515
f 5514 5517 5516
f 5514 5516 5429
f 5429 5516 5430
f 5516 5428 5430
f 5513 5428 5516
f 5515 5518 5514
f 5514 5518 5517
f 5521 5519 5520
f 5520 5522 5523
f 5519 5522 5520
f 5433 5523 5522
f 5433 5432 5523
f 5432 5524 5523
f 5524 5432 5525
f 5432 5435 5525
f 5526 5435 5436
f 5526 5527 5435
f 5527 5525 5435
f 5527 5526 5528
f 5519 5439 5438
f 5519 5521 5439
f 5521 5529 5439
f 5522 5519 5438
f 5441 5522 5438
f 5522 5441 5433
f 5526 5436 5443
f 5443 5528 5526
f 5443 5444 5528
f 5444 5530 5528
f 5533 5531 5532
f 5532 5531 5446
f 5532 5446 5529
f 5529 5446 5439
f 5530 5444 5534
f 5534 5444 5448
f 5531 5451 5450
f 5531 5533 5451
f 5533 5535 5451
f 5531 5450 5446
f 5452 5453 5536
f 5536 5448 5452
f 5536 5537 5448
f 5537 5534 5448
f 5535 5538 5451
f 5538 5455 5451
f 5539 5536 5453
f 5539 5453 5540
f 5540 5453 5457
f 5536 5539 5537
f 5538 5541 5455
f 5541 5459 5455
f 5462 5463 5542
f 5542 5457 5462
f 5542 5543 5457
f 5543 5540 5457
f 5464 5545 5544
f 5464 5459 5545
f 5459 5541 5545
f 5464 5544 5466
f 5468 5469 5546
f 5546 5548 5547
f 5468 5546 5547
f 5468 5547 5542
f 5468 5542 5463
f 5542 5547 5543
f 5545 5549 5544
f 5551 5550 5470
f 5549 5551 5470
f 5549 5470 5466
f 5549 5466 5544
f 5471 5470 5550
f 5552 5471 5550
f 5552 5554 5553
f 5471 5552 5553
f 5471 5553 5546
f 5471 5546 5469
f 5546 5553 5548
f 5551 5555 5550
f 5550 5556 5552
f 5555 5556 5550
f 5552 5556 5554
f 5474 5557 5558
f 5473 5557 5474
f 5560 5475 5559
f 5560 5557 5475
f 5557 5473 5475
f 5475 5476 5559
f 5477 5561 5478
f 5561 5477 5474
f 5561 5474 5562
f 5562 5474 5558
f 5564 5560 5559
f 5563 5564 5559
f 5559 5479 5563
f 5476 5479 5559
f 5565 5478 5561
f 5480 5478 5565
f 5562 5567 5566
f 5562 5566 5561
f 5561 5566 5565
f 5567 5564 5563
f 5567 5563 5566
f 5566 5563 5568
f 5563 5482 5568
f 5479 5482 5563
f 5565 5483 5480
f 5566 5483 5565
f 5484 5483 5566
f 5568 5484 5566
f 5485 5484 5568
f 5568 5482 5485
f 5571 5569 5570
f 5570 5569 5572
f 5569 5487 5486
f 5569 5571 5487
f 5571 5573 5487
f 5486 5572 5569
f 5486 5489 5572
f 5489 5574 5572
f 5573 5491 5487
f 5575 5491 5573
f 5489 5575 5574
f 5489 5491 5575
f 5493 5492 5576
f 5492 5494 5576
f 5576 5497 5493
f 5576 5494 5497
f 5499 5577 5500
f 5499 5501 5577
f 5578 5500 5577
f 5578 5579 5500
f 5579 5502 5500
f 5577 5501 5503
f 5577 5503 5578
f 5578 5503 5580
f 5580 5503 5581
f 5503 5505 5581
f 5505 5582 5581
f 5506 5582 5505
f 5579 5583 5502
f 5583 5507 5502
f 5582 5506 5584
f 5584 5506 5508
f 5583 5585 5507
f 5585 5509 5507
f 5584 5508 5586
f 5586 5508 5510
f 5585 5511 5509
f 5587 5511 5585
f 5511 5587 5588
f 5512 5511 5588
f 5586 5510 5589
f 5589 5510 5513
f 5588 5590 5512
f 5590 5515 5512
f 5517 5592 5591
f 5516 5517 5591
f 5591 5513 5516
f 5589 5513 5591
f 5590 5518 5515
f 5593 5518 5590
f 5593 5517 5518
f 5592 5517 5593
f 5596 5594 5595
f 5595 5597 5598
f 5594 5597 5595
f 5598 5597 5599
f 5521 5600 5601
f 5520 5600 5521
f 5594 5596 5600
f 5594 5600 5523
f 5523 5600 5520
f 5597 5594 5523
f 5524 5597 5523
f 5599 5597 5524
f 5599 5524 5602
f 5602 5524 5525
f 5602 5525 5603
f 5525 5527 5603
f 5527 5604 5603
f 5528 5604 5527
f 5607 5605 5606
f 5606 5605 5529
f 5606 5529 5601
f 5601 5529 5521
f 5604 5528 5608
f 5608 5528 5530
f 5605 5533 5532
f 5605 5607 5533
f 5607 5609 5533
f 5605 5532 5529
f 5608 5530 5610
f 5610 5530 5534
f 5609 5611 5533
f 5611 5535 5533
f 5610 5534 5612
f 5612 5534 5537
f 5615 5613 5614
f 5614 5613 5538
f 5614 5538 5611
f 5611 5538 5535
f 5540 5617 5616
f 5539 5540 5616
f 5616 5537 5539
f 5612 5537 5616
f 5619 5613 5615
f 5618 5613 5619
f 5613 5618 5541
f 5538 5613 5541
f 5617 5540 5620
f 5620 5540 5543
f 5619 5621 5618
f 5618 5621 5622
f 5618 5622 5541
f 5541 5622 5545
f 5547 5548 5623
f 5623 5543 5547
f 5623 5624 5543
f 5624 5620 5543
f 5549 5626 5625
f 5549 5545 5626
f 5545 5622 5626
f 5549 5625 5551
f 5553 5554 5627
f 5627 5629 5628
f 5553 5627 5628
f 5553 5628 5623
f 5553 5623 5548
f 5623 5628 5624
f 5626 5630 5625
f 5625 5555 5551
f 5625 5630 5555
f 5630 5631 5555
f 5631 5632 5555
f 5555 5632 5556
f 5554 5633 5627
f 5554 5556 5633
f 5556 5632 5633
f 5627 5633 5629
f 5636 5634 5635
f 5635 5637 5638
f 5634 5637 5635
f 5638 5637 5639
f 5641 5634 5636
f 5640 5634 5641
f 5634 5640 5637
f 5637 5640 5642
f 5639 5642 5643
f 5637 5642 5639
f 5641 5644 5640
f 5640 5645 5642
f 5644 5645 5640
f 5642 5645 5643
f 5557 5646 5558
f 5557 5560 5646
f 5647 5558 5646
f 5562 5558 5647
f 5646 5564 5647
f 5560 5564 5646
f 5647 5567 5562
f 5647 5564 5567
f 5650 5648 5649
f 5649 5651 5652
f 5648 5651 5649
f 5652 5651 5653
f 5655 5648 5650
f 5654 5648 5655
f 5648 5654 5651
f 5651 5654 5656
f 5653 5656 5657
f 5651 5656 5653
f 5659 5654 5655
f 5658 5654 5659
f 5571 5570 5656
f 5571 5656 5658
f 5658 5656 5654
f 5570 5657 5656
f 5570 5572 5657
f 5572 5660 5657
f 5659 5661 5658
f 5658 5661 5662
f 5658 5662 5571
f 5571 5662 5573
f 5660 5572 5663
f 5663 5572 5574
f 5662 5575 5573
f 5664 5575 5662
f 5664 5574 5575
f 5663 5574 5664
f 5667 5665 5666
f 5666 5668 5669
f 5665 5668 5666
f 5669 5668 5670
f 5579 5671 5672
f 5578 5671 5579
f 5671 5578 5673
f 5578 5580 5673
f 5675 5581 5674
f 5675 5673 5581
f 5673 5580 5581
f 5581 5582 5674
f 5672 5676 5579
f 5676 5583 5579
f 5675 5674 5677
f 5674 5678 5677
f 5674 5582 5678
f 5582 5584 5678
f 5676 5679 5583
f 5679 5585 5583
f 5678 5584 5680
f 5680 5584 5586
f 5587 5682 5681
f 5587 5585 5682
f 5585 5679 5682
f 5587 5681 5588
f 5680 5586 5683
f 5683 5586 5589
f 5682 5684 5681
f 5681 5684 5685
f 5681 5685 5588
f 5588 5685 5590
f 5592 5687 5686
f 5591 5592 5686
f 5686 5589 5591
f 5683 5589 5686
f 5685 5593 5590
f 5688 5593 5685
f 5688 5592 5593
f 5687 5592 5688
f 5691 5689 5690
f 5690 5692 5693
f 5689 5692 5690
f 5693 5692 5694
f 5689 5596 5595
f 5689 5691 5596
f 5691 5695 5596
f 5692 5689 5595
f 5598 5692 5595
f 5598 5599 5696
f 5692 5598 5696
f 5692 5696 5697
f 5692 5697 5694
f 5697 5696 5698
f 5601 5699 5700
f 5600 5699 5601
f 5699 5600 5596
f 5695 5699 5596
f 5696 5599 5602
f 5698 5696 5602
f 5698 5602 5701
f 5701 5602 5603
f 5603 5702 5701
f 5604 5702 5603
f 5606 5703 5607
f 5703 5606 5601
f 5703 5601 5704
f 5704 5601 5700
f 5702 5604 5705
f 5705 5604 5608
f 5706 5607 5703
f 5706 5707 5607
f 5707 5609 5607
f 5703 5704 5706
f 5705 5608 5708
f 5708 5608 5610
f 5707 5709 5609
f 5709 5611 5609
f 5708 5610 5710
f 5710 5610 5612
f 5614 5711 5615
f 5711 5614 5611
f 5711 5611 5712
f 5712 5611 5709
f 5616 5617 5713
f 5713 5612 5616
f 5713 5714 5612
f 5714 5710 5612
f 5715 5615 5711
f 5619 5615 5715
f 5712 5716 5715
f 5711 5712 5715
f 5717 5713 5617
f 5620 5717 5617
f 5714 5717 5718
f 5713 5717 5714
f 5715 5621 5619
f 5621 5715 5716
f 5621 5716 5622
f 5622 5716 5719
f 5720 5717 5620
f 5720 5620 5721
f 5721 5620 5624
f 5717 5720 5718
f 5719 5722 5622
f 5722 5626 5622
f 5628 5629 5723
f 5725 5721 5624
f 5725 5624 5723
f 5725 5723 5724
f 5628 5723 5624
f 5725 5724 5726
f 5722 5630 5626
f 5727 5630 5722
f 5727 5728 5630
f 5630 5728 5631
f 5728 5729 5631
f 5631 5729 5632
f 5729 5730 5632
f 5632 5730 5633
f 5629 5731 5723
f 5629 5633 5731
f 5633 5730 5731
f 5723 5732 5724
f 5731 5732 5723
f 5724 5732 5726
f 5735 5733 5734
f 5734 5736 5737
f 5733 5736 5734
f 5737 5738 5739
f 5736 5738 5737
f 5739 5738 5740
f 5733 5636 5635
f 5733 5735 5636
f 5735 5741 5636
f 5736 5733 5635
f 5638 5736 5635
f 5638 5639 5742
f 5638 5742 5736
f 5736 5742 5738
f 5740 5742 5743
f 5738 5742 5740
f 5741 5744 5636
f 5744 5641 5636
f 5745 5742 5639
f 5643 5745 5639
f 5743 5745 5746
f 5742 5745 5743
f 5744 5644 5641
f 5747 5644 5744
f 5749 5748 5645
f 5749 5645 5747
f 5747 5645 5644
f 5748 5751 5750
f 5645 5748 5750
f 5645 5750 5745
f 5645 5745 5643
f 5745 5750 5746
f 5749 5752 5748
f 5748 5752 5751
f 5755 5753 5754
f 5754 5756 5757
f 5753 5756 5754
f 5757 5756 5758
f 5761 5759 5760
f 5753 5650 5649
f 5755 5650 5753
f 5755 5759 5650
f 5755 5760 5759
f 5756 5753 5649
f 5652 5756 5649
f 5652 5758 5756
f 5652 5653 5758
f 5653 5762 5758
f 5764 5759 5761
f 5763 5759 5764
f 5759 5763 5655
f 5650 5759 5655
f 5762 5653 5765
f 5765 5653 5657
f 5767 5763 5764
f 5766 5763 5767
f 5763 5766 5659
f 5655 5763 5659
f 5765 5657 5768
f 5768 5657 5660
f 5770 5766 5767
f 5769 5766 5770
f 5661 5659 5766
f 5661 5766 5771
f 5771 5766 5769
f 5661 5771 5662
f 5768 5660 5772
f 5772 5660 5663
f 5770 5773 5769
f 5769 5774 5771
f 5773 5774 5769
f 5771 5664 5662
f 5771 5774 5664
f 5774 5775 5664
f 5775 5663 5664
f 5772 5663 5775
f 5778 5776 5777
f 5667 5777 5776
f 5667 5666 5777
f 5666 5779 5777
f 5779 5666 5780
f 5666 5669 5780
f 5669 5781 5780
f 5670 5781 5669
f 5671 5782 5672
f 5782 5783 5784
f 5782 5671 5783
f 5671 5673 5783
f 5673 5785 5783
f 5675 5785 5673
f 5786 5672 5782
f 5786 5787 5672
f 5787 5676 5672
f 5782 5784 5786
f 5785 5675 5677
f 5788 5785 5677
f 5677 5789 5788
f 5678 5789 5677
f 5787 5790 5676
f 5790 5679 5676
f 5789 5678 5791
f 5791 5678 5680
f 5790 5792 5679
f 5792 5682 5679
f 5795 5794 5793
f 5794 5683 5793
f 5794 5791 5683
f 5791 5680 5683
f 5684 5797 5796
f 5684 5682 5797
f 5682 5792 5797
f 5684 5796 5685
f 5793 5686 5687
f 5793 5687 5795
f 5795 5687 5798
f 5793 5683 5686
f 5800 5796 5797
f 5799 5796 5800
f 5685 5796 5799
f 5685 5799 5801
f 5685 5801 5688
f 5802 5801 5799
f 5801 5687 5688
f 5798 5687 5801
f 5800 5803 5799
f 5799 5803 5802
f 5806 5804 5805
f 5805 5804 5807
f 5809 5804 5806
f 5808 5804 5809
f 5807 5808 5810
f 5804 5808 5807
f 5812 5808 5809
f 5811 5808 5812
f 5810 5811 5813
f 5808 5811 5810
f 5816 5814 5815
f 5815 5811 5812
f 5815 5814 5811
f 5814 5817 5811
f 5813 5817 5818
f 5811 5817 5813
f 5820 5814 5816
f 5819 5814 5820
f 5814 5819 5817
f 5817 5819 5821
f 5818 5821 5822
f 5817 5821 5818
f 5819 5691 5690
f 5819 5820 5691
f 5820 5823 5691
f 5821 5819 5690
f 5693 5821 5690
f 5693 5822 5821
f 5693 5694 5822
f 5694 5824 5822
f 5823 5825 5691
f 5825 5695 5691
f 5824 5694 5697
f 5826 5824 5697
f 5697 5827 5826
f 5698 5827 5697
f 5699 5828 5700
f 5828 5699 5695
f 5828 5695 5829
f 5829 5695 5825
f 5701 5830 5831
f 5701 5831 5698
f 5698 5831 5827
f 5701 5702 5830
f 5832 5700 5828
f 5704 5700 5832
f 5829 5833 5832
f 5828 5829 5832
f 5831 5830 5834
f 5830 5835 5834
f 5830 5702 5835
f 5702 5705 5835
f 5706 5836 5707
f 5836 5837 5838
f 5706 5837 5836
f 5706 5832 5837
f 5706 5704 5832
f 5832 5833 5837
f 5839 5840 5835
f 5839 5835 5708
f 5708 5835 5705
f 5840 5839 5841
f 5842 5707 5836
f 5709 5707 5842
f 5838 5843 5842
f 5836 5838 5842
f 5844 5839 5708
f 5844 5708 5845
f 5845 5708 5710
f 5839 5844 5841
f 5846 5709 5842
f 5712 5709 5846
f 5843 5847 5846
f 5842 5843 5846
f 5845 5710 5848
f 5848 5710 5714
f 5849 5712 5846
f 5716 5712 5849
f 5847 5850 5849
f 5846 5847 5849
f 5848 5714 5851
f 5851 5714 5718
f 5852 5716 5849
f 5719 5716 5852
f 5850 5853 5852
f 5849 5850 5852
f 5720 5721 5854
f 5854 5718 5720
f 5854 5855 5718
f 5855 5851 5718
f 5856 5719 5852
f 5722 5719 5856
f 5853 5857 5856
f 5852 5853 5856
f 5854 5721 5725
f 5725 5726 5858
f 5854 5725 5858
f 5854 5858 5859
f 5854 5859 5855
f 5859 5858 5860
f 5856 5727 5722
f 5857 5727 5856
f 5857 5861 5727
f 5861 5728 5727
f 5861 5862 5728
f 5728 5862 5729
f 5864 5863 5730
f 5864 5730 5862
f 5862 5730 5729
f 5731 5730 5863
f 5865 5731 5863
f 5732 5731 5865
f 5866 5732 5865
f 5726 5732 5866
f 5726 5866 5858
f 5858 5866 5867
f 5860 5867 5868
f 5858 5867 5860
f 5864 5869 5863
f 5863 5870 5865
f 5869 5870 5863
f 5872 5865 5870
f 5872 5871 5865
f 5871 5866 5865
f 5866 5871 5867
f 5867 5871 5873
f 5868 5873 5874
f 5867 5873 5868
f 5876 5871 5872
f 5875 5871 5876
f 5877 5875 5878
f 5877 5873 5875
f 5873 5871 5875
f 5873 5877 5874
f 5876 5879 5875
f 5875 5879 5878
f 5882 5880 5881
f 5881 5883 5884
f 5880 5883 5881
f 5884 5883 5885
f 5888 5886 5887
f 5887 5880 5882
f 5887 5886 5880
f 5886 5889 5880
f 5880 5889 5883
f 5883 5889 5890
f 5885 5890 5891
f 5883 5890 5885
f 5886 5735 5734
f 5886 5888 5735
f 5888 5892 5735
f 5889 5886 5734
f 5737 5889 5734
f 5890 5889 5737
f 5739 5890 5737
f 5739 5891 5890
f 5739 5740 5891
f 5740 5893 5891
f 5892 5894 5735
f 5894 5741 5735
f 5895 5896 5893
f 5895 5893 5743
f 5743 5893 5740
f 5896 5895 5897
f 5894 5898 5741
f 5898 5744 5741
f 5899 5895 5743
f 5746 5899 5743
f 5897 5899 5900
f 5895 5899 5897
f 5898 5747 5744
f 5901 5747 5898
f 5747 5901 5902
f 5749 5747 5902
f 5750 5751 5903
f 5903 5905 5904
f 5750 5903 5904
f 5750 5904 5899
f 5750 5899 5746
f 5899 5904 5900
f 5752 5907 5906
f 5752 5749 5907
f 5749 5902 5907
f 5751 5752 5906
f 5751 5906 5903
f 5903 5906 5908
f 5905 5908 5909
f 5903 5908 5905
f 5907 5910 5906
f 5912 5906 5910
f 5912 5911 5906
f 5911 5908 5906
f 5909 5913 5914
f 5909 5908 5913
f 5908 5911 5913
f 5914 5913 5915
f 5911 5755 5754
f 5911 5912 5755
f 5912 5916 5755
f 5913 5911 5754
f 5757 5913 5754
f 5757 5915 5913
f 5757 5758 5915
f 5758 5917 5915
f 5761 5918 5919
f 5760 5918 5761
f 5918 5760 5755
f 5916 5918 5755
f 5917 5758 5920
f 5920 5758 5762
f 5919 5921 5761
f 5921 5764 5761
f 5920 5762 5922
f 5922 5762 5765
f 5925 5923 5924
f 5924 5923 5767
f 5924 5767 5921
f 5921 5767 5764
f 5922 5765 5926
f 5926 5765 5768
f 5928 5923 5925
f 5927 5923 5928
f 5923 5927 5770
f 5767 5923 5770
f 5926 5768 5929
f 5929 5768 5772
f 5928 5930 5927
f 5927 5773 5770
f 5927 5930 5773
f 5930 5931 5773
f 5933 5932 5774
f 5933 5774 5931
f 5931 5774 5773
f 5932 5935 5934
f 5932 5934 5774
f 5774 5934 5775
f 5934 5772 5775
f 5929 5772 5934
f 5933 5936 5932
f 5932 5936 5935
f 5778 5937 5938
f 5777 5937 5778
f 5937 5777 5939
f 5777 5779 5939
f 5939 5779 5940
f 5779 5780 5940
f 5780 5941 5940
f 5781 5941 5780
f 5783 5942 5784
f 5783 5785 5942
f 5787 5943 5944
f 5786 5943 5787
f 5784 5942 5945
f 5784 5945 5786
f 5786 5945 5943
f 5947 5788 5946
f 5945 5788 5947
f 5945 5785 5788
f 5945 5942 5785
f 5788 5789 5946
f 5944 5948 5787
f 5948 5790 5787
f 5950 5947 5946
f 5949 5950 5946
f 5946 5791 5949
f 5789 5791 5946
f 5948 5951 5790
f 5951 5792 5790
f 5949 5794 5795
f 5949 5795 5950
f 5950 5795 5952
f 5949 5791 5794
f 5951 5953 5792
f 5953 5797 5792
f 5952 5795 5954
f 5954 5795 5798
f 5953 5955 5797
f 5955 5800 5797
f 5801 5802 5956
f 5956 5798 5801
f 5956 5957 5798
f 5957 5954 5798
f 5960 5958 5959
f 5959 5958 5961
f 5959 5961 5800
f 5959 5800 5955
f 5800 5961 5803
f 5802 5803 5961
f 5802 5961 5956
f 5956 5961 5962
f 5957 5962 5963
f 5956 5962 5957
f 5965 5958 5960
f 5964 5958 5965
f 5958 5964 5961
f 5961 5964 5966
f 5967 5966 5968
f 5967 5962 5966
f 5962 5961 5966
f 5962 5967 5963
f 5965 5969 5964
f 5971 5964 5969
f 5971 5970 5964
f 5970 5966 5964
f 5968 5970 5972
f 5966 5970 5968
f 5971 5973 5970
f 5970 5973 5972
f 5976 5974 5975
f 5975 5977 5978
f 5974 5977 5975
f 5978 5979 5980
f 5977 5979 5978
f 5980 5979 5981
f 5984 5982 5983
f 5983 5974 5976
f 5983 5982 5974
f 5982 5985 5974
f 5974 5985 5977
f 5977 5985 5986
f 5977 5986 5979
f 5979 5986 5987
f 5981 5988 5989
f 5981 5979 5988
f 5979 5987 5988
f 5989 5988 5990
f 5992 5982 5984
f 5991 5982 5992
f 5806 5805 5985
f 5806 5985 5991
f 5991 5985 5982
f 5805 5807 5993
f 5805 5993 5985
f 5985 5993 5986
f 5986 5993 5987
f 5987 5993 5994
f 5987 5994 5988
f 5988 5994 5995
f 5990 5995 5996
f 5988 5995 5990
f 5999 5997 5998
f 5998 6000 6001
f 5997 6000 5998
f 6001 6000 6002
f 6004 5991 5992
f 6003 5991 6004
f 5991 6003 5809
f 5806 5991 5809
f 6005 5993 5807
f 5810 6005 5807
f 5993 6005 5994
f 5994 6005 6006
f 6007 6006 6008
f 6007 5995 6006
f 5995 5994 6006
f 5995 6007 5996
f 6010 5997 5999
f 6009 5997 6010
f 5997 6009 6000
f 6000 6009 6011
f 6002 6012 6013
f 6002 6000 6012
f 6000 6011 6012
f 6013 6012 6014
f 6004 6015 6003
f 6003 6015 6016
f 6003 6016 5809
f 5809 6016 5812
f 6017 6005 5810
f 5813 6017 5810
f 6005 6017 6006
f 6006 6017 6018
f 6008 6018 6019
f 6006 6018 6008
f 6010 6020 6009
f 6022 6009 6020
f 6022 6021 6009
f 6021 6011 6009
f 6011 6021 6012
f 6012 6021 6023
f 6014 6023 6024
f 6012 6023 6014
f 5815 6025 5816
f 6025 5815 5812
f 6025 5812 6026
f 6026 5812 6016
f 6027 6017 5813
f 5818 6027 5813
f 6028 6027 6029
f 6028 6018 6027
f 6018 6017 6027
f 6018 6028 6019
f 6022 6030 6021
f 6021 6031 6023
f 6030 6031 6021
f 6023 6031 6024
f 6032 5816 6025
f 5820 5816 6032
f 6026 6034 6033
f 6026 6033 6025
f 6025 6033 6032
f 6033 6034 6035
f 6033 6035 5818
f 6033 5818 5822
f 6027 5818 6035
f 6027 6035 6029
f 6036 5820 6032
f 5823 5820 6036
f 6032 6033 6036
f 6033 6037 6036
f 6033 5824 6037
f 5822 5824 6033
f 6038 5823 6036
f 5825 5823 6038
f 6036 6037 6038
f 6037 6039 6038
f 5826 6037 5824
f 5826 6040 6037
f 6040 6039 6037
f 5826 5827 6040
f 6041 5825 6038
f 5829 5825 6041
f 6042 6043 6041
f 6042 6041 6039
f 6039 6041 6038
f 6039 6040 6044
f 6042 6039 6044
f 6040 5827 5831
f 6040 5831 6046
f 6040 6046 6044
f 6046 5831 6045
f 6046 6045 6047
f 6048 5829 6041
f 5833 5829 6048
f 6043 6049 6048
f 6041 6043 6048
f 6045 5831 5834
f 5834 6047 6045
f 5834 5835 6047
f 5835 6050 6047
f 5837 6051 5838
f 5833 6051 5837
f 5833 6048 6051
f 6048 6052 6051
f 6049 6053 6052
f 6048 6049 6052
f 6050 5835 5840
f 6054 6050 5840
f 5840 6055 6054
f 5841 6055 5840
f 6056 5838 6051
f 5843 5838 6056
f 6057 6058 6056
f 6057 6056 6052
f 6052 6056 6051
f 6052 6053 6057
f 5844 5845 6059
f 6059 5841 5844
f 6059 6060 5841
f 6060 6055 5841
f 6061 5843 6056
f 5847 5843 6061
f 6058 6062 6061
f 6056 6058 6061
f 6063 6059 5845
f 5848 6063 5845
f 6060 6063 6064
f 6059 6063 6060
f 6065 5847 6061
f 5850 5847 6065
f 6062 6066 6065
f 6061 6062 6065
f 6067 6063 5848
f 5851 6067 5848
f 6064 6067 6068
f 6063 6067 6064
f 6069 5850 6065
f 5853 5850 6069
f 6066 6070 6069
f 6065 6066 6069
f 6071 6067 5851
f 5855 6071 5851
f 6068 6071 6072
f 6067 6071 6068
f 6073 5853 6069
f 5857 5853 6073
f 6070 6075 6074
f 6070 6074 6069
f 6069 6074 6073
f 6075 6076 6074
f 6071 5855 5859
f 5859 6072 6071
f 5859 5860 6072
f 5860 6077 6072
f 6073 5861 5857
f 6074 5861 6073
f 5862 5861 6074
f 5862 6074 6076
f 5862 6076 5864
f 5864 6076 6078
f 6077 5860 6079
f 6079 5860 5868
f 6078 5869 5864
f 6080 5869 6078
f 6082 6081 5870
f 6082 5870 6080
f 6080 5870 5869
f 5870 6081 5872
f 6079 5868 6083
f 6083 5868 5874
f 6082 6084 6081
f 6081 6084 6085
f 6081 6085 5872
f 5872 6085 5876
f 5878 6087 6086
f 5877 5878 6086
f 6086 5874 5877
f 6083 5874 6086
f 6085 5879 5876
f 6088 5879 6085
f 6088 5878 5879
f 6087 5878 6088
f 6091 6089 6090
f 6090 6092 6093
f 6089 6092 6090
f 6093 6094 6095
f 6092 6094 6093
f 6095 6094 6096
f 6098 6089 6091
f 6097 6089 6098
f 5882 5881 6092
f 5882 6092 6097
f 6097 6092 6089
f 6094 6092 5881
f 5884 6094 5881
f 5884 6096 6094
f 5884 5885 6096
f 5885 6099 6096
f 6097 5888 5887
f 6097 6098 5888
f 6098 6100 5888
f 6097 5887 5882
f 6101 6102 6099
f 6101 6099 5891
f 5891 6099 5885
f 6102 6101 6103
f 6100 6104 5888
f 6104 5892 5888
f 6105 6101 5891
f 5893 6105 5891
f 6103 6105 6106
f 6101 6105 6103
f 6104 6107 5892
f 6107 5894 5892
f 6105 5893 5896
f 5896 6106 6105
f 5896 5897 6106
f 5897 6108 6106
f 6107 6109 5894
f 6109 5898 5894
f 6108 5897 6110
f 6110 5897 5900
f 6109 5901 5898
f 6111 5901 6109
f 5901 6111 6112
f 5902 5901 6112
f 5904 5905 6113
f 6113 5900 5904
f 6113 6114 5900
f 6114 6110 5900
f 6112 6115 5902
f 6115 5907 5902
f 6116 6113 5905
f 5909 6116 5905
f 6114 6116 6117
f 6113 6116 6114
f 6115 5910 5907
f 6118 5910 6115
f 5910 6118 6119
f 5912 5910 6119
f 6116 5909 5914
f 5914 6117 6116
f 5914 5915 6117
f 5915 6120 6117
f 6123 6121 6122
f 6122 6121 5916
f 6122 5916 6119
f 6119 5916 5912
f 6120 5915 6124
f 6124 5915 5917
f 6121 5919 5918
f 6121 6123 5919
f 6123 6125 5919
f 6121 5918 5916
f 6124 5917 6126
f 6126 5917 5920
f 6125 6127 5919
f 6127 5921 5919
f 6126 5920 6128
f 6128 5920 5922
f 5925 6129 6130
f 5924 6129 5925
f 6129 5924 5921
f 6127 6129 5921
f 6128 5922 6131
f 6131 5922 5926
f 6130 6132 5925
f 6132 5928 5925
f 6135 6134 6133
f 6134 5929 6133
f 6134 6131 5929
f 6131 5926 5929
f 5930 6137 6136
f 5930 5928 6137
f 5928 6132 6137
f 5931 5930 6136
f 6138 5931 6136
f 6139 5933 5931
f 6139 5931 6140
f 6138 6141 5931
f 6141 6140 5931
f 6133 5934 5935
f 6135 6133 5935
f 6135 5935 6139
f 6135 6139 6140
f 6133 5929 5934
f 6137 6142 6136
f 6136 6143 6138
f 6142 6143 6136
f 6138 6143 6141
f 5933 6139 5936
f 6139 5935 5936
f 5938 6144 6145
f 5937 6144 5938
f 6144 5937 6146
f 5937 5939 6146
f 6146 5939 6147
f 5939 5940 6147
f 5940 6148 6147
f 5941 6148 5940
f 5943 6149 5944
f 5945 6149 5943
f 6150 6149 5945
f 5945 5947 6150
f 6151 5944 6149
f 6151 6152 5944
f 6152 5948 5944
f 6149 6150 6153
f 6151 6149 6153
f 6150 6154 6153
f 6150 5947 6154
f 5947 5950 6154
f 6152 6155 5948
f 6155 5951 5948
f 6154 5950 6156
f 6156 5950 5952
f 6155 6157 5951
f 6157 5953 5951
f 6156 5952 6158
f 6158 5952 5954
f 6161 6159 6160
f 6160 6159 5955
f 6160 5955 6157
f 6157 5955 5953
f 6158 5954 6162
f 6162 5954 5957
f 6159 5960 5959
f 6159 6161 5960
f 6161 6163 5960
f 6159 5959 5955
f 6162 5957 6164
f 6164 5957 5963
f 6163 6165 5960
f 6165 5965 5960
f 5967 5968 6166
f 6166 5963 5967
f 6166 6167 5963
f 6167 6164 5963
f 5969 6169 6168
f 5969 5965 6169
f 5965 6165 6169
f 5969 6168 5971
f 6170 6166 5968
f 6170 5968 6171
f 6171 5968 5972
f 6166 6170 6167
f 6169 6172 6168
f 6168 5973 5971
f 6168 6172 5973
f 6172 6173 5973
f 6173 5972 5973
f 6171 5972 6173
f 6176 6174 6175
f 6175 6177 6178
f 6174 6177 6175
f 6178 6179 6180
f 6177 6179 6178
f 6180 6179 6181
f 5976 6182 6183
f 5975 6182 5976
f 6174 6176 6182
f 6174 6182 5978
f 5978 6182 5975
f 6177 6174 5978
f 5980 6177 5978
f 5980 5981 6184
f 5980 6184 6177
f 6177 6184 6179
f 6181 6184 6185
f 6179 6184 6181
f 5983 6186 5984
f 6186 5983 5976
f 6186 5976 6187
f 6187 5976 6183
f 6184 5981 5989
f 5989 6185 6184
f 5989 5990 6185
f 5990 6188 6185
f 6189 5984 6186
f 5992 5984 6189
f 6187 6190 6189
f 6186 6187 6189
f 6191 6192 6188
f 6191 6188 5996
f 5996 6188 5990
f 6192 6191 6193
f 5999 6194 6195
f 5998 6194 5999
f 6194 5998 6196
f 5998 6001 6196
f 6197 6001 6002
f 6197 6198 6001
f 6198 6196 6001
f 6198 6197 6199
f 6200 5992 6189
f 6004 5992 6200
f 6190 6201 6200
f 6189 6190 6200
f 6007 6008 6202
f 6202 6204 6203
f 6007 6202 6203
f 6007 6203 6191
f 6007 6191 5996
f 6191 6203 6193
f 6195 6205 5999
f 6205 6010 5999
f 6197 6002 6013
f 6013 6014 6206
f 6197 6013 6206
f 6197 6206 6207
f 6197 6207 6199
f 6207 6206 6208
f 6200 6015 6004
f 6015 6200 6201
f 6015 6201 6016
f 6016 6201 6209
f 6210 6202 6008
f 6019 6210 6008
f 6204 6210 6211
f 6202 6210 6204
f 6020 6213 6212
f 6020 6010 6213
f 6010 6205 6213
f 6020 6212 6022
f 6214 6206 6014
f 6024 6214 6014
f 6208 6214 6215
f 6206 6214 6208
f 6216 6209 6217
f 6216 6026 6209
f 6026 6016 6209
f 6217 6218 6216
f 6029 6220 6219
f 6028 6029 6219
f 6019 6221 6210
f 6019 6028 6221
f 6028 6219 6221
f 6210 6221 6211
f 6223 6212 6213
f 6222 6212 6223
f 6030 6022 6212
f 6030 6212 6224
f 6224 6212 6222
f 6031 6030 6224
f 6225 6031 6224
f 6225 6227 6226
f 6031 6225 6226
f 6031 6226 6214
f 6031 6214 6024
f 6214 6226 6215
f 6216 6034 6026
f 6218 6034 6216
f 6218 6228 6034
f 6228 6035 6034
f 6228 6029 6035
f 6220 6029 6228
f 6223 6229 6222
f 6222 6230 6224
f 6229 6230 6222
f 6224 6231 6225
f 6230 6231 6224
f 6225 6231 6227
f 6042 6232 6043
f 6232 6233 6234
f 6232 6042 6233
f 6042 6044 6233
f 6233 6044 6235
f 6044 6046 6235
f 6046 6236 6235
f 6047 6236 6046
f 6237 6043 6232
f 6237 6238 6043
f 6238 6049 6043
f 6232 6234 6237
f 6239 6240 6236
f 6239 6236 6050
f 6050 6236 6047
f 6240 6239 6241
f 6238 6242 6049
f 6242 6053 6049
f 6239 6050 6054
f 6054 6241 6239
f 6054 6055 6241
f 6055 6243 6241
f 6057 6244 6058
f 6244 6057 6053
f 6244 6053 6245
f 6245 6053 6242
f 6243 6055 6246
f 6246 6055 6060
f 6247 6058 6244
f 6062 6058 6247
f 6245 6248 6247
f 6244 6245 6247
f 6246 6060 6249
f 6249 6060 6064
f 6250 6062 6247
f 6066 6062 6250
f 6248 6251 6250
f 6247 6248 6250
f 6249 6064 6252
f 6252 6064 6068
f 6253 6066 6250
f 6070 6066 6253
f 6251 6254 6253
f 6250 6251 6253
f 6252 6068 6255
f 6255 6068 6072
f 6253 6075 6070
f 6075 6253 6254
f 6075 6254 6076
f 6076 6254 6256
f 6255 6072 6257
f 6257 6072 6077
f 6256 6258 6076
f 6258 6078 6076
f 6257 6077 6259
f 6259 6077 6079
f 6258 6080 6078
f 6260 6080 6258
f 6080 6260 6261
f 6082 6080 6261
f 6264 6263 6262
f 6263 6083 6262
f 6263 6259 6083
f 6259 6079 6083
f 6261 6084 6082
f 6265 6084 6261
f 6266 6085 6084
f 6266 6084 6267
f 6267 6084 6265
f 6262 6086 6087
f 6264 6262 6087
f 6264 6087 6266
f 6264 6266 6267
f 6262 6083 6086
f 6266 6088 6085
f 6266 6087 6088
f 6270 6268 6269
f 6269 6268 6271
f 6091 6272 6273
f 6090 6272 6091
f 6272 6090 6274
f 6090 6093 6274
f 6268 6270 6274
f 6268 6274 6095
f 6095 6274 6093
f 6095 6096 6275
f 6268 6095 6275
f 6268 6275 6276
f 6268 6276 6271
f 6276 6275 6277
f 6273 6278 6091
f 6278 6098 6091
f 6279 6275 6096
f 6099 6279 6096
f 6277 6279 6280
f 6275 6279 6277
f 6278 6281 6098
f 6281 6100 6098
f 6279 6099 6102
f 6102 6280 6279
f 6102 6103 6280
f 6103 6282 6280
f 6281 6283 6100
f 6283 6104 6100
f 6282 6103 6284
f 6284 6103 6106
f 6283 6285 6104
f 6285 6107 6104
f 6284 6106 6286
f 6286 6106 6108
f 6287 6285 6288
f 6287 6109 6285
f 6109 6107 6285
f 6288 6289 6287
f 6286 6108 6290
f 6290 6108 6110
f 6287 6111 6109
f 6111 6287 6289
f 6111 6289 6112
f 6112 6289 6291
f 6290 6110 6292
f 6292 6110 6114
f 6291 6293 6112
f 6293 6115 6112
f 6292 6114 6294
f 6294 6114 6117
f 6293 6118 6115
f 6295 6118 6293
f 6118 6295 6296
f 6119 6118 6296
f 6294 6117 6297
f 6297 6117 6120
f 6123 6298 6299
f 6122 6298 6123
f 6298 6122 6119
f 6296 6298 6119
f 6297 6120 6300
f 6300 6120 6124
f 6299 6301 6123
f 6301 6125 6123
f 6300 6124 6302
f 6302 6124 6126
f 6301 6303 6125
f 6303 6127 6125
f 6306 6305 6304
f 6305 6128 6304
f 6305 6302 6128
f 6302 6126 6128
f 6130 6307 6308
f 6129 6307 6130
f 6307 6129 6127
f 6303 6307 6127
f 6310 6306 6304
f 6309 6310 6304
f 6304 6131 6309
f 6128 6131 6304
f 6308 6311 6130
f 6311 6132 6130
f 6309 6134 6135
f 6309 6135 6310
f 6310 6135 6312
f 6309 6131 6134
f 6311 6313 6132
f 6313 6137 6132
f 6141 6315 6314
f 6140 6141 6314
f 6314 6135 6140
f 6312 6135 6314
f 6313 6142 6137
f 6316 6142 6313
f 6316 6317 6142
f 6142 6317 6143
f 6317 6141 6143
f 6315 6141 6317
f 6144 6318 6145
f 6318 6319 6320
f 6318 6144 6319
f 6144 6146 6319
f 6322 6147 6321
f 6322 6319 6147
f 6319 6146 6147
f 6147 6148 6321
f 6151 6323 6152
f 6153 6323 6151
f 6324 6323 6153
f 6153 6154 6324
f 6325 6152 6323
f 6325 6326 6152
f 6326 6155 6152
f 6328 6325 6323
f 6328 6323 6327
f 6327 6323 6324
f 6324 6156 6327
f 6154 6156 6324
f 6326 6329 6155
f 6329 6157 6155
f 6328 6327 6330
f 6327 6331 6330
f 6327 6156 6331
f 6156 6158 6331
f 6161 6332 6333
f 6160 6332 6161
f 6332 6160 6157
f 6329 6332 6157
f 6331 6158 6334
f 6334 6158 6162
f 6333 6335 6161
f 6335 6163 6161
f 6338 6337 6336
f 6337 6164 6336
f 6337 6334 6164
f 6334 6162 6164
f 6335 6339 6163
f 6339 6165 6163
f 6341 6338 6336
f 6340 6341 6336
f 6336 6167 6340
f 6164 6167 6336
f 6339 6342 6165
f 6342 6169 6165
f 6340 6170 6171
f 6340 6171 6341
f 6341 6171 6343
f 6340 6167 6170
f 6342 6172 6169
f 6344 6172 6342
f 6344 6345 6172
f 6172 6345 6173
f 6345 6171 6173
f 6343 6171 6345
f 6175 6346 6176
f 6346 6347 6348
f 6346 6175 6347
f 6175 6178 6347
f 6347 6178 6349
f 6178 6180 6349
f 6180 6350 6349
f 6181 6350 6180
f 6183 6351 6352
f 6182 6351 6183
f 6176 6346 6353
f 6176 6353 6182
f 6182 6353 6351
f 6346 6348 6353
f 6350 6181 6354
f 6354 6181 6185
f 6352 6355 6183
f 6355 6187 6183
f 6356 6357 6354
f 6356 6354 6188
f 6188 6354 6185
f 6357 6356 6358
f 6355 6359 6187
f 6359 6190 6187
f 6356 6188 6192
f 6192 6358 6356
f 6192 6193 6358
f 6193 6360 6358
f 6194 6361 6195
f 6196 6361 6194
f 6362 6361 6196
f 6198 6362 6196
f 6363 6362 6198
f 6198 6199 6363
f 6359 6364 6190
f 6364 6201 6190
f 6203 6204 6365
f 6365 6193 6203
f 6365 6366 6193
f 6366 6360 6193
f 6367 6195 6361
f 6205 6195 6367
f 6368 6369 6367
f 6368 6367 6362
f 6362 6367 6361
f 6362 6363 6370
f 6368 6362 6370
f 6372 6207 6371
f 6370 6207 6372
f 6370 6199 6207
f 6370 6363 6199
f 6207 6208 6371
f 6373 6364 6374
f 6373 6209 6364
f 6209 6201 6364
f 6374 6375 6373
f 6376 6365 6204
f 6376 6204 6377
f 6377 6204 6211
f 6365 6376 6366
f 6378 6205 6367
f 6378 6379 6205
f 6379 6213 6205
f 6367 6369 6378
f 6381 6372 6371
f 6380 6381 6371
f 6371 6215 6380
f 6208 6215 6371
f 6373 6217 6209
f 6217 6382 6218
f 6373 6382 6217
f 6373 6383 6382
f 6373 6375 6383
f 6220 6382 6383
f 6220 6383 6219
f 6219 6383 6384
f 6384 6385 6219
f 6219 6385 6221
f 6385 6211 6221
f 6377 6211 6385
f 6386 6379 6387
f 6386 6223 6379
f 6223 6213 6379
f 6387 6388 6386
f 6380 6226 6227
f 6380 6227 6381
f 6381 6227 6389
f 6380 6215 6226
f 6382 6228 6218
f 6382 6220 6228
f 6386 6229 6223
f 6388 6229 6386
f 6388 6390 6229
f 6390 6230 6229
f 6390 6391 6230
f 6230 6391 6231
f 6391 6227 6231
f 6389 6227 6391
f 6233 6392 6234
f 6235 6392 6233
f 6393 6392 6235
f 6235 6236 6393
f 6237 6394 6238
f 6394 6395 6396
f 6237 6395 6394
f 6237 6392 6395
f 6237 6234 6392
f 6392 6393 6397
f 6395 6392 6397
f 6399 6240 6398
f 6397 6240 6399
f 6397 6236 6240
f 6397 6393 6236
f 6240 6241 6398
f 6400 6238 6394
f 6400 6401 6238
f 6401 6242 6238
f 6394 6396 6400
f 6399 6398 6402
f 6398 6403 6402
f 6398 6241 6403
f 6241 6243 6403
f 6401 6404 6242
f 6404 6245 6242
f 6403 6243 6405
f 6405 6243 6246
f 6404 6406 6245
f 6406 6248 6245
f 6405 6246 6407
f 6407 6246 6249
f 6406 6408 6248
f 6408 6251 6248
f 6407 6249 6409
f 6409 6249 6252
f 6408 6410 6251
f 6410 6254 6251
f 6409 6252 6411
f 6411 6252 6255
f 6410 6412 6254
f 6412 6256 6254
f 6411 6255 6413
f 6413 6255 6257
f 6412 6414 6256
f 6414 6258 6256
f 6417 6416 6415
f 6416 6259 6415
f 6416 6413 6259
f 6413 6257 6259
f 6414 6260 6258
f 6418 6260 6414
f 6260 6418 6419
f 6261 6260 6419
f 6422 6421 6420
f 6415 6263 6264
f 6417 6415 6264
f 6417 6264 6420
f 6417 6420 6421
f 6415 6259 6263
f 6419 6265 6261
f 6423 6265 6419
f 6420 6423 6422
f 6420 6267 6423
f 6267 6265 6423
f 6420 6264 6267
f 6426 6424 6425
f 6425 6424 6427
f 6270 6428 6429
f 6269 6428 6270
f 6430 6269 6271
f 6430 6431 6269
f 6431 6428 6269
f 6431 6432 6433
f 6430 6432 6431
f 6433 6424 6426
f 6433 6432 6424
f 6432 6434 6424
f 6427 6434 6435
f 6424 6434 6427
f 6273 6436 6437
f 6272 6436 6273
f 6436 6272 6438
f 6272 6274 6438
f 6438 6274 6270
f 6429 6438 6270
f 6430 6271 6276
f 6276 6277 6439
f 6276 6439 6430
f 6430 6439 6432
f 6440 6439 6441
f 6440 6434 6439
f 6434 6432 6439
f 6434 6440 6435
f 6437 6442 6273
f 6442 6278 6273
f 6443 6439 6277
f 6443 6277 6444
f 6444 6277 6280
f 6439 6443 6441
f 6442 6445 6278
f 6445 6281 6278
f 6444 6280 6446
f 6446 6280 6282
f 6445 6447 6281
f 6447 6283 6281
f 6446 6282 6448
f 6448 6282 6284
f 6449 6447 6450
f 6449 6285 6447
f 6285 6283 6447
f 6450 6451 6449
f 6448 6284 6452
f 6452 6284 6286
f 6449 6288 6285
f 6288 6449 6451
f 6288 6451 6289
f 6289 6451 6453
f 6452 6286 6454
f 6454 6286 6290
f 6453 6455 6289
f 6455 6291 6289
f 6458 6457 6456
f 6457 6292 6456
f 6457 6454 6292
f 6454 6290 6292
f 6459 6455 6460
f 6459 6293 6455
f 6293 6291 6455
f 6460 6461 6459
f 6463 6458 6456
f 6462 6463 6456
f 6456 6294 6462
f 6292 6294 6456
f 6459 6295 6293
f 6295 6459 6461
f 6295 6461 6296
f 6296 6461 6464
f 6466 6463 6462
f 6465 6466 6462
f 6462 6297 6465
f 6294 6297 6462
f 6298 6467 6299
f 6467 6298 6296
f 6467 6296 6468
f 6468 6296 6464
f 6470 6466 6465
f 6469 6470 6465
f 6465 6300 6469
f 6297 6300 6465
f 6471 6299 6467
f 6471 6472 6299
f 6472 6301 6299
f 6467 6468 6471
f 6474 6470 6469
f 6473 6474 6469
f 6469 6302 6473
f 6300 6302 6469
f 6472 6475 6301
f 6475 6303 6301
f 6478 6477 6476
f 6473 6305 6306
f 6474 6473 6306
f 6474 6306 6476
f 6474 6476 6477
f 6473 6302 6305
f 6308 6479 6480
f 6307 6479 6308
f 6479 6307 6303
f 6475 6479 6303
f 6482 6478 6476
f 6481 6482 6476
f 6476 6310 6481
f 6306 6310 6476
f 6480 6483 6308
f 6483 6311 6308
f 6485 6482 6481
f 6484 6485 6481
f 6481 6312 6484
f 6310 6312 6481
f 6483 6486 6311
f 6486 6313 6311
f 6484 6314 6315
f 6484 6315 6485
f 6485 6315 6487
f 6484 6312 6314
f 6486 6316 6313
f 6488 6316 6486
f 6488 6489 6316
f 6316 6489 6317
f 6489 6315 6317
f 6487 6315 6489
f 6319 6490 6320
f 6319 6322 6490
f 6325 6491 6326
f 6325 6328 6491
f 6492 6326 6491
f 6329 6326 6492
f 6330 6491 6328
f 6330 6493 6491
f 6493 6492 6491
f 6330 6331 6493
f 6332 6494 6333
f 6329 6494 6332
f 6329 6492 6494
f 6492 6495 6494
f 6492 6493 6495
f 6493 6496 6495
f 6493 6334 6496
f 6331 6334 6493
f 6497 6333 6494
f 6335 6333 6497
f 6494 6495 6497
f 6495 6498 6497
f 6338 6496 6337
f 6338 6498 6496
f 6498 6495 6496
f 6496 6334 6337
f 6499 6335 6497
f 6339 6335 6499
f 6497 6498 6499
f 6498 6500 6499
f 6498 6341 6500
f 6338 6341 6498
f 6501 6339 6499
f 6342 6339 6501
f 6499 6500 6501
f 6500 6502 6501
f 6500 6343 6502
f 6341 6343 6500
f 6501 6344 6342
f 6502 6344 6501
f 6345 6344 6502
f 6502 6343 6345
f 6348 6503 6504
f 6347 6503 6348
f 6506 6349 6505
f 6506 6503 6349
f 6503 6347 6349
f 6349 6350 6505
f 6351 6507 6352
f 6507 6508 6509
f 6507 6351 6508
f 6351 6353 6508
f 6508 6353 6348
f 6504 6508 6348
f 6506 6505 6510
f 6505 6511 6510
f 6505 6350 6511
f 6350 6354 6511
f 6512 6352 6507
f 6512 6513 6352
f 6513 6355 6352
f 6507 6509 6512
f 6357 6514 6515
f 6357 6515 6354
f 6354 6515 6511
f 6357 6358 6514
f 6513 6516 6355
f 6516 6359 6355
f 6515 6514 6517
f 6514 6518 6517
f 6514 6358 6518
f 6358 6360 6518
f 6519 6516 6520
f 6519 6364 6516
f 6364 6359 6516
f 6520 6521 6519
f 6518 6360 6522
f 6522 6360 6366
f 6368 6523 6369
f 6370 6523 6368
f 6524 6523 6370
f 6370 6372 6524
f 6519 6374 6364
f 6374 6519 6521
f 6374 6521 6375
f 6375 6521 6525
f 6377 6527 6526
f 6376 6377 6526
f 6526 6366 6376
f 6522 6366 6526
f 6378 6528 6379
f 6369 6528 6378
f 6369 6523 6528
f 6523 6529 6528
f 6523 6524 6529
f 6524 6530 6529
f 6524 6381 6530
f 6372 6381 6524
f 6525 6383 6375
f 6531 6383 6525
f 6531 6532 6383
f 6383 6532 6384
f 6532 6533 6384
f 6384 6533 6385
f 6533 6377 6385
f 6527 6377 6533
f 6528 6387 6379
f 6387 6534 6388
f 6387 6528 6534
f 6528 6529 6534
f 6529 6530 6534
f 6530 6535 6534
f 6530 6389 6535
f 6381 6389 6530
f 6534 6390 6388
f 6535 6390 6534
f 6391 6390 6535
f 6535 6389 6391
f 6395 6536 6396
f 6397 6536 6395
f 6537 6536 6397
f 6397 6399 6537
f 6400 6538 6401
f 6396 6538 6400
f 6396 6536 6538
f 6536 6539 6538
f 6536 6537 6539
f 6537 6540 6539
f 6402 6537 6399
f 6402 6541 6537
f 6541 6540 6537
f 6402 6403 6541
f 6542 6401 6538
f 6542 6543 6401
f 6543 6404 6401
f 6538 6539 6544
f 6542 6538 6544
f 6539 6540 6545
f 6544 6539 6545
f 6547 6545 6540
f 6547 6540 6546
f 6546 6540 6541
f 6541 6405 6546
f 6403 6405 6541
f 6543 6548 6404
f 6548 6406 6404
f 6547 6546 6549
f 6546 6550 6549
f 6546 6405 6550
f 6405 6407 6550
f 6548 6551 6406
f 6551 6408 6406
f 6550 6407 6552
f 6552 6407 6409
f 6551 6553 6408
f 6553 6410 6408
f 6552 6409 6554
f 6554 6409 6411
f 6553 6555 6410
f 6555 6412 6410
f 6554 6411 6556
f 6556 6411 6413
f 6555 6557 6412
f 6557 6414 6412
f 6417 6559 6558
f 6416 6417 6558
f 6558 6413 6416
f 6556 6413 6558
f 6557 6418 6414
f 6560 6418 6557
f 6561 6419 6418
f 6561 6418 6562
f 6562 6418 6560
f 6422 6561 6562
f 6422 6562 6421
f 6421 6562 6563
f 6563 6417 6421
f 6559 6417 6563
f 6561 6423 6419
f 6561 6422 6423
f 6426 6564 6565
f 6425 6564 6426
f 6566 6425 6427
f 6566 6567 6425
f 6567 6564 6425
f 6567 6566 6568
f 6428 6569 6429
f 6569 6570 6571
f 6569 6428 6570
f 6428 6431 6570
f 6570 6431 6572
f 6431 6433 6572
f 6572 6433 6426
f 6565 6572 6426
f 6573 6566 6427
f 6573 6427 6574
f 6574 6427 6435
f 6566 6573 6568
f 6436 6575 6437
f 6575 6576 6577
f 6575 6436 6576
f 6436 6438 6576
f 6429 6569 6578
f 6429 6578 6438
f 6438 6578 6576
f 6569 6571 6578
f 6441 6580 6579
f 6440 6441 6579
f 6579 6435 6440
f 6574 6435 6579
f 6581 6437 6575
f 6581 6582 6437
f 6582 6442 6437
f 6575 6577 6581
f 6444 6584 6583
f 6443 6444 6583
f 6583 6441 6443
f 6580 6441 6583
f 6582 6585 6442
f 6585 6445 6442
f 6584 6444 6586
f 6586 6444 6446
f 6585 6587 6445
f 6587 6447 6445
f 6586 6446 6588
f 6588 6446 6448
f 6450 6590 6589
f 6450 6447 6590
f 6447 6587 6590
f 6450 6589 6451
f 6593 6592 6591
f 6592 6452 6591
f 6592 6588 6452
f 6588 6448 6452
f 6590 6594 6589
f 6589 6594 6595
f 6589 6595 6451
f 6451 6595 6453
f 6597 6593 6591
f 6596 6597 6591
f 6591 6454 6596
f 6452 6454 6591
f 6598 6595 6599
f 6598 6455 6595
f 6455 6453 6595
f 6599 6601 6600
f 6598 6599 6600
f 6596 6457 6458
f 6597 6596 6458
f 6597 6458 6600
f 6597 6600 6601
f 6596 6454 6457
f 6598 6460 6455
f 6460 6602 6461
f 6460 6598 6602
f 6598 6600 6602
f 6600 6463 6602
f 6458 6463 6600
f 6603 6461 6602
f 6464 6461 6603
f 6602 6466 6603
f 6463 6466 6602
f 6604 6464 6603
f 6468 6464 6604
f 6603 6470 6604
f 6466 6470 6603
f 6471 6605 6472
f 6468 6605 6471
f 6468 6604 6605
f 6604 6606 6605
f 6604 6474 6606
f 6470 6474 6604
f 6607 6472 6605
f 6475 6472 6607
f 6478 6606 6477
f 6478 6607 6606
f 6607 6605 6606
f 6606 6474 6477
f 6480 6608 6609
f 6479 6608 6480
f 6475 6607 6610
f 6475 6610 6479
f 6479 6610 6608
f 6607 6611 6610
f 6607 6478 6611
f 6478 6482 6611
f 6609 6612 6480
f 6612 6483 6480
f 6611 6482 6613
f 6613 6482 6485
f 6612 6614 6483
f 6614 6486 6483
f 6613 6485 6615
f 6615 6485 6487
f 6614 6488 6486
f 6616 6488 6614
f 6616 6617 6488
f 6488 6617 6489
f 6617 6487 6489
f 6615 6487 6617
f 6503 6618 6504
f 6503 6506 6618
f 6508 6619 6509
f 6619 6620 6621
f 6508 6620 6619
f 6508 6618 6620
f 6508 6504 6618
f 6623 6510 6622
f 6620 6510 6623
f 6620 6506 6510
f 6620 6618 6506
f 6510 6511 6622
f 6512 6624 6513
f 6624 6625 6626
f 6512 6625 6624
f 6512 6619 6625
f 6512 6509 6619
f 6619 6621 6625
f 6628 6623 6622
f 6627 6628 6622
f 6622 6515 6627
f 6511 6515 6622
f 6629 6513 6624
f 6516 6513 6629
f 6626 6630 6629
f 6624 6626 6629
f 6628 6627 6631
f 6633 6517 6632
f 6631 6517 6633
f 6631 6515 6517
f 6631 6627 6515
f 6517 6518 6632
f 6629 6520 6516
f 6520 6629 6630
f 6520 6630 6521
f 6521 6630 6634
f 6636 6633 6632
f 6635 6636 6632
f 6632 6522 6635
f 6518 6522 6632
f 6637 6634 6638
f 6637 6525 6634
f 6525 6521 6634
f 6638 6639 6637
f 6642 6641 6640
f 6635 6526 6527
f 6636 6635 6527
f 6636 6527 6640
f 6636 6640 6641
f 6635 6522 6526
f 6637 6531 6525
f 6639 6531 6637
f 6639 6643 6531
f 6643 6532 6531
f 6640 6643 6642
f 6640 6533 6643
f 6533 6532 6643
f 6640 6527 6533
f 6542 6644 6543
f 6544 6644 6542
f 6645 6644 6544
f 6545 6645 6544
f 6646 6645 6545
f 6545 6547 6646
f 6647 6543 6644
f 6548 6543 6647
f 6648 6649 6647
f 6648 6647 6645
f 6645 6647 6644
f 6651 6648 6645
f 6651 6645 6650
f 6650 6645 6646
f 6549 6646 6547
f 6549 6652 6646
f 6652 6650 6646
f 6549 6550 6652
f 6653 6548 6647
f 6653 6654 6548
f 6654 6551 6548
f 6647 6649 6653
f 6651 6650 6655
f 6657 6655 6650
f 6657 6650 6656
f 6656 6650 6652
f 6652 6552 6656
f 6550 6552 6652
f 6654 6658 6551
f 6658 6553 6551
f 6660 6657 6656
f 6659 6660 6656
f 6656 6554 6659
f 6552 6554 6656
f 6658 6661 6553
f 6661 6555 6553
f 6663 6660 6659
f 6662 6663 6659
f 6659 6556 6662
f 6554 6556 6659
f 6661 6664 6555
f 6664 6557 6555
f 6662 6558 6559
f 6662 6559 6663
f 6663 6559 6665
f 6662 6556 6558
f 6664 6560 6557
f 6666 6560 6664
f 6666 6667 6560
f 6560 6667 6562
f 6667 6668 6562
f 6562 6668 6563
f 6668 6559 6563
f 6665 6559 6668
f 6564 6669 6565
f 6567 6669 6564
f 6670 6669 6567
f 6567 6568 6670
f 6570 6671 6571
f 6572 6671 6570
f 6672 6671 6572
f 6565 6672 6572
f 6565 6669 6672
f 6669 6673 6672
f 6574 6670 6573
f 6574 6673 6670
f 6673 6669 6670
f 6670 6568 6573
f 6576 6674 6577
f 6578 6674 6576
f 6675 6674 6578
f 6571 6675 6578
f 6571 6671 6675
f 6671 6676 6675
f 6671 6672 6676
f 6672 6677 6676
f 6580 6673 6579
f 6580 6677 6673
f 6677 6672 6673
f 6673 6574 6579
f 6581 6678 6582
f 6678 6679 6680
f 6581 6679 6678
f 6581 6674 6679
f 6581 6577 6674
f 6674 6675 6681
f 6679 6674 6681
f 6683 6681 6675
f 6683 6675 6682
f 6682 6675 6676
f 6584 6677 6583
f 6584 6682 6677
f 6682 6676 6677
f 6677 6580 6583
f 6684 6582 6678
f 6684 6685 6582
f 6685 6585 6582
f 6678 6680 6684
f 6687 6683 6682
f 6686 6687 6682
f 6682 6586 6686
f 6584 6586 6682
f 6685 6688 6585
f 6688 6587 6585
f 6690 6687 6686
f 6689 6690 6686
f 6686 6588 6689
f 6586 6588 6686
f 6688 6691 6587
f 6691 6590 6587
f 6689 6592 6593
f 6689 6593 6690
f 6690 6593 6692
f 6689 6588 6592
f 6691 6594 6590
f 6693 6594 6691
f 6594 6693 6694
f 6595 6594 6694
f 6697 6696 6695
f 6696 6597 6695
f 6696 6692 6597
f 6692 6593 6597
f 6694 6599 6595
f 6698 6599 6694
f 6695 6698 6697
f 6695 6601 6698
f 6601 6599 6698
f 6695 6597 6601
f 6608 6699 6609
f 6610 6699 6608
f 6700 6699 6610
f 6610 6611 6700
f 6701 6609 6699
f 6701 6702 6609
f 6702 6612 6609
f 6704 6701 6699
f 6704 6699 6703
f 6703 6699 6700
f 6700 6613 6703
f 6611 6613 6700
f 6702 6705 6612
f 6705 6614 6612
f 6707 6704 6703
f 6706 6707 6703
f 6703 6615 6706
f 6613 6615 6703
f 6705 6616 6614
f 6708 6616 6705
f 6706 6708 6707
f 6706 6617 6708
f 6617 6616 6708
f 6706 6615 6617
f 6711 6709 6710
f 6710 6712 6713
f 6709 6712 6710
f 6713 6712 6714
f 6711 6715 6709
f 6709 6716 6712
f 6715 6716 6709
f 6712 6716 6714
f 6620 6717 6621
f 6620 6623 6717
f 6625 6718 6626
f 6621 6718 6625
f 6621 6717 6718
f 6717 6719 6718
f 6717 6628 6719
f 6623 6628 6717
f 6720 6626 6718
f 6630 6626 6720
f 6718 6719 6720
f 6719 6721 6720
f 6631 6719 6628
f 6631 6722 6719
f 6722 6721 6719
f 6631 6633 6722
f 6723 6630 6720
f 6634 6630 6723
f 6720 6721 6723
f 6721 6724 6723
f 6721 6722 6724
f 6722 6725 6724
f 6722 6636 6725
f 6633 6636 6722
f 6723 6638 6634
f 6638 6726 6639
f 6638 6723 6726
f 6723 6724 6726
f 6642 6725 6641
f 6642 6726 6725
f 6726 6724 6725
f 6725 6636 6641
f 6726 6643 6639
f 6726 6642 6643
f 6648 6727 6649
f 6648 6651 6727
f 6653 6728 6654
f 6649 6728 6653
f 6649 6727 6728
f 6727 6729 6728
f 6655 6727 6651
f 6655 6730 6727
f 6730 6729 6727
f 6655 6657 6730
f 6731 6654 6728
f 6731 6732 6654
f 6732 6658 6654
f 6728 6729 6733
f 6731 6728 6733
f 6735 6733 6729
f 6735 6729 6734
f 6734 6729 6730
f 6730 6660 6734
f 6657 6660 6730
f 6732 6736 6658
f 6736 6661 6658
f 6738 6735 6734
f 6737 6738 6734
f 6734 6663 6737
f 6660 6663 6734
f 6736 6739 6661
f 6739 6664 6661
f 6741 6738 6737
f 6740 6741 6737
f 6737 6665 6740
f 6663 6665 6737
f 6739 6666 6664
f 6742 6666 6739
f 6742 6743 6666
f 6666 6743 6667
f 6740 6743 6741
f 6740 6668 6743
f 6668 6667 6743
f 6740 6665 6668
f 6679 6744 6680
f 6681 6744 6679
f 6745 6744 6681
f 6681 6683 6745
f 6684 6746 6685
f 6680 6746 6684
f 6680 6744 6746
f 6744 6747 6746
f 6744 6745 6747
f 6745 6748 6747
f 6745 6687 6748
f 6683 6687 6745
f 6749 6685 6746
f 6688 6685 6749
f 6750 6751 6749
f 6750 6749 6747
f 6747 6749 6746
f 6753 6750 6747
f 6753 6747 6752
f 6752 6747 6748
f 6748 6690 6752
f 6687 6690 6748
f 6754 6688 6749
f 6691 6688 6754
f 6751 6755 6754
f 6749 6751 6754
f 6757 6753 6752
f 6756 6757 6752
f 6752 6692 6756
f 6690 6692 6752
f 6754 6693 6691
f 6693 6754 6755
f 6693 6755 6694
f 6694 6755 6758
f 6756 6696 6697
f 6756 6697 6757
f 6757 6697 6759
f 6756 6692 6696
f 6758 6698 6694
f 6760 6698 6758
f 6760 6697 6698
f 6759 6697 6760
f 6701 6761 6702
f 6701 6704 6761
f 6762 6702 6761
f 6705 6702 6762
f 6761 6707 6762
f 6704 6707 6761
f 6762 6708 6705
f 6762 6707 6708
f 6710 6763 6711
f 6713 6763 6710
f 6764 6763 6713
f 6713 6714 6764
f 6763 6715 6711
f 6764 6715 6763
f 6716 6715 6764
f 6764 6714 6716
f 6731 6765 6732
f 6733 6765 6731
f 6766 6765 6733
f 6733 6735 6766
f 6767 6732 6765
f 6736 6732 6767
f 6765 6766 6767
f 6766 6768 6767
f 6766 6738 6768
f 6735 6738 6766
f 6769 6736 6767
f 6739 6736 6769
f 6767 6768 6769
f 6768 6770 6769
f 6768 6741 6770
f 6738 6741 6768
f 6769 6742 6739
f 6770 6742 6769
f 6743 6742 6770
f 6770 6741 6743
f 6750 6771 6751
f 6750 6753 6771
f 6772 6751 6771
f 6755 6751 6772
f 6771 6757 6772
f 6753 6757 6771
f 6773 6755 6772
f 6758 6755 6773
f 6772 6759 6773
f 6757 6759 6772
f 6773 6760 6758
f 6773 6759 6760
f 6776 6774 6775
f 6775 6774 6777
f 6779 6774 6776
f 6778 6774 6779
f 6777 6778 6780
f 6774 6778 6777
f 6779 6781 6778
f 6778 6781 6780
f 6784 6782 6783
f 6783 6782 6785
f 6788 6786 6787
f 6787 6782 6784
f 6787 6786 6782
f 6786 6789 6782
f 6785 6775 6790
f 6785 6789 6775
f 6785 6782 6789
f 6789 6776 6775
f 6775 6791 6790
f 6777 6791 6775
f 6793 6786 6788
f 6792 6786 6793
f 6786 6792 6789
f 6789 6792 6794
f 6789 6794 6779
f 6776 6789 6779
f 6795 6796 6791
f 6795 6791 6780
f 6780 6791 6777
f 6796 6795 6797
f 6799 6792 6793
f 6798 6792 6799
f 6792 6798 6794
f 6794 6798 6800
f 6781 6779 6794
f 6781 6794 6801
f 6801 6794 6800
f 6780 6781 6801
f 6780 6801 6795
f 6795 6801 6802
f 6797 6802 6803
f 6795 6802 6797
f 6799 6804 6798
f 6806 6798 6804
f 6806 6805 6798
f 6805 6800 6798
f 6800 6805 6801
f 6801 6805 6807
f 6808 6807 6809
f 6808 6802 6807
f 6802 6801 6807
f 6802 6808 6803
f 6806 6810 6805
f 6805 6811 6807
f 6810 6811 6805
f 6807 6811 6809
f 6814 6812 6813
f 6813 6812 6815
f 6814 6816 6812
f 6812 6816 6815
f 6819 6817 6818
f 6818 6820 6821
f 6817 6820 6818
f 6821 6820 6822
f 6824 6817 6819
f 6823 6817 6824
f 6817 6823 6820
f 6820 6823 6825
f 6822 6825 6826
f 6820 6825 6822
f 6828 6823 6824
f 6827 6823 6828
f 6823 6827 6825
f 6825 6827 6829
f 6826 6829 6830
f 6825 6829 6826
f 6828 6831 6827
f 6833 6827 6831
f 6833 6832 6827
f 6832 6829 6827
f 6830 6832 6834
f 6829 6832 6830
f 6833 6835 6832
f 6832 6835 6834
f 6838 6836 6837
f 6784 6837 6836
f 6784 6783 6837
f 6783 6839 6837
f 6840 6783 6785
f 6840 6841 6783
f 6841 6839 6783
f 6841 6840 6842
f 6845 6843 6844
f 6836 6788 6787
f 6838 6788 6836
f 6838 6843 6788
f 6838 6844 6843
f 6836 6787 6784
f 6840 6785 6790
f 6790 6791 6846
f 6840 6790 6846
f 6840 6846 6847
f 6840 6847 6842
f 6847 6846 6848
f 6850 6843 6845
f 6849 6843 6850
f 6843 6849 6793
f 6788 6843 6793
f 6846 6791 6796
f 6796 6848 6846
f 6796 6797 6848
f 6797 6851 6848
f 6853 6849 6850
f 6852 6849 6853
f 6849 6852 6799
f 6793 6849 6799
f 6851 6797 6854
f 6854 6797 6803
f 6853 6855 6852
f 6857 6856 6804
f 6855 6857 6804
f 6855 6804 6799
f 6855 6799 6852
f 6804 6856 6806
f 6808 6809 6858
f 6858 6803 6808
f 6858 6859 6803
f 6859 6854 6803
f 6861 6856 6857
f 6860 6856 6861
f 6810 6806 6856
f 6810 6856 6862
f 6862 6856 6860
f 6811 6810 6862
f 6863 6811 6862
f 6809 6811 6863
f 6809 6863 6858
f 6858 6863 6864
f 6859 6864 6865
f 6858 6864 6859
f 6867 6860 6861
f 6866 6860 6867
f 6860 6866 6862
f 6862 6866 6868
f 6862 6868 6863
f 6863 6868 6869
f 6863 6869 6864
f 6864 6869 6870
f 6865 6870 6871
f 6864 6870 6865
f 6873 6866 6867
f 6872 6866 6873
f 6866 6872 6868
f 6868 6872 6874
f 6868 6874 6869
f 6869 6874 6875
f 6876 6875 6877
f 6876 6870 6875
f 6870 6869 6875
f 6870 6876 6871
f 6873 6878 6872
f 6880 6872 6878
f 6880 6879 6872
f 6879 6874 6872
f 6881 6879 6882
f 6881 6875 6879
f 6875 6874 6879
f 6875 6881 6877
f 6880 6883 6879
f 6879 6883 6882
f 6886 6884 6885
f 6885 6887 6888
f 6884 6887 6885
f 6888 6889 6890
f 6887 6889 6888
f 6890 6889 6891
f 6893 6884 6886
f 6892 6884 6893
f 6884 6892 6887
f 6887 6892 6894
f 6887 6894 6889
f 6889 6894 6895
f 6891 6896 6897
f 6891 6889 6896
f 6889 6895 6896
f 6897 6898 6899
f 6896 6898 6897
f 6899 6898 6900
f 6893 6901 6892
f 6903 6892 6901
f 6903 6902 6892
f 6902 6894 6892
f 6894 6902 6895
f 6895 6902 6904
f 6895 6904 6896
f 6896 6904 6905
f 6896 6905 6898
f 6898 6905 6906
f 6900 6907 6908
f 6900 6898 6907
f 6898 6906 6907
f 6908 6907 6909
f 6903 6910 6902
f 6912 6902 6910
f 6912 6911 6902
f 6911 6904 6902
f 6904 6911 6905
f 6905 6911 6913
f 6905 6913 6906
f 6906 6913 6914
f 6906 6914 6907
f 6907 6914 6915
f 6909 6916 6917
f 6909 6907 6916
f 6907 6915 6916
f 6917 6916 6918
f 6920 6911 6912
f 6919 6911 6920
f 6911 6919 6913
f 6913 6919 6921
f 6913 6921 6914
f 6914 6921 6922
f 6914 6922 6915
f 6915 6922 6923
f 6924 6923 6925
f 6924 6916 6923
f 6916 6915 6923
f 6916 6924 6918
f 6927 6919 6920
f 6926 6919 6927
f 6919 6926 6921
f 6921 6926 6928
f 6921 6928 6922
f 6922 6928 6929
f 6930 6929 6931
f 6930 6923 6929
f 6923 6922 6929
f 6923 6930 6925
f 6933 6926 6927
f 6932 6926 6933
f 6814 6813 6928
f 6814 6928 6932
f 6932 6928 6926
f 6813 6815 6934
f 6813 6934 6928
f 6928 6934 6929
f 6931 6934 6935
f 6929 6934 6931
f 6937 6932 6933
f 6936 6932 6937
f 6816 6814 6932
f 6816 6932 6938
f 6938 6932 6936
f 6815 6816 6938
f 6815 6938 6934
f 6934 6938 6939
f 6935 6939 6940
f 6934 6939 6935
f 6937 6941 6936
f 6936 6942 6938
f 6941 6942 6936
f 6938 6943 6939
f 6942 6943 6938
f 6939 6943 6940
f 6819 6944 6945
f 6818 6944 6819
f 6944 6818 6946
f 6818 6821 6946
f 6821 6947 6946
f 6822 6947 6821
f 6950 6948 6949
f 6949 6948 6824
f 6949 6824 6945
f 6945 6824 6819
f 6951 6952 6947
f 6951 6947 6826
f 6826 6947 6822
f 6952 6951 6953
f 6955 6948 6950
f 6954 6948 6955
f 6948 6954 6828
f 6824 6948 6828
f 6956 6951 6826
f 6830 6956 6826
f 6953 6956 6957
f 6951 6956 6953
f 6959 6954 6955
f 6958 6954 6959
f 6831 6828 6954
f 6831 6954 6960
f 6960 6954 6958
f 6831 6960 6833
f 6961 6956 6830
f 6834 6961 6830
f 6957 6961 6962
f 6956 6961 6957
f 6959 6963 6958
f 6958 6964 6960
f 6963 6964 6958
f 6966 6965 6835
f 6964 6966 6835
f 6964 6835 6833
f 6964 6833 6960
f 6965 6968 6967
f 6835 6965 6967
f 6835 6967 6961
f 6835 6961 6834
f 6961 6967 6962
f 6966 6969 6965
f 6965 6969 6968
f 6972 6970 6971
f 6971 6973 6974
f 6970 6973 6971
f 6974 6975 6976
f 6973 6975 6974
f 6976 6975 6977
f 6980 6978 6979
f 6970 6838 6837
f 6972 6838 6970
f 6972 6978 6838
f 6972 6979 6978
f 6973 6970 6837
f 6839 6973 6837
f 6975 6973 6839
f 6841 6975 6839
f 6841 6842 6981
f 6975 6841 6981
f 6975 6981 6982
f 6975 6982 6977
f 6982 6981 6983
f 6978 6845 6844
f 6978 6980 6845
f 6980 6984 6845
f 6978 6844 6838
f 6981 6842 6847
f 6847 6983 6981
f 6847 6848 6983
f 6848 6985 6983
f 6984 6986 6845
f 6986 6850 6845
f 6985 6848 6987
f 6987 6848 6851
f 6986 6988 6850
f 6988 6853 6850
f 6987 6851 6989
f 6989 6851 6854
f 6855 6991 6990
f 6855 6853 6991
f 6853 6988 6991
f 6855 6990 6857
f 6989 6854 6992
f 6992 6854 6859
f 6991 6993 6990
f 6990 6993 6994
f 6990 6994 6857
f 6857 6994 6861
f 6992 6859 6995
f 6995 6859 6865
f 6994 6996 6861
f 6996 6867 6861
f 6995 6865 6997
f 6997 6865 6871
f 6996 6998 6867
f 6998 6873 6867
f 6876 6877 6999
f 6999 6871 6876
f 6999 7000 6871
f 7000 6997 6871
f 6878 7002 7001
f 6878 6873 7002
f 6873 6998 7002
f 6878 7001 6880
f 6881 6882 7003
f 6877 6881 7003
f 6877 7003 6999
f 6999 7003 7004
f 7000 7004 7005
f 6999 7004 7000
f 7007 7001 7002
f 7006 7001 7007
f 6883 6880 7001
f 6883 7001 7008
f 7008 7001 7006
f 6882 6883 7008
f 6882 7008 7003
f 7003 7008 7009
f 7010 7009 7011
f 7010 7004 7009
f 7004 7003 7009
f 7004 7010 7005
f 7007 7012 7006
f 7006 7013 7008
f 7012 7013 7006
f 7008 7014 7009
f 7013 7014 7008
f 7009 7014 7011
f 6885 7015 6886
f 6888 7015 6885
f 7016 7015 6888
f 6890 7016 6888
f 7017 7016 6890
f 6890 6891 7017
f 7018 6886 7015
f 6893 6886 7018
f 7015 7016 7018
f 7016 7019 7018
f 7016 7017 7019
f 7017 7020 7019
f 6897 7017 6891
f 6897 7021 7017
f 7021 7020 7017
f 7021 7022 7023
f 7021 6897 7022
f 6897 6899 7022
f 7024 6899 6900
f 7024 7025 6899
f 7025 7022 6899
f 7025 7026 7027
f 7024 7026 7025
f 7027 7026 7028
f 7018 6901 6893
f 6901 7029 6903
f 6901 7018 7029
f 7018 7019 7029
f 7019 7020 7029
f 7020 7030 7029
f 7031 7032 7030
f 7031 7030 7021
f 7021 7030 7020
f 7021 7023 7031
f 7024 6900 6908
f 6908 6909 7033
f 6908 7033 7024
f 7024 7033 7026
f 7028 7034 7035
f 7028 7026 7034
f 7026 7033 7034
f 7035 7034 7036
f 7029 6910 6903
f 6910 7037 6912
f 6910 7029 7037
f 7029 7030 7037
f 7032 7038 7037
f 7030 7032 7037
f 7033 6909 6917
f 6917 6918 7039
f 6917 7039 7033
f 7033 7039 7034
f 7036 7039 7040
f 7034 7039 7036
f 7041 6912 7037
f 7041 7042 6912
f 7042 6920 6912
f 7037 7038 7041
f 6924 6925 7043
f 7043 7045 7044
f 6924 7043 7044
f 6924 7044 7039
f 6924 7039 6918
f 7039 7044 7040
f 7042 7046 6920
f 7046 6927 6920
f 6930 6931 7047
f 7047 7049 7048
f 6930 7047 7048
f 6930 7048 7043
f 6930 7043 6925
f 7043 7048 7045
f 7046 7050 6927
f 7050 6933 6927
f 7051 7047 6931
f 6935 7051 6931
f 7049 7051 7052
f 7047 7051 7049
f 7050 7053 6933
f 7053 6937 6933
f 7054 7051 6935
f 7054 6935 7055
f 7055 6935 6940
f 7051 7054 7052
f 7053 6941 6937
f 7056 6941 7053
f 7058 7057 6942
f 7058 6942 7056
f 7056 6942 6941
f 7057 7060 7059
f 7057 7059 6942
f 6942 7059 6943
f 7059 6940 6943
f 7055 6940 7059
f 7058 7061 7057
f 7057 7061 7060
f 7064 7062 7063
f 7063 7065 7066
f 7062 7065 7063
f 7066 7065 7067
f 7069 7062 7064
f 7068 7062 7069
f 7062 7068 7065
f 7065 7068 7070
f 7067 7071 7072
f 7067 7065 7071
f 7065 7070 7071
f 7072 7071 7073
f 7069 7074 7068
f 7076 7068 7074
f 7076 7075 7068
f 7075 7070 7068
f 7077 7075 7078
f 7077 7071 7075
f 7071 7070 7075
f 7071 7077 7073
f 7076 7079 7075
f 7075 7079 7078
f 6945 7080 7081
f 6944 7080 6945
f 7083 6946 7082
f 7083 7080 6946
f 7080 6944 6946
f 6946 6947 7082
f 6950 7084 7085
f 6949 7084 6950
f 7084 6949 6945
f 7081 7084 6945
f 7083 7082 7086
f 7088 6952 7087
f 7086 6952 7088
f 7086 6947 6952
f 7086 7082 6947
f 6952 6953 7087
f 7091 7089 7090
f 7090 7089 6955
f 7090 6955 7085
f 7085 6955 6950
f 7093 7088 7087
f 7092 7093 7087
f 7087 6957 7092
f 6953 6957 7087
f 7095 7089 7091
f 7094 7089 7095
f 7089 7094 6959
f 6955 7089 6959
f 7097 7093 7092
f 7096 7097 7092
f 7092 6962 7096
f 6957 6962 7092
f 7095 7098 7094
f 7094 6963 6959
f 7094 7098 6963
f 7098 7099 6963
f 7101 7100 6964
f 7101 6964 7099
f 7099 6964 6963
f 7102 6966 6964
f 7102 6964 7103
f 7100 7104 6964
f 7104 7103 6964
f 7096 6967 6968
f 7097 7096 6968
f 7097 6968 7102
f 7097 7102 7103
f 7096 6962 6967
f 7101 7105 7100
f 7100 7105 7104
f 6966 7102 6969
f 7102 6968 6969
f 7108 7106 7107
f 7107 7109 7110
f 7106 7109 7107
f 7110 7111 7112
f 7109 7111 7110
f 7112 7111 7113
f 6972 7114 7115
f 6971 7114 6972
f 7106 7108 7114
f 7106 7114 6974
f 6974 7114 6971
f 7109 7106 6974
f 6976 7109 6974
f 6976 6977 7116
f 6976 7116 7109
f 7109 7116 7111
f 7113 7116 7117
f 7111 7116 7113
f 6980 7118 7119
f 6979 7118 6980
f 7118 6979 6972
f 7115 7118 6972
f 7116 6977 6982
f 6982 6983 7120
f 7116 6982 7120
f 7116 7120 7121
f 7116 7121 7117
f 7121 7120 7122
f 7119 7123 6980
f 7123 6984 6980
f 7124 7120 6983
f 6985 7124 6983
f 7122 7124 7125
f 7120 7124 7122
f 7123 7126 6984
f 7126 6986 6984
f 7127 7124 6985
f 6987 7127 6985
f 7125 7127 7128
f 7124 7127 7125
f 7129 7126 7130
f 7129 6988 7126
f 6988 6986 7126
f 7130 7131 7129
f 7132 7127 6987
f 7132 6987 7133
f 7133 6987 6989
f 7127 7132 7128
f 7134 6988 7129
f 6991 6988 7134
f 7131 7135 7134
f 7129 7131 7134
f 7133 6989 7136
f 7136 6989 6992
f 7134 6993 6991
f 6993 7134 7135
f 6993 7135 6994
f 6994 7135 7137
f 7136 6992 7138
f 7138 6992 6995
f 7137 7139 6994
f 7139 6996 6994
f 7138 6995 7140
f 7140 6995 6997
f 7139 7141 6996
f 7141 6998 6996
f 7140 6997 7142
f 7142 6997 7000
f 7141 7143 6998
f 7143 7002 6998
f 7142 7000 7144
f 7144 7000 7005
f 7143 7145 7002
f 7145 7007 7002
f 7010 7011 7146
f 7146 7005 7010
f 7146 7147 7005
f 7147 7144 7005
f 7012 7149 7148
f 7012 7007 7149
f 7007 7145 7149
f 7013 7012 7148
f 7150 7013 7148
f 7014 7013 7150
f 7151 7014 7150
f 7151 7153 7152
f 7014 7151 7152
f 7014 7152 7146
f 7014 7146 7011
f 7146 7152 7147
f 7149 7154 7148
f 7148 7155 7150
f 7154 7155 7148
f 7150 7156 7151
f 7155 7156 7150
f 7151 7156 7153
f 7022 7157 7023
f 7025 7157 7022
f 7158 7157 7025
f 7158 7159 7160
f 7158 7025 7159
f 7025 7027 7159
f 7027 7161 7159
f 7028 7161 7027
f 7031 7162 7032
f 7023 7162 7031
f 7023 7157 7162
f 7157 7163 7162
f 7164 7165 7163
f 7164 7163 7158
f 7158 7163 7157
f 7158 7160 7164
f 7035 7166 7167
f 7035 7167 7028
f 7028 7167 7161
f 7035 7036 7166
f 7168 7032 7162
f 7038 7032 7168
f 7162 7163 7168
f 7163 7169 7168
f 7165 7170 7169
f 7163 7165 7169
f 7172 7167 7166
f 7171 7172 7166
f 7166 7040 7171
f 7036 7040 7166
f 7041 7173 7042
f 7038 7173 7041
f 7038 7168 7173
f 7168 7174 7173
f 7175 7176 7174
f 7175 7174 7169
f 7169 7174 7168
f 7169 7170 7175
f 7171 7044 7045
f 7171 7045 7172
f 7172 7045 7177
f 7171 7040 7044
f 7178 7042 7173
f 7046 7042 7178
f 7179 7180 7178
f 7179 7178 7174
f 7174 7178 7173
f 7174 7176 7179
f 7048 7049 7181
f 7181 7045 7048
f 7181 7182 7045
f 7182 7177 7045
f 7183 7046 7178
f 7183 7184 7046
f 7184 7050 7046
f 7178 7180 7183
f 7185 7181 7049
f 7185 7049 7186
f 7186 7049 7052
f 7181 7185 7182
f 7184 7187 7050
f 7187 7053 7050
f 7054 7055 7188
f 7188 7052 7054
f 7188 7189 7052
f 7189 7186 7052
f 7187 7056 7053
f 7190 7056 7187
f 7056 7190 7191
f 7058 7056 7191
f 7059 7060 7192
f 7192 7194 7193
f 7059 7192 7193
f 7059 7193 7188
f 7059 7188 7055
f 7188 7193 7189
f 7191 7061 7058
f 7195 7061 7191
f 7060 7196 7192
f 7060 7061 7196
f 7061 7195 7196
f 7192 7196 7194
f 7199 7197 7198
f 7200 7064 7063
f 7201 7064 7200
f 7201 7197 7064
f 7201 7198 7197
f 7203 7200 7063
f 7203 7063 7202
f 7202 7063 7066
f 7204 7066 7067
f 7204 7205 7066
f 7205 7202 7066
f 7205 7204 7206
f 7208 7197 7199
f 7207 7197 7208
f 7197 7207 7069
f 7064 7197 7069
f 7204 7067 7072
f 7072 7073 7209
f 7204 7072 7209
f 7204 7209 7210
f 7204 7210 7206
f 7210 7209 7211
f 7213 7207 7208
f 7212 7207 7213
f 7074 7069 7207
f 7074 7207 7214
f 7214 7207 7212
f 7074 7214 7076
f 7077 7078 7215
f 7215 7217 7216
f 7077 7215 7216
f 7077 7216 7209
f 7077 7209 7073
f 7209 7216 7211
f 7213 7218 7212
f 7212 7219 7214
f 7218 7219 7212
f 7221 7220 7079
f 7219 7221 7079
f 7219 7079 7076
f 7219 7076 7214
f 7220 7223 7222
f 7079 7220 7222
f 7079 7222 7215
f 7079 7215 7078
f 7215 7222 7217
f 7221 7224 7220
f 7220 7224 7223
f 7080 7225 7081
f 7080 7083 7225
f 7085 7226 7227
f 7084 7226 7085
f 7081 7225 7228
f 7081 7228 7084
f 7084 7228 7226
f 7230 7086 7229
f 7228 7086 7230
f 7228 7083 7086
f 7228 7225 7083
f 7086 7088 7229
f 7091 7231 7232
f 7090 7231 7091
f 7231 7090 7085
f 7227 7231 7085
f 7234 7230 7229
f 7233 7234 7229
f 7229 7093 7233
f 7088 7093 7229
f 7232 7235 7091
f 7235 7095 7091
f 7237 7234 7233
f 7236 7237 7233
f 7233 7097 7236
f 7093 7097 7233
f 7235 7098 7095
f 7238 7098 7235
f 7240 7239 7099
f 7240 7099 7238
f 7238 7099 7098
f 7241 7101 7099
f 7241 7099 7242
f 7239 7243 7099
f 7243 7242 7099
f 7236 7103 7104
f 7237 7236 7104
f 7237 7104 7241
f 7237 7241 7242
f 7236 7097 7103
f 7240 7244 7239
f 7239 7244 7243
f 7101 7241 7105
f 7241 7104 7105
f 7247 7245 7246
f 7246 7248 7249
f 7245 7248 7246
f 7249 7248 7250
f 7108 7251 7252
f 7107 7251 7108
f 7245 7247 7251
f 7245 7251 7110
f 7110 7251 7107
f 7248 7245 7110
f 7112 7248 7110
f 7112 7113 7253
f 7248 7112 7253
f 7248 7253 7254
f 7248 7254 7250
f 7254 7253 7255
f 7115 7256 7257
f 7114 7256 7115
f 7256 7114 7108
f 7252 7256 7108
f 7258 7253 7113
f 7117 7258 7113
f 7255 7258 7259
f 7253 7258 7255
f 7118 7260 7119
f 7260 7118 7115
f 7260 7115 7261
f 7261 7115 7257
f 7258 7117 7121
f 7121 7259 7258
f 7121 7122 7259
f 7122 7262 7259
f 7263 7119 7260
f 7123 7119 7263
f 7261 7264 7263
f 7260 7261 7263
f 7262 7122 7265
f 7265 7122 7125
f 7266 7123 7263
f 7126 7123 7266
f 7264 7267 7266
f 7263 7264 7266
f 7270 7269 7268
f 7269 7128 7268
f 7269 7265 7128
f 7265 7125 7128
f 7266 7130 7126
f 7130 7266 7267
f 7130 7267 7131
f 7131 7267 7271
f 7268 7132 7133
f 7268 7133 7270
f 7270 7133 7272
f 7268 7128 7132
f 7273 7271 7274
f 7273 7135 7271
f 7135 7131 7271
f 7274 7275 7273
f 7272 7133 7276
f 7276 7133 7136
f 7277 7135 7273
f 7137 7135 7277
f 7275 7278 7277
f 7273 7275 7277
f 7276 7136 7279
f 7279 7136 7138
f 7280 7137 7277
f 7280 7281 7137
f 7281 7139 7137
f 7277 7278 7280
f 7279 7138 7282
f 7282 7138 7140
f 7281 7283 7139
f 7283 7141 7139
f 7282 7140 7284
f 7284 7140 7142
f 7283 7285 7141
f 7285 7143 7141
f 7284 7142 7286
f 7286 7142 7144
f 7285 7287 7143
f 7287 7145 7143
f 7286 7144 7288
f 7288 7144 7147
f 7287 7289 7145
f 7289 7149 7145
f 7153 7291 7290
f 7152 7153 7290
f 7290 7147 7152
f 7288 7147 7290
f 7154 7293 7292
f 7154 7149 7293
f 7149 7289 7293
f 7155 7154 7292
f 7294 7155 7292
f 7294 7296 7295
f 7294 7295 7155
f 7155 7295 7156
f 7295 7153 7156
f 7291 7153 7295
f 7293 7297 7292
f 7292 7298 7294
f 7297 7298 7292
f 7294 7298 7296
f 7159 7299 7160
f 7159 7161 7299
f 7164 7300 7165
f 7160 7300 7164
f 7160 7299 7300
f 7299 7301 7300
f 7299 7167 7301
f 7161 7167 7299
f 7302 7165 7300
f 7170 7165 7302
f 7300 7301 7302
f 7301 7303 7302
f 7301 7172 7303
f 7167 7172 7301
f 7175 7304 7176
f 7304 7305 7306
f 7175 7305 7304
f 7175 7302 7305
f 7175 7170 7302
f 7302 7303 7307
f 7305 7302 7307
f 7303 7308 7307
f 7303 7172 7308
f 7172 7177 7308
f 7179 7309 7180
f 7176 7309 7179
f 7176 7304 7309
f 7304 7310 7309
f 7306 7311 7310
f 7304 7306 7310
f 7308 7177 7312
f 7312 7177 7182
f 7183 7313 7184
f 7313 7314 7315
f 7183 7314 7313
f 7183 7309 7314
f 7183 7180 7309
f 7309 7310 7316
f 7314 7309 7316
f 7310 7311 7316
f 7185 7186 7317
f 7317 7182 7185
f 7317 7318 7182
f 7318 7312 7182
f 7319 7184 7313
f 7187 7184 7319
f 7315 7320 7319
f 7313 7315 7319
f 7321 7317 7186
f 7321 7186 7322
f 7322 7186 7189
f 7317 7321 7318
f 7319 7190 7187
f 7190 7319 7320
f 7190 7320 7191
f 7191 7320 7323
f 7193 7194 7324
f 7324 7189 7193
f 7324 7325 7189
f 7325 7322 7189
f 7328 7326 7327
f 7327 7326 7329
f 7195 7331 7330
f 7195 7191 7331
f 7191 7323 7331
f 7196 7195 7330
f 7332 7196 7330
f 7332 7334 7333
f 7196 7332 7333
f 7196 7333 7324
f 7196 7324 7194
f 7324 7333 7325
f 7328 7335 7326
f 7326 7335 7329
f 7331 7336 7330
f 7330 7337 7332
f 7336 7337 7330
f 7332 7337 7334
f 7340 7338 7339
f 7339 7338 7341
f 7344 7342 7343
f 7343 7338 7340
f 7343 7342 7338
f 7342 7345 7338
f 7341 7345 7346
f 7338 7345 7341
f 7344 7347 7342
f 7349 7342 7347
f 7349 7348 7342
f 7348 7345 7342
f 7346 7348 7350
f 7345 7348 7346
f 7349 7351 7348
f 7348 7351 7350
f 7354 7352 7353
f 7355 7199 7198
f 7356 7199 7355
f 7356 7352 7199
f 7356 7353 7352
f 7355 7198 7201
f 7357 7203 7202
f 7359 7357 7202
f 7359 7202 7358
f 7358 7202 7205
f 7205 7360 7358
f 7206 7360 7205
f 7354 7361 7352
f 7352 7361 7362
f 7352 7362 7199
f 7199 7362 7208
f 7360 7206 7210
f 7363 7360 7210
f 7210 7364 7363
f 7211 7364 7210
f 7362 7365 7208
f 7365 7213 7208
f 7216 7217 7366
f 7366 7211 7216
f 7366 7367 7211
f 7367 7364 7211
f 7365 7218 7213
f 7368 7218 7365
f 7370 7369 7219
f 7370 7219 7368
f 7368 7219 7218
f 7219 7369 7221
f 7222 7223 7371
f 7217 7222 7371
f 7217 7371 7366
f 7366 7371 7372
f 7367 7372 7373
f 7366 7372 7367
f 7370 7374 7369
f 7369 7224 7221
f 7369 7374 7224
f 7374 7375 7224
f 7223 7376 7371
f 7223 7224 7376
f 7224 7375 7376
f 7371 7377 7372
f 7376 7377 7371
f 7372 7377 7373
f 7227 7378 7379
f 7226 7378 7227
f 7381 7228 7380
f 7381 7378 7228
f 7378 7226 7228
f 7228 7230 7380
f 7232 7382 7383
f 7231 7382 7232
f 7382 7231 7227
f 7379 7382 7227
f 7385 7381 7380
f 7384 7385 7380
f 7380 7234 7384
f 7230 7234 7380
f 7383 7386 7232
f 7386 7235 7232
f 7388 7385 7384
f 7387 7388 7384
f 7384 7237 7387
f 7234 7237 7384
f 7238 7390 7389
f 7238 7235 7390
f 7235 7386 7390
f 7238 7389 7240
f 7387 7242 7243
f 7387 7243 7388
f 7388 7243 7391
f 7387 7237 7242
f 7390 7392 7389
f 7389 7244 7240
f 7389 7392 7244
f 7392 7393 7244
f 7393 7243 7244
f 7391 7243 7393
f 7246 7394 7247
f 7249 7394 7246
f 7395 7394 7249
f 7249 7250 7395
f 7252 7396 7397
f 7251 7396 7252
f 7247 7394 7398
f 7247 7398 7251
f 7251 7398 7396
f 7394 7395 7399
f 7398 7394 7399
f 7395 7250 7254
f 7395 7254 7399
f 7399 7254 7400
f 7254 7401 7400
f 7255 7401 7254
f 7256 7402 7257
f 7402 7256 7252
f 7402 7252 7403
f 7403 7252 7397
f 7401 7255 7404
f 7404 7255 7259
f 7405 7257 7402
f 7261 7257 7405
f 7403 7406 7405
f 7402 7403 7405
f 7404 7259 7407
f 7407 7259 7262
f 7408 7261 7405
f 7264 7261 7408
f 7406 7409 7408
f 7405 7406 7408
f 7407 7262 7410
f 7410 7262 7265
f 7411 7264 7408
f 7267 7264 7411
f 7409 7412 7411
f 7408 7409 7411
f 7270 7414 7413
f 7269 7270 7413
f 7413 7265 7269
f 7410 7265 7413
f 7415 7267 7411
f 7271 7267 7415
f 7412 7416 7415
f 7411 7412 7415
f 7419 7418 7417
f 7418 7272 7417
f 7418 7414 7272
f 7414 7270 7272
f 7415 7274 7271
f 7274 7420 7275
f 7415 7420 7274
f 7415 7421 7420
f 7415 7416 7421
f 7421 7422 7420
f 7424 7419 7417
f 7423 7424 7417
f 7417 7276 7423
f 7272 7276 7417
f 7425 7275 7420
f 7278 7275 7425
f 7422 7426 7425
f 7420 7422 7425
f 7428 7424 7423
f 7427 7428 7423
f 7423 7279 7427
f 7276 7279 7423
f 7280 7429 7281
f 7429 7430 7431
f 7280 7430 7429
f 7280 7425 7430
f 7280 7278 7425
f 7425 7426 7430
f 7433 7428 7427
f 7432 7433 7427
f 7427 7282 7432
f 7279 7282 7427
f 7434 7281 7429
f 7283 7281 7434
f 7431 7435 7434
f 7429 7431 7434
f 7437 7433 7432
f 7436 7437 7432
f 7432 7284 7436
f 7282 7284 7432
f 7438 7283 7434
f 7438 7439 7283
f 7439 7285 7283
f 7434 7435 7438
f 7441 7437 7436
f 7440 7441 7436
f 7436 7286 7440
f 7284 7286 7436
f 7439 7442 7285
f 7442 7287 7285
f 7444 7441 7440
f 7443 7444 7440
f 7440 7288 7443
f 7286 7288 7440
f 7447 7445 7446
f 7446 7445 7289
f 7446 7289 7442
f 7442 7289 7287
f 7443 7290 7291
f 7443 7291 7444
f 7444 7291 7448
f 7443 7288 7290
f 7450 7445 7447
f 7449 7445 7450
f 7445 7449 7293
f 7289 7445 7293
f 7295 7296 7451
f 7451 7291 7295
f 7451 7452 7291
f 7452 7448 7291
f 7454 7449 7450
f 7453 7449 7454
f 7297 7293 7449
f 7297 7449 7455
f 7455 7449 7453
f 7298 7297 7455
f 7456 7298 7455
f 7456 7458 7457
f 7298 7456 7457
f 7298 7457 7451
f 7298 7451 7296
f 7451 7457 7452
f 7454 7459 7453
f 7453 7460 7455
f 7459 7460 7453
f 7455 7461 7456
f 7460 7461 7455
f 7456 7461 7458
f 7305 7462 7306
f 7307 7462 7305
f 7463 7462 7307
f 7307 7308 7463
f 7464 7306 7462
f 7311 7306 7464
f 7462 7463 7464
f 7463 7465 7464
f 7463 7312 7465
f 7308 7312 7463
f 7314 7466 7315
f 7316 7466 7314
f 7467 7466 7316
f 7311 7467 7316
f 7311 7464 7467
f 7464 7468 7467
f 7464 7465 7468
f 7465 7469 7468
f 7465 7318 7469
f 7312 7318 7465
f 7470 7315 7466
f 7320 7315 7470
f 7466 7467 7470
f 7467 7471 7470
f 7467 7468 7471
f 7468 7472 7471
f 7322 7469 7321
f 7322 7472 7469
f 7472 7468 7469
f 7469 7318 7321
f 7473 7320 7470
f 7323 7320 7473
f 7474 7475 7473
f 7474 7473 7471
f 7471 7473 7470
f 7477 7474 7471
f 7477 7471 7476
f 7476 7471 7472
f 7472 7325 7476
f 7322 7325 7472
f 7327 7478 7328
f 7327 7329 7478
f 7479 7323 7473
f 7331 7323 7479
f 7475 7480 7479
f 7473 7475 7479
f 7476 7333 7334
f 7476 7334 7477
f 7477 7334 7481
f 7476 7325 7333
f 7478 7335 7328
f 7478 7329 7335
f 7479 7336 7331
f 7480 7336 7479
f 7480 7482 7336
f 7482 7337 7336
f 7482 7334 7337
f 7481 7334 7482
f 7485 7483 7484
f 7340 7484 7483
f 7340 7339 7484
f 7339 7486 7484
f 7339 7487 7486
f 7341 7487 7339
f 7483 7344 7343
f 7483 7485 7344
f 7485 7488 7344
f 7483 7343 7340
f 7489 7490 7487
f 7489 7487 7346
f 7346 7487 7341
f 7490 7489 7491
f 7347 7493 7492
f 7347 7344 7493
f 7344 7488 7493
f 7347 7492 7349
f 7494 7489 7346
f 7350 7494 7346
f 7491 7494 7495
f 7489 7494 7491
f 7493 7496 7492
f 7492 7351 7349
f 7492 7496 7351
f 7496 7497 7351
f 7350 7498 7494
f 7350 7351 7498
f 7351 7497 7498
f 7494 7498 7495
f 7500 7354 7353
f 7500 7501 7354
f 7501 7499 7354
f 7500 7353 7356
f 7503 7359 7358
f 7502 7503 7358
f 7358 7504 7502
f 7360 7504 7358
f 7361 7506 7505
f 7361 7354 7506
f 7354 7499 7506
f 7361 7505 7362
f 7504 7360 7363
f 7507 7504 7363
f 7363 7508 7507
f 7364 7508 7363
f 7506 7509 7505
f 7505 7509 7510
f 7505 7510 7362
f 7362 7510 7365
f 7508 7364 7511
f 7511 7364 7367
f 7368 7513 7512
f 7368 7365 7513
f 7365 7510 7513
f 7368 7512 7370
f 7511 7367 7514
f 7514 7367 7373
f 7513 7515 7512
f 7517 7516 7374
f 7515 7517 7374
f 7515 7374 7370
f 7515 7370 7512
f 7375 7374 7516
f 7518 7375 7516
f 7376 7375 7518
f 7519 7376 7518
f 7377 7376 7519
f 7520 7377 7519
f 7520 7373 7377
f 7520 7521 7373
f 7521 7514 7373
f 7517 7522 7516
f 7524 7516 7522
f 7524 7523 7516
f 7523 7518 7516
f 7518 7523 7519
f 7519 7523 7525
f 7519 7525 7520
f 7520 7525 7526
f 7521 7526 7527
f 7520 7526 7521
f 7524 7528 7523
f 7530 7523 7528
f 7530 7529 7523
f 7529 7525 7523
f 7525 7529 7526
f 7526 7529 7531
f 7527 7531 7532
f 7526 7531 7527
f 7530 7533 7529
f 7535 7529 7533
f 7535 7534 7529
f 7534 7531 7529
f 7532 7534 7536
f 7531 7534 7532
f 7538 7534 7535
f 7537 7534 7538
f 7536 7537 7539
f 7534 7537 7536
f 7538 7540 7537
f 7537 7540 7539
f 7378 7541 7379
f 7378 7381 7541
f 7383 7542 7543
f 7382 7542 7383
f 7379 7541 7544
f 7379 7544 7382
f 7382 7544 7542
f 7541 7545 7544
f 7541 7381 7545
f 7381 7385 7545
f 7548 7546 7547
f 7547 7546 7386
f 7547 7386 7543
f 7543 7386 7383
f 7545 7385 7549
f 7549 7385 7388
f 7548 7550 7546
f 7546 7550 7551
f 7546 7551 7386
f 7386 7551 7390
f 7554 7553 7552
f 7553 7391 7552
f 7553 7549 7391
f 7549 7388 7391
f 7551 7392 7390
f 7555 7392 7551
f 7552 7555 7554
f 7552 7393 7555
f 7393 7392 7555
f 7552 7391 7393
f 7396 7556 7397
f 7398 7556 7396
f 7557 7556 7398
f 7557 7558 7559
f 7557 7398 7558
f 7398 7399 7558
f 7561 7400 7560
f 7561 7558 7400
f 7558 7399 7400
f 7400 7401 7560
f 7562 7397 7556
f 7403 7397 7562
f 7563 7564 7562
f 7563 7562 7557
f 7557 7562 7556
f 7557 7559 7563
f 7561 7560 7565
f 7560 7566 7565
f 7560 7401 7566
f 7401 7404 7566
f 7567 7403 7562
f 7406 7403 7567
f 7564 7568 7567
f 7562 7564 7567
f 7571 7570 7569
f 7570 7407 7569
f 7570 7566 7407
f 7566 7404 7407
f 7572 7406 7567
f 7409 7406 7572
f 7568 7573 7572
f 7567 7568 7572
f 7575 7571 7569
f 7574 7575 7569
f 7569 7410 7574
f 7407 7410 7569
f 7576 7409 7572
f 7412 7409 7576
f 7573 7578 7577
f 7573 7577 7572
f 7572 7577 7576
f 7578 7580 7579
f 7577 7578 7579
f 7574 7413 7414
f 7575 7574 7414
f 7575 7414 7579
f 7575 7579 7580
f 7574 7410 7413
f 7581 7412 7576
f 7416 7412 7581
f 7576 7577 7581
f 7577 7582 7581
f 7419 7579 7418
f 7419 7582 7579
f 7582 7577 7579
f 7579 7414 7418
f 7581 7421 7416
f 7421 7583 7422
f 7421 7581 7583
f 7581 7582 7583
f 7582 7424 7583
f 7419 7424 7582
f 7584 7422 7583
f 7426 7422 7584
f 7583 7428 7584
f 7424 7428 7583
f 7430 7585 7431
f 7426 7585 7430
f 7426 7584 7585
f 7584 7586 7585
f 7584 7433 7586
f 7428 7433 7584
f 7587 7431 7585
f 7435 7431 7587
f 7585 7586 7587
f 7586 7588 7587
f 7586 7437 7588
f 7433 7437 7586
f 7438 7589 7439
f 7589 7590 7591
f 7438 7590 7589
f 7438 7587 7590
f 7438 7435 7587
f 7587 7588 7592
f 7590 7587 7592
f 7588 7593 7592
f 7588 7437 7593
f 7437 7441 7593
f 7594 7439 7589
f 7594 7595 7439
f 7595 7442 7439
f 7589 7591 7594
f 7593 7441 7596
f 7596 7441 7444
f 7447 7597 7598
f 7446 7597 7447
f 7597 7446 7442
f 7595 7597 7442
f 7596 7444 7599
f 7599 7444 7448
f 7598 7600 7447
f 7600 7450 7447
f 7599 7448 7601
f 7601 7448 7452
f 7604 7602 7603
f 7603 7602 7454
f 7603 7454 7600
f 7600 7454 7450
f 7457 7458 7605
f 7605 7452 7457
f 7605 7606 7452
f 7606 7601 7452
f 7604 7607 7602
f 7609 7608 7459
f 7607 7609 7459
f 7607 7459 7454
f 7607 7454 7602
f 7460 7459 7608
f 7610 7460 7608
f 7461 7460 7610
f 7611 7461 7610
f 7611 7613 7612
f 7461 7611 7612
f 7461 7612 7605
f 7461 7605 7458
f 7605 7612 7606
f 7609 7614 7608
f 7608 7615 7610
f 7614 7615 7608
f 7610 7616 7611
f 7615 7616 7610
f 7611 7616 7613
f 7474 7617 7475
f 7474 7477 7617
f 7618 7475 7617
f 7480 7475 7618
f 7617 7481 7618
f 7477 7481 7617
f 7618 7482 7480
f 7618 7481 7482
f 7621 7619 7620
f 7620 7619 7622
f 7485 7623 7624
f 7484 7623 7485
f 7619 7621 7623
f 7619 7623 7486
f 7486 7623 7484
f 7486 7487 7625
f 7619 7486 7625
f 7619 7625 7626
f 7619 7626 7622
f 7626 7625 7627
f 7624 7628 7485
f 7628 7488 7485
f 7625 7487 7490
f 7490 7627 7625
f 7490 7491 7627
f 7491 7629 7627
f 7628 7630 7488
f 7630 7493 7488
f 7629 7491 7631
f 7631 7491 7495
f 7496 7633 7632
f 7496 7493 7633
f 7493 7630 7633
f 7497 7496 7632
f 7634 7497 7632
f 7498 7497 7634
f 7635 7498 7634
f 7635 7495 7498
f 7635 7636 7495
f 7636 7631 7495
f 7633 7637 7632
f 7632 7638 7634
f 7637 7638 7632
f 7634 7639 7635
f 7638 7639 7634
f 7635 7639 7636
f 7640 7501 7642
f 7640 7641 7501
f 7641 7499 7501
f 7642 7643 7640
f 7646 7645 7644
f 7645 7503 7502
f 7645 7502 7644
f 7644 7502 7647
f 7502 7648 7647
f 7504 7648 7502
f 7641 7649 7499
f 7649 7506 7499
f 7648 7504 7507
f 7650 7648 7507
f 7507 7651 7650
f 7508 7651 7507
f 7509 7653 7652
f 7509 7506 7653
f 7506 7649 7653
f 7509 7652 7510
f 7651 7508 7654
f 7654 7508 7511
f 7653 7655 7652
f 7652 7655 7656
f 7652 7656 7510
f 7510 7656 7513
f 7654 7511 7657
f 7657 7511 7514
f 7656 7515 7513
f 7658 7515 7656
f 7515 7658 7659
f 7517 7515 7659
f 7660 7661 7657
f 7660 7657 7521
f 7521 7657 7514
f 7661 7660 7662
f 7522 7664 7663
f 7522 7517 7664
f 7517 7659 7664
f 7522 7663 7524
f 7665 7660 7521
f 7527 7665 7521
f 7662 7665 7666
f 7660 7665 7662
f 7664 7667 7663
f 7669 7668 7528
f 7667 7669 7528
f 7667 7528 7524
f 7667 7524 7663
f 7528 7668 7530
f 7670 7665 7527
f 7532 7670 7527
f 7666 7671 7672
f 7666 7665 7671
f 7665 7670 7671
f 7672 7671 7673
f 7675 7668 7669
f 7674 7668 7675
f 7533 7530 7668
f 7533 7668 7676
f 7676 7668 7674
f 7533 7676 7535
f 7677 7670 7532
f 7536 7677 7532
f 7670 7677 7671
f 7671 7677 7678
f 7673 7678 7679
f 7671 7678 7673
f 7681 7674 7675
f 7680 7674 7681
f 7674 7680 7676
f 7676 7680 7682
f 7676 7682 7538
f 7535 7676 7538
f 7683 7677 7536
f 7539 7683 7536
f 7677 7683 7678
f 7678 7683 7684
f 7679 7684 7685
f 7678 7684 7679
f 7687 7680 7681
f 7686 7680 7687
f 7680 7686 7682
f 7682 7686 7688
f 7540 7538 7682
f 7540 7682 7689
f 7689 7682 7688
f 7539 7540 7689
f 7539 7689 7683
f 7683 7689 7690
f 7691 7690 7692
f 7691 7684 7690
f 7684 7683 7690
f 7684 7691 7685
f 7694 7686 7687
f 7693 7686 7694
f 7686 7693 7688
f 7688 7693 7695
f 7696 7695 7697
f 7696 7689 7695
f 7689 7688 7695
f 7689 7698 7690
f 7696 7698 7689
f 7690 7698 7692
f 7700 7693 7694
f 7699 7693 7700
f 7701 7699 7702
f 7701 7695 7699
f 7695 7693 7699
f 7695 7701 7697
f 7543 7703 7704
f 7542 7703 7543
f 7699 7700 7703
f 7699 7703 7544
f 7544 7703 7542
f 7544 7702 7699
f 7544 7545 7702
f 7545 7705 7702
f 7548 7706 7707
f 7547 7706 7548
f 7706 7547 7543
f 7704 7706 7543
f 7705 7545 7708
f 7708 7545 7549
f 7550 7710 7709
f 7550 7548 7710
f 7548 7707 7710
f 7550 7709 7551
f 7553 7554 7711
f 7711 7549 7553
f 7711 7712 7549
f 7712 7708 7549
f 7710 7713 7709
f 7715 7714 7555
f 7713 7715 7555
f 7713 7555 7551
f 7713 7551 7709
f 7714 7717 7716
f 7555 7714 7716
f 7555 7716 7711
f 7555 7711 7554
f 7711 7716 7712
f 7715 7718 7714
f 7714 7718 7717
f 7558 7719 7559
f 7558 7561 7719
f 7563 7720 7564
f 7559 7720 7563
f 7559 7719 7720
f 7719 7721 7720
f 7565 7719 7561
f 7565 7722 7719
f 7722 7721 7719
f 7565 7566 7722
f 7723 7564 7720
f 7568 7564 7723
f 7720 7721 7723
f 7721 7724 7723
f 7571 7722 7570
f 7571 7724 7722
f 7724 7721 7722
f 7722 7566 7570
f 7725 7568 7723
f 7573 7568 7725
f 7723 7724 7725
f 7724 7726 7725
f 7724 7575 7726
f 7571 7575 7724
f 7725 7578 7573
f 7726 7578 7725
f 7580 7578 7726
f 7726 7575 7580
f 7590 7727 7591
f 7592 7727 7590
f 7728 7727 7592
f 7592 7593 7728
f 7595 7729 7730
f 7594 7729 7595
f 7591 7727 7731
f 7591 7731 7594
f 7594 7731 7729
f 7727 7728 7732
f 7731 7727 7732
f 7728 7733 7732
f 7728 7593 7733
f 7593 7596 7733
f 7598 7734 7735
f 7597 7734 7598
f 7734 7597 7595
f 7730 7734 7595
f 7733 7596 7736
f 7736 7596 7599
f 7735 7737 7598
f 7737 7600 7598
f 7738 7739 7736
f 7738 7736 7601
f 7601 7736 7599
f 7739 7738 7740
f 7604 7741 7742
f 7603 7741 7604
f 7741 7603 7600
f 7737 7741 7600
f 7743 7738 7601
f 7606 7743 7601
f 7740 7743 7744
f 7738 7743 7740
f 7607 7746 7745
f 7607 7604 7746
f 7604 7742 7746
f 7607 7745 7609
f 7612 7613 7747
f 7606 7612 7747
f 7606 7747 7743
f 7743 7747 7748
f 7744 7748 7749
f 7743 7748 7744
f 7751 7745 7746
f 7750 7745 7751
f 7614 7609 7745
f 7614 7745 7752
f 7752 7745 7750
f 7615 7614 7752
f 7753 7615 7752
f 7616 7615 7753
f 7754 7616 7753
f 7613 7616 7754
f 7613 7754 7747
f 7747 7754 7755
f 7747 7755 7748
f 7748 7755 7756
f 7749 7756 7757
f 7748 7756 7749
f 7751 7758 7750
f 7760 7750 7758
f 7760 7759 7750
f 7759 7752 7750
f 7752 7759 7753
f 7753 7759 7761
f 7762 7761 7763
f 7762 7754 7761
f 7754 7753 7761
f 7754 7764 7755
f 7762 7764 7754
f 7755 7765 7756
f 7764 7765 7755
f 7756 7765 7757
f 7760 7766 7759
f 7759 7767 7761
f 7766 7767 7759
f 7761 7767 7763
f 7770 7768 7769
f 7621 7769 7768
f 7621 7620 7769
f 7620 7771 7769
f 7620 7772 7771
f 7622 7772 7620
f 7768 7624 7623
f 7768 7770 7624
f 7770 7773 7624
f 7768 7623 7621
f 7772 7622 7626
f 7774 7772 7626
f 7626 7775 7774
f 7627 7775 7626
f 7778 7776 7777
f 7777 7776 7628
f 7777 7628 7773
f 7773 7628 7624
f 7779 7780 7775
f 7779 7775 7629
f 7629 7775 7627
f 7780 7779 7781
f 7783 7776 7778
f 7782 7776 7783
f 7776 7782 7630
f 7628 7776 7630
f 7784 7779 7629
f 7631 7784 7629
f 7781 7784 7785
f 7779 7784 7781
f 7787 7782 7783
f 7786 7782 7787
f 7782 7786 7633
f 7630 7782 7633
f 7788 7784 7631
f 7636 7788 7631
f 7785 7788 7789
f 7784 7788 7785
f 7787 7790 7786
f 7792 7791 7637
f 7790 7792 7637
f 7790 7637 7633
f 7790 7633 7786
f 7638 7637 7791
f 7793 7638 7791
f 7639 7638 7793
f 7794 7639 7793
f 7794 7796 7795
f 7639 7794 7795
f 7639 7795 7788
f 7639 7788 7636
f 7788 7795 7789
f 7792 7797 7791
f 7791 7798 7793
f 7797 7798 7791
f 7793 7799 7794
f 7798 7799 7793
f 7794 7799 7796
f 7640 7800 7641
f 7800 7801 7802
f 7640 7801 7800
f 7640 7803 7801
f 7640 7643 7803
f 7803 7805 7804
f 7801 7803 7804
f 7805 7646 7644
f 7805 7644 7804
f 7804 7644 7806
f 7808 7647 7807
f 7808 7806 7647
f 7806 7644 7647
f 7647 7648 7807
f 7809 7641 7800
f 7809 7810 7641
f 7810 7649 7641
f 7800 7802 7809
f 7808 7807 7811
f 7807 7648 7650
f 7807 7650 7811
f 7811 7650 7812
f 7650 7813 7812
f 7651 7813 7650
f 7814 7810 7815
f 7814 7653 7810
f 7653 7649 7810
f 7815 7816 7814
f 7813 7651 7817
f 7817 7651 7654
f 7814 7655 7653
f 7655 7814 7816
f 7655 7816 7656
f 7656 7816 7818
f 7819 7820 7817
f 7819 7817 7657
f 7657 7817 7654
f 7820 7819 7821
f 7658 7823 7822
f 7658 7656 7823
f 7656 7818 7823
f 7658 7822 7659
f 7819 7657 7661
f 7661 7821 7819
f 7661 7662 7821
f 7662 7824 7821
f 7823 7825 7822
f 7822 7825 7826
f 7822 7826 7659
f 7659 7826 7664
f 7827 7828 7824
f 7827 7824 7666
f 7666 7824 7662
f 7828 7827 7829
f 7667 7831 7830
f 7667 7664 7831
f 7664 7826 7831
f 7667 7830 7669
f 7827 7666 7672
f 7672 7673 7832
f 7827 7672 7832
f 7827 7832 7833
f 7827 7833 7829
f 7833 7832 7834
f 7836 7830 7831
f 7835 7830 7836
f 7830 7835 7675
f 7669 7830 7675
f 7837 7832 7673
f 7679 7837 7673
f 7834 7837 7838
f 7832 7837 7834
f 7836 7839 7835
f 7835 7839 7840
f 7835 7840 7675
f 7675 7840 7681
f 7841 7837 7679
f 7685 7841 7679
f 7838 7841 7842
f 7837 7841 7838
f 7840 7843 7681
f 7843 7687 7681
f 7692 7845 7844
f 7691 7692 7844
f 7685 7846 7841
f 7685 7691 7846
f 7691 7844 7846
f 7841 7846 7842
f 7843 7847 7687
f 7847 7694 7687
f 7696 7697 7848
f 7848 7850 7849
f 7848 7849 7696
f 7696 7849 7698
f 7849 7692 7698
f 7845 7692 7849
f 7847 7851 7694
f 7851 7700 7694
f 7702 7853 7852
f 7701 7702 7852
f 7697 7854 7848
f 7697 7701 7854
f 7701 7852 7854
f 7848 7854 7850
f 7704 7855 7856
f 7703 7855 7704
f 7855 7703 7700
f 7851 7855 7700
f 7853 7702 7857
f 7857 7702 7705
f 7707 7858 7859
f 7706 7858 7707
f 7858 7706 7704
f 7856 7858 7704
f 7857 7705 7860
f 7860 7705 7708
f 7859 7861 7707
f 7861 7710 7707
f 7860 7708 7862
f 7862 7708 7712
f 7861 7713 7710
f 7863 7713 7861
f 7713 7863 7864
f 7715 7713 7864
f 7717 7866 7865
f 7716 7717 7865
f 7865 7712 7716
f 7862 7712 7865
f 7864 7718 7715
f 7867 7718 7864
f 7867 7717 7718
f 7866 7717 7867
f 7729 7868 7730
f 7731 7868 7729
f 7869 7868 7731
f 7732 7869 7731
f 7870 7869 7732
f 7732 7733 7870
f 7734 7871 7735
f 7871 7872 7873
f 7734 7872 7871
f 7734 7868 7872
f 7734 7730 7868
f 7868 7869 7874
f 7872 7868 7874
f 7869 7870 7875
f 7874 7869 7875
f 7870 7876 7875
f 7870 7733 7876
f 7733 7736 7876
f 7877 7735 7871
f 7877 7878 7735
f 7878 7737 7735
f 7871 7873 7877
f 7876 7736 7739
f 7879 7876 7739
f 7739 7880 7879
f 7740 7880 7739
f 7741 7881 7742
f 7881 7741 7737
f 7881 7737 7882
f 7882 7737 7878
f 7883 7884 7880
f 7883 7880 7744
f 7744 7880 7740
f 7884 7883 7885
f 7886 7742 7881
f 7886 7887 7742
f 7887 7746 7742
f 7881 7882 7886
f 7888 7883 7744
f 7749 7888 7744
f 7885 7889 7890
f 7885 7883 7889
f 7883 7888 7889
f 7890 7889 7891
f 7887 7892 7746
f 7892 7751 7746
f 7893 7888 7749
f 7757 7893 7749
f 7888 7893 7889
f 7889 7893 7894
f 7891 7894 7895
f 7889 7894 7891
f 7758 7897 7896
f 7758 7751 7897
f 7751 7892 7897
f 7758 7896 7760
f 7762 7763 7898
f 7764 7762 7898
f 7899 7764 7898
f 7765 7764 7899
f 7900 7765 7899
f 7757 7765 7900
f 7757 7900 7893
f 7893 7900 7901
f 7893 7901 7894
f 7894 7901 7902
f 7895 7902 7903
f 7894 7902 7895
f 7897 7904 7896
f 7896 7766 7760
f 7896 7904 7766
f 7904 7905 7766
f 7907 7906 7767
f 7907 7767 7905
f 7905 7767 7766
f 7763 7767 7906
f 7763 7906 7898
f 7898 7906 7908
f 7898 7908 7899
f 7899 7908 7909
f 7899 7909 7900
f 7900 7909 7910
f 7900 7910 7901
f 7901 7910 7911
f 7912 7911 7913
f 7912 7902 7911
f 7902 7901 7911
f 7902 7912 7903
f 7907 7914 7906
f 7906 7915 7908
f 7914 7915 7906
f 7908 7916 7909
f 7915 7916 7908
f 7909 7917 7910
f 7916 7917 7909
f 7910 7918 7911
f 7917 7918 7910
f 7911 7918 7913
f 7769 7919 7770
f 7771 7919 7769
f 7920 7919 7771
f 7771 7772 7920
f 7923 7921 7922
f 7921 7924 7922
f 7921 7770 7924
f 7921 7773 7770
f 7919 7924 7770
f 7919 7920 7925
f 7924 7919 7925
f 7920 7772 7774
f 7920 7774 7925
f 7925 7774 7926
f 7927 7774 7775
f 7927 7928 7774
f 7928 7926 7774
f 7928 7929 7930
f 7927 7929 7928
f 7930 7929 7931
f 7921 7778 7777
f 7921 7923 7778
f 7923 7932 7778
f 7921 7777 7773
f 7927 7775 7780
f 7780 7781 7933
f 7780 7933 7927
f 7927 7933 7929
f 7931 7933 7934
f 7929 7933 7931
f 7937 7935 7936
f 7936 7935 7783
f 7936 7783 7932
f 7932 7783 7778
f 7938 7933 7781
f 7785 7938 7781
f 7934 7938 7939
f 7933 7938 7934
f 7941 7935 7937
f 7940 7935 7941
f 7935 7940 7787
f 7783 7935 7787
f 7942 7938 7785
f 7789 7942 7785
f 7939 7942 7943
f 7938 7942 7939
f 7941 7944 7940
f 7946 7945 7790
f 7944 7946 7790
f 7944 7790 7787
f 7944 7787 7940
f 7790 7945 7792
f 7795 7796 7947
f 7789 7795 7947
f 7789 7947 7942
f 7942 7947 7948
f 7943 7948 7949
f 7942 7948 7943
f 7951 7945 7946
f 7950 7945 7951
f 7797 7792 7945
f 7797 7945 7952
f 7952 7945 7950
f 7798 7797 7952
f 7953 7798 7952
f 7799 7798 7953
f 7954 7799 7953
f 7796 7799 7954
f 7796 7954 7947
f 7947 7954 7955
f 7956 7955 7957
f 7956 7948 7955
f 7948 7947 7955
f 7948 7956 7949
f 7801 7958 7802
f 7958 7959 7960
f 7958 7801 7959
f 7801 7804 7959
f 7959 7804 7961
f 7804 7806 7961
f 7806 7962 7961
f 7808 7962 7806
f 7809 7963 7810
f 7963 7964 7965
f 7809 7964 7963
f 7809 7958 7964
f 7809 7802 7958
f 7958 7960 7964
f 7962 7808 7811
f 7966 7962 7811
f 7966 7811 7967
f 7811 7812 7967
f 7812 7968 7967
f 7813 7968 7812
f 7963 7815 7810
f 7815 7963 7965
f 7815 7965 7816
f 7816 7965 7969
f 7970 7971 7968
f 7970 7968 7817
f 7817 7968 7813
f 7971 7970 7972
f 7969 7973 7816
f 7973 7818 7816
f 7970 7817 7820
f 7820 7972 7970
f 7820 7821 7972
f 7821 7974 7972
f 7973 7975 7818
f 7975 7823 7818
f 7976 7977 7974
f 7976 7974 7824
f 7824 7974 7821
f 7977 7976 7978
f 7975 7825 7823
f 7979 7825 7975
f 7825 7979 7980
f 7826 7825 7980
f 7976 7824 7828
f 7828 7829 7981
f 7976 7828 7981
f 7976 7981 7982
f 7976 7982 7978
f 7982 7981 7983
f 7980 7984 7826
f 7984 7831 7826
f 7981 7829 7833
f 7833 7983 7981
f 7833 7834 7983
f 7834 7985 7983
f 7984 7986 7831
f 7986 7836 7831
f 7985 7834 7987
f 7987 7834 7838
f 7839 7989 7988
f 7839 7836 7989
f 7836 7986 7989
f 7839 7988 7840
f 7992 7991 7990
f 7991 7842 7990
f 7991 7987 7842
f 7987 7838 7842
f 7989 7993 7988
f 7988 7993 7994
f 7988 7994 7840
f 7840 7994 7843
f 7845 7996 7995
f 7844 7845 7995
f 7990 7995 7992
f 7990 7846 7995
f 7846 7844 7995
f 7990 7842 7846
f 7994 7997 7843
f 7997 7847 7843
f 7850 7999 7998
f 7849 7850 7998
f 7998 7845 7849
f 7996 7845 7998
f 7997 8000 7847
f 8000 7851 7847
f 7852 7853 8001
f 8001 8003 8002
f 8001 8002 7852
f 7852 8002 7854
f 8002 7850 7854
f 7999 7850 8002
f 7856 8004 8005
f 7855 8004 7856
f 8004 7855 7851
f 8000 8004 7851
f 8006 8001 7853
f 8006 7853 8007
f 8007 7853 7857
f 8001 8006 8003
f 7858 8008 7859
f 8008 7858 7856
f 8008 7856 8009
f 8009 7856 8005
f 8007 7857 8010
f 8010 7857 7860
f 8011 7859 8008
f 8011 8012 7859
f 8012 7861 7859
f 8008 8009 8011
f 8010 7860 8013
f 8013 7860 7862
f 8012 7863 7861
f 8014 7863 8012
f 7863 8014 8015
f 7864 7863 8015
f 7866 8017 8016
f 7865 7866 8016
f 8016 7862 7865
f 8013 7862 8016
f 8015 7867 7864
f 8018 7867 8015
f 8018 7866 7867
f 8017 7866 8018
f 7872 8019 7873
f 7874 8019 7872
f 8020 8019 7874
f 7875 8020 7874
f 8021 8020 7875
f 7875 7876 8021
f 7877 8022 7878
f 8022 8023 8024
f 7877 8023 8022
f 7877 8019 8023
f 7877 7873 8019
f 8019 8020 8025
f 8023 8019 8025
f 8020 8021 8026
f 8025 8020 8026
f 8021 7876 7879
f 8021 7879 8026
f 8026 7879 8027
f 8028 7879 7880
f 8028 8029 7879
f 8029 8027 7879
f 8029 8028 8030
f 8031 7878 8022
f 8031 8032 7878
f 8032 7882 7878
f 8022 8024 8031
f 8028 7880 7884
f 7884 7885 8033
f 8028 7884 8033
f 8028 8033 8034
f 8028 8034 8030
f 8034 8033 8035
f 7886 8036 7887
f 8036 7886 7882
f 8036 7882 8037
f 8037 7882 8032
f 8033 7885 7890
f 7890 7891 8038
f 8033 7890 8038
f 8033 8038 8039
f 8033 8039 8035
f 8039 8038 8040
f 8041 7887 8036
f 8041 8042 7887
f 8042 7892 7887
f 8036 8037 8041
f 8043 8038 7891
f 7895 8043 7891
f 8040 8043 8044
f 8038 8043 8040
f 8042 8045 7892
f 8045 7897 7892
f 8046 8043 7895
f 8046 7895 8047
f 8047 7895 7903
f 8043 8046 8044
f 7904 8049 8048
f 7904 7897 8049
f 7897 8045 8049
f 7905 7904 8048
f 8050 7905 8048
f 7905 8050 7907
f 7912 7913 8051
f 8051 7903 7912
f 8051 8052 7903
f 8052 8047 7903
f 8049 8053 8048
f 8048 8054 8050
f 8053 8054 8048
f 8056 8055 7914
f 8054 8056 7914
f 8054 7914 7907
f 8054 7907 8050
f 7915 7914 8055
f 8057 7915 8055
f 7916 7915 8057
f 8058 7916 8057
f 7917 7916 8058
f 8059 7917 8058
f 8059 8061 8060
f 8059 8060 7917
f 7917 8060 7918
f 7913 8062 8051
f 7913 7918 8062
f 7918 8060 8062
f 8051 8062 8052
f 8056 8063 8055
f 8055 8064 8057
f 8063 8064 8055
f 8057 8065 8058
f 8064 8065 8057
f 8058 8066 8059
f 8065 8066 8058
f 8059 8066 8061
f 8069 8067 8068
f 8068 8070 8071
f 8067 8070 8068
f 8071 8070 8072
f 8074 8067 8069
f 8073 8067 8074
f 8067 8073 8070
f 8070 8073 8075
f 8072 8075 8076
f 8070 8075 8072
f 8074 8077 8073
f 8073 8078 8075
f 8077 8078 8073
f 8075 8078 8076
f 8081 8079 8080
f 7923 8080 8079
f 7923 7922 8080
f 7922 8082 8080
f 8082 7922 8083
f 7922 7924 8083
f 8085 7925 8084
f 8085 8083 7925
f 8083 7924 7925
f 7926 8084 7925
f 8086 8084 7926
f 7928 8086 7926
f 8087 8086 7928
f 7930 8087 7928
f 8088 8087 7930
f 7930 7931 8088
f 8090 8079 8081
f 8089 8079 8090
f 8079 8089 7932
f 7923 8079 7932
f 8085 8084 8091
f 8093 8091 8084
f 8093 8084 8092
f 8092 8084 8086
f 8086 8087 8092
f 8087 8094 8092
f 8095 8096 8094
f 8095 8094 8088
f 8088 8094 8087
f 8088 8097 8095
f 8088 7931 8097
f 7931 7934 8097
f 8100 8098 8099
f 8089 7937 7936
f 8090 7937 8089
f 8090 8098 7937
f 8090 8099 8098
f 8089 7936 7932
f 8093 8092 8101
f 8092 8094 8102
f 8101 8092 8102
f 8094 8096 8102
f 8097 7934 8103
f 8103 7934 7939
f 8100 8104 8098
f 8098 8104 8105
f 8098 8105 7937
f 7937 8105 7941
f 8106 8107 8103
f 8106 8103 7943
f 7943 8103 7939
f 8107 8106 8108
f 7944 8110 8109
f 7944 7941 8110
f 7941 8105 8110
f 7944 8109 7946
f 8111 8106 7943
f 8111 7943 8112
f 8112 7943 7949
f 8106 8111 8108
f 8114 8109 8110
f 8113 8109 8114
f 8109 8113 7951
f 7946 8109 7951
f 7957 8116 8115
f 7956 7957 8115
f 8115 7949 7956
f 8112 7949 8115
f 7959 8117 7960
f 7961 8117 7959
f 8118 8117 7961
f 7961 7962 8118
f 7964 8119 7965
f 8119 8120 8121
f 7964 8120 8119
f 7964 8117 8120
f 7964 7960 8117
f 8117 8118 8122
f 8120 8117 8122
f 8118 7962 7966
f 8118 7966 8122
f 8122 7966 8123
f 8123 7966 8124
f 7966 7967 8124
f 7967 8125 8124
f 7968 8125 7967
f 8126 7965 8119
f 7969 7965 8126
f 8121 8127 8126
f 8119 8121 8126
f 8125 7968 7971
f 8128 8125 7971
f 7971 8129 8128
f 7972 8129 7971
f 8130 7969 8126
f 7973 7969 8130
f 8127 8131 8130
f 8126 8127 8130
f 8132 8133 8129
f 8132 8129 7974
f 7974 8129 7972
f 8133 8132 8134
f 8135 7973 8130
f 7975 7973 8135
f 8131 8136 8135
f 8130 8131 8135
f 8132 7974 7977
f 7977 7978 8137
f 8132 7977 8137
f 8132 8137 8138
f 8132 8138 8134
f 8138 8137 8139
f 8135 7979 7975
f 7979 8135 8136
f 7979 8136 7980
f 7980 8136 8140
f 8137 7978 7982
f 7982 8139 8137
f 7982 7983 8139
f 7983 8141 8139
f 8140 8142 7980
f 8142 7984 7980
f 8141 7983 8143
f 8143 7983 7985
f 8142 8144 7984
f 8144 7986 7984
f 8147 8146 8145
f 8146 7987 8145
f 8146 8143 7987
f 8143 7985 7987
f 8144 8148 7986
f 8148 7989 7986
f 8145 7991 7992
f 8145 7992 8147
f 8147 7992 8149
f 8145 7987 7991
f 8148 7993 7989
f 8150 7993 8148
f 7993 8150 8151
f 7994 7993 8151
f 7996 8153 8152
f 7995 7996 8152
f 8152 7992 7995
f 8149 7992 8152
f 8151 8154 7994
f 8154 7997 7994
f 7999 8156 8155
f 7998 7999 8155
f 8155 7996 7998
f 8153 7996 8155
f 8154 8157 7997
f 8157 8000 7997
f 8003 8159 8158
f 8002 8003 8158
f 8158 7999 8002
f 8156 7999 8158
f 8005 8160 8161
f 8004 8160 8005
f 8160 8004 8000
f 8157 8160 8000
f 8006 8007 8162
f 8162 8003 8006
f 8162 8163 8003
f 8163 8159 8003
f 8161 8164 8005
f 8164 8009 8005
f 8165 8162 8007
f 8165 8007 8166
f 8166 8007 8010
f 8162 8165 8163
f 8011 8167 8012
f 8167 8011 8009
f 8167 8009 8168
f 8168 8009 8164
f 8166 8010 8169
f 8169 8010 8013
f 8167 8014 8012
f 8014 8167 8168
f 8014 8168 8015
f 8015 8168 8170
f 8017 8172 8171
f 8016 8017 8171
f 8171 8013 8016
f 8169 8013 8171
f 8170 8018 8015
f 8173 8018 8170
f 8173 8017 8018
f 8172 8017 8173
f 8176 8174 8175
f 8175 8177 8178
f 8174 8177 8175
f 8178 8177 8179
f 8182 8180 8181
f 8181 8174 8176
f 8181 8180 8174
f 8180 8183 8174
f 8174 8183 8177
f 8177 8183 8184
f 8179 8185 8186
f 8179 8177 8185
f 8177 8184 8185
f 8186 8185 8187
f 8189 8180 8182
f 8188 8180 8189
f 8180 8188 8183
f 8183 8188 8190
f 8183 8190 8184
f 8184 8190 8191
f 8192 8191 8193
f 8192 8185 8191
f 8185 8184 8191
f 8185 8192 8187
f 8195 8188 8189
f 8194 8188 8195
f 8188 8194 8190
f 8190 8194 8196
f 8197 8196 8198
f 8197 8191 8196
f 8191 8190 8196
f 8191 8197 8193
f 8195 8199 8194
f 8194 8200 8196
f 8199 8200 8194
f 8196 8200 8198
f 8023 8201 8024
f 8025 8201 8023
f 8202 8201 8025
f 8202 8203 8204
f 8202 8025 8203
f 8025 8026 8203
f 8203 8026 8205
f 8026 8027 8205
f 8207 8029 8206
f 8207 8205 8029
f 8205 8027 8029
f 8029 8030 8206
f 8031 8208 8032
f 8208 8209 8210
f 8031 8209 8208
f 8031 8201 8209
f 8031 8024 8201
f 8201 8202 8211
f 8209 8201 8211
f 8202 8204 8211
f 8207 8206 8212
f 8206 8030 8034
f 8206 8034 8212
f 8212 8034 8213
f 8214 8034 8035
f 8214 8215 8034
f 8215 8213 8034
f 8215 8214 8216
f 8217 8032 8208
f 8037 8032 8217
f 8210 8218 8217
f 8208 8210 8217
f 8214 8035 8039
f 8039 8040 8219
f 8214 8039 8219
f 8214 8219 8220
f 8214 8220 8216
f 8220 8219 8221
f 8041 8222 8042
f 8222 8223 8224
f 8041 8223 8222
f 8041 8217 8223
f 8041 8037 8217
f 8217 8218 8223
f 8225 8219 8040
f 8225 8040 8226
f 8226 8040 8044
f 8219 8225 8221
f 8227 8042 8222
f 8045 8042 8227
f 8224 8228 8227
f 8222 8224 8227
f 8046 8047 8229
f 8229 8044 8046
f 8229 8230 8044
f 8230 8226 8044
f 8231 8045 8227
f 8231 8232 8045
f 8232 8049 8045
f 8227 8228 8231
f 8233 8229 8047
f 8233 8047 8234
f 8234 8047 8052
f 8229 8233 8230
f 8232 8053 8049
f 8235 8053 8232
f 8237 8236 8054
f 8237 8054 8235
f 8235 8054 8053
f 8054 8236 8056
f 8060 8061 8238
f 8238 8240 8239
f 8238 8239 8060
f 8060 8239 8062
f 8239 8052 8062
f 8234 8052 8239
f 8237 8241 8236
f 8243 8242 8063
f 8241 8243 8063
f 8241 8063 8056
f 8241 8056 8236
f 8064 8063 8242
f 8244 8064 8242
f 8065 8064 8244
f 8245 8065 8244
f 8245 8247 8246
f 8245 8246 8065
f 8065 8246 8066
f 8061 8248 8238
f 8061 8066 8248
f 8066 8246 8248
f 8238 8248 8240
f 8243 8249 8242
f 8242 8250 8244
f 8249 8250 8242
f 8244 8251 8245
f 8250 8251 8244
f 8245 8251 8247
f 8069 8252 8253
f 8068 8252 8069
f 8252 8068 8254
f 8068 8071 8254
f 8255 8071 8072
f 8255 8256 8071
f 8256 8254 8071
f 8256 8255 8257
f 8260 8258 8259
f 8259 8258 8074
f 8259 8074 8253
f 8253 8074 8069
f 8261 8255 8072
f 8076 8261 8072
f 8257 8262 8263
f 8257 8255 8262
f 8255 8261 8262
f 8260 8264 8258
f 8266 8265 8077
f 8264 8266 8077
f 8264 8077 8074
f 8264 8074 8258
f 8078 8077 8265
f 8267 8078 8265
f 8076 8078 8267
f 8076 8267 8261
f 8261 8267 8268
f 8269 8268 8270
f 8269 8262 8268
f 8262 8261 8268
f 8266 8271 8265
f 8265 8272 8267
f 8271 8272 8265
f 8267 8273 8268
f 8272 8273 8267
f 8268 8273 8270
f 8081 8274 8275
f 8080 8274 8081
f 8274 8080 8276
f 8080 8082 8276
f 8278 8083 8277
f 8278 8276 8083
f 8276 8082 8083
f 8083 8085 8277
f 8281 8279 8280
f 8280 8279 8090
f 8280 8090 8275
f 8275 8090 8081
f 8278 8277 8282
f 8284 8091 8283
f 8282 8091 8284
f 8282 8085 8091
f 8282 8277 8085
f 8091 8093 8283
f 8095 8285 8096
f 8095 8097 8285
f 8279 8100 8099
f 8279 8281 8100
f 8281 8286 8100
f 8279 8099 8090
f 8284 8283 8287
f 8289 8101 8288
f 8287 8101 8289
f 8287 8093 8101
f 8287 8283 8093
f 8102 8288 8101
f 8290 8288 8102
f 8096 8290 8102
f 8096 8285 8290
f 8285 8291 8290
f 8285 8103 8291
f 8097 8103 8285
f 8104 8293 8292
f 8104 8100 8293
f 8100 8286 8293
f 8104 8292 8105
f 8289 8288 8294
f 8288 8290 8295
f 8294 8288 8295
f 8290 8291 8296
f 8295 8290 8296
f 8298 8107 8297
f 8296 8107 8298
f 8296 8103 8107
f 8296 8291 8103
f 8107 8108 8297
f 8300 8292 8293
f 8299 8292 8300
f 8292 8299 8110
f 8105 8292 8110
f 8297 8111 8112
f 8297 8112 8298
f 8298 8112 8301
f 8297 8108 8111
f 8300 8302 8299
f 8299 8302 8303
f 8299 8303 8110
f 8110 8303 8114
f 8306 8305 8304
f 8116 8304 8305
f 8116 8305 8115
f 8115 8305 8307
f 8307 8112 8115
f 8301 8112 8307
f 8120 8308 8121
f 8122 8308 8120
f 8309 8308 8122
f 8123 8309 8122
f 8310 8309 8123
f 8124 8310 8123
f 8311 8310 8124
f 8124 8125 8311
f 8312 8121 8308
f 8127 8121 8312
f 8313 8314 8312
f 8313 8312 8309
f 8309 8312 8308
f 8309 8310 8315
f 8313 8309 8315
f 8310 8311 8316
f 8315 8310 8316
f 8318 8128 8317
f 8316 8128 8318
f 8316 8125 8128
f 8316 8311 8125
f 8128 8129 8317
f 8319 8127 8312
f 8131 8127 8319
f 8314 8320 8319
f 8312 8314 8319
f 8318 8317 8321
f 8317 8129 8133
f 8317 8133 8321
f 8321 8133 8322
f 8133 8323 8322
f 8134 8323 8133
f 8324 8131 8319
f 8136 8131 8324
f 8320 8325 8324
f 8319 8320 8324
f 8138 8326 8327
f 8138 8327 8134
f 8134 8327 8323
f 8138 8139 8326
f 8328 8136 8324
f 8140 8136 8328
f 8325 8329 8328
f 8324 8325 8328
f 8331 8327 8326
f 8330 8331 8326
f 8326 8141 8330
f 8139 8141 8326
f 8332 8140 8328
f 8142 8140 8332
f 8329 8333 8332
f 8328 8329 8332
f 8335 8331 8330
f 8334 8335 8330
f 8330 8143 8334
f 8141 8143 8330
f 8336 8142 8332
f 8144 8142 8336
f 8333 8337 8336
f 8332 8333 8336
f 8334 8146 8147
f 8334 8147 8335
f 8335 8147 8338
f 8334 8143 8146
f 8339 8144 8336
f 8148 8144 8339
f 8337 8340 8339
f 8336 8337 8339
f 8343 8342 8341
f 8342 8149 8341
f 8342 8338 8149
f 8338 8147 8149
f 8339 8150 8148
f 8150 8339 8340
f 8150 8340 8151
f 8151 8340 8344
f 8341 8152 8153
f 8341 8153 8343
f 8343 8153 8345
f 8341 8149 8152
f 8344 8346 8151
f 8346 8154 8151
f 8156 8348 8347
f 8155 8156 8347
f 8347 8153 8155
f 8345 8153 8347
f 8346 8349 8154
f 8349 8157 8154
f 8158 8159 8350
f 8350 8156 8158
f 8350 8351 8156
f 8351 8348 8156
f 8160 8352 8161
f 8352 8160 8157
f 8352 8157 8353
f 8353 8157 8349
f 8354 8350 8159
f 8354 8159 8355
f 8355 8159 8163
f 8350 8354 8351
f 8356 8161 8352
f 8164 8161 8356
f 8353 8357 8356
f 8352 8353 8356
f 8165 8166 8358
f 8358 8163 8165
f 8358 8359 8163
f 8359 8355 8163
f 8360 8164 8356
f 8168 8164 8360
f 8357 8361 8360
f 8356 8357 8360
f 8362 8358 8166
f 8362 8166 8363
f 8363 8166 8169
f 8358 8362 8359
f 8364 8168 8360
f 8170 8168 8364
f 8361 8365 8171
f 8361 8171 8364
f 8361 8364 8360
f 8364 8171 8172
f 8365 8169 8171
f 8363 8169 8365
f 8368 8366 8367
f 8367 8369 8370
f 8366 8369 8367
f 8370 8371 8372
f 8369 8371 8370
f 8372 8373 8374
f 8371 8373 8372
f 8374 8373 8375
f 8364 8173 8170
f 8364 8172 8173
f 8377 8366 8368
f 8376 8366 8377
f 8366 8376 8369
f 8369 8376 8378
f 8176 8175 8371
f 8176 8371 8378
f 8378 8371 8369
f 8373 8371 8175
f 8178 8373 8175
f 8178 8179 8379
f 8373 8178 8379
f 8373 8379 8380
f 8373 8380 8375
f 8380 8379 8381
f 8383 8376 8377
f 8382 8376 8383
f 8182 8181 8378
f 8182 8378 8382
f 8382 8378 8376
f 8378 8181 8176
f 8379 8179 8186
f 8186 8381 8379
f 8186 8187 8381
f 8187 8384 8381
f 8386 8382 8383
f 8385 8382 8386
f 8382 8385 8189
f 8182 8382 8189
f 8192 8193 8387
f 8387 8187 8192
f 8387 8388 8187
f 8388 8384 8187
f 8390 8385 8386
f 8389 8385 8390
f 8385 8389 8195
f 8189 8385 8195
f 8197 8198 8391
f 8391 8393 8392
f 8197 8391 8392
f 8197 8392 8387
f 8197 8387 8193
f 8387 8392 8388
f 8396 8394 8395
f 8395 8389 8390
f 8395 8394 8389
f 8394 8397 8389
f 8199 8195 8389
f 8199 8389 8398
f 8398 8389 8397
f 8200 8199 8398
f 8399 8200 8398
f 8399 8401 8400
f 8200 8399 8400
f 8200 8400 8391
f 8200 8391 8198
f 8391 8400 8393
f 8403 8394 8396
f 8402 8394 8403
f 8394 8402 8397
f 8397 8402 8404
f 8405 8404 8406
f 8405 8398 8404
f 8398 8397 8404
f 8398 8407 8399
f 8405 8407 8398
f 8399 8407 8401
f 8409 8402 8403
f 8408 8402 8409
f 8410 8408 8411
f 8410 8404 8408
f 8404 8402 8408
f 8404 8410 8406
f 8409 8412 8408
f 8408 8412 8411
f 8203 8413 8204
f 8205 8413 8203
f 8414 8413 8205
f 8205 8207 8414
f 8209 8415 8210
f 8415 8416 8417
f 8415 8209 8416
f 8209 8211 8416
f 8204 8413 8418
f 8204 8418 8211
f 8211 8418 8416
f 8413 8414 8419
f 8418 8413 8419
f 8414 8207 8212
f 8414 8212 8419
f 8419 8212 8420
f 8420 8212 8421
f 8212 8213 8421
f 8421 8213 8422
f 8213 8215 8422
f 8423 8215 8216
f 8423 8424 8215
f 8424 8422 8215
f 8424 8423 8425
f 8426 8210 8415
f 8426 8427 8210
f 8427 8218 8210
f 8415 8417 8426
f 8423 8216 8220
f 8220 8425 8423
f 8220 8221 8425
f 8221 8428 8425
f 8224 8429 8430
f 8223 8429 8224
f 8429 8223 8218
f 8427 8429 8218
f 8225 8226 8431
f 8431 8221 8225
f 8431 8432 8221
f 8432 8428 8221
f 8430 8433 8224
f 8433 8228 8224
f 8434 8431 8226
f 8434 8226 8435
f 8435 8226 8230
f 8431 8434 8432
f 8231 8436 8232
f 8436 8231 8228
f 8436 8228 8437
f 8437 8228 8433
f 8234 8439 8438
f 8233 8234 8438
f 8438 8230 8233
f 8435 8230 8438
f 8436 8235 8232
f 8235 8436 8437
f 8235 8437 8237
f 8237 8437 8440
f 8443 8442 8441
f 8240 8441 8442
f 8240 8442 8239
f 8239 8442 8444
f 8444 8234 8239
f 8439 8234 8444
f 8241 8446 8445
f 8241 8237 8446
f 8237 8440 8446
f 8241 8445 8243
f 8247 8448 8447
f 8246 8247 8447
f 8441 8447 8443
f 8441 8248 8447
f 8248 8246 8447
f 8441 8240 8248
f 8446 8449 8445
f 8451 8450 8249
f 8449 8451 8249
f 8449 8249 8243
f 8449 8243 8445
f 8250 8249 8450
f 8452 8250 8450
f 8251 8250 8452
f 8453 8251 8452
f 8453 8247 8251
f 8453 8454 8247
f 8454 8448 8247
f 8451 8455 8450
f 8450 8456 8452
f 8455 8456 8450
f 8452 8457 8453
f 8456 8457 8452
f 8453 8457 8454
f 8253 8458 8459
f 8252 8458 8253
f 8458 8252 8460
f 8252 8254 8460
f 8460 8254 8461
f 8254 8256 8461
f 8462 8256 8257
f 8462 8463 8256
f 8463 8461 8256
f 8260 8464 8465
f 8259 8464 8260
f 8464 8259 8253
f 8459 8464 8253
f 8462 8257 8263
f 8264 8467 8466
f 8264 8260 8467
f 8260 8465 8467
f 8264 8466 8266
f 8269 8270 8468
f 8467 8469 8466
f 8471 8470 8271
f 8469 8471 8271
f 8469 8271 8266
f 8469 8266 8466
f 8272 8271 8470
f 8472 8272 8470
f 8273 8272 8472
f 8473 8273 8472
f 8473 8475 8474
f 8273 8473 8474
f 8273 8474 8468
f 8273 8468 8270
f 8471 8476 8470
f 8470 8477 8472
f 8476 8477 8470
f 8472 8478 8473
f 8477 8478 8472
f 8473 8478 8475
f 8275 8479 8480
f 8274 8479 8275
f 8482 8276 8481
f 8482 8479 8276
f 8479 8274 8276
f 8276 8278 8481
f 8281 8483 8484
f 8280 8483 8281
f 8483 8280 8275
f 8480 8483 8275
f 8482 8481 8485
f 8487 8282 8486
f 8485 8282 8487
f 8485 8278 8282
f 8485 8481 8278
f 8282 8284 8486
f 8490 8488 8489
f 8489 8488 8286
f 8489 8286 8484
f 8484 8286 8281
f 8487 8486 8491
f 8493 8287 8492
f 8491 8287 8493
f 8491 8284 8287
f 8491 8486 8284
f 8287 8289 8492
f 8490 8494 8488
f 8488 8494 8495
f 8488 8495 8286
f 8286 8495 8293
f 8493 8492 8496
f 8498 8294 8497
f 8496 8294 8498
f 8496 8289 8294
f 8496 8492 8289
f 8295 8497 8294
f 8499 8497 8295
f 8296 8499 8295
f 8500 8499 8296
f 8296 8298 8500
f 8495 8501 8293
f 8501 8300 8293
f 8504 8503 8502
f 8503 8498 8497
f 8503 8497 8502
f 8502 8497 8505
f 8497 8499 8505
f 8499 8506 8505
f 8499 8500 8506
f 8500 8507 8506
f 8500 8301 8507
f 8298 8301 8500
f 8501 8302 8300
f 8508 8302 8501
f 8509 8303 8302
f 8509 8302 8510
f 8510 8302 8508
f 8510 8512 8511
f 8509 8510 8511
f 8512 8514 8513
f 8511 8512 8513
f 8514 8504 8502
f 8514 8502 8513
f 8513 8502 8515
f 8502 8505 8515
f 8505 8516 8515
f 8306 8506 8305
f 8306 8516 8506
f 8516 8505 8506
f 8507 8305 8506
f 8307 8305 8507
f 8507 8301 8307
f 8313 8517 8314
f 8315 8517 8313
f 8518 8517 8315
f 8316 8518 8315
f 8519 8518 8316
f 8316 8318 8519
f 8520 8314 8517
f 8320 8314 8520
f 8517 8518 8520
f 8518 8521 8520
f 8522 8523 8521
f 8522 8521 8519
f 8519 8521 8518
f 8525 8321 8524
f 8522 8321 8525
f 8522 8318 8321
f 8522 8519 8318
f 8322 8524 8321
f 8526 8524 8322
f 8322 8323 8526
f 8527 8320 8520
f 8325 8320 8527
f 8528 8529 8527
f 8528 8527 8521
f 8521 8527 8520
f 8521 8523 8528
f 8525 8524 8530
f 8524 8526 8531
f 8530 8524 8531
f 8526 8532 8531
f 8526 8323 8532
f 8323 8327 8532
f 8533 8325 8527
f 8329 8325 8533
f 8529 8534 8533
f 8527 8529 8533
f 8532 8327 8535
f 8535 8327 8331
f 8536 8329 8533
f 8536 8537 8329
f 8537 8333 8329
f 8533 8534 8536
f 8540 8539 8538
f 8539 8335 8538
f 8539 8535 8335
f 8535 8331 8335
f 8537 8541 8333
f 8541 8337 8333
f 8543 8540 8538
f 8542 8543 8538
f 8538 8338 8542
f 8335 8338 8538
f 8541 8544 8337
f 8544 8340 8337
f 8547 8546 8545
f 8542 8342 8343
f 8543 8542 8343
f 8543 8343 8545
f 8543 8545 8546
f 8542 8338 8342
f 8544 8548 8340
f 8548 8344 8340
f 8550 8547 8545
f 8549 8550 8545
f 8545 8345 8549
f 8343 8345 8545
f 8551 8548 8552
f 8551 8346 8548
f 8346 8344 8548
f 8552 8553 8551
f 8549 8347 8348
f 8549 8348 8550
f 8550 8348 8554
f 8549 8345 8347
f 8555 8346 8551
f 8349 8346 8555
f 8553 8556 8555
f 8551 8553 8555
f 8554 8348 8557
f 8557 8348 8351
f 8558 8349 8555
f 8353 8349 8558
f 8556 8559 8558
f 8555 8556 8558
f 8355 8561 8560
f 8354 8355 8560
f 8560 8351 8354
f 8557 8351 8560
f 8562 8353 8558
f 8357 8353 8562
f 8559 8563 8562
f 8558 8559 8562
f 8561 8355 8564
f 8564 8355 8359
f 8565 8357 8562
f 8361 8357 8565
f 8563 8566 8362
f 8563 8362 8565
f 8563 8565 8562
f 8565 8362 8363
f 8566 8359 8362
f 8564 8359 8566
f 8569 8567 8568
f 8568 8567 8570
f 8565 8365 8361
f 8565 8363 8365
f 8573 8571 8572
f 8368 8572 8571
f 8368 8367 8572
f 8367 8574 8572
f 8567 8569 8574
f 8567 8574 8370
f 8370 8574 8367
f 8570 8567 8370
f 8570 8370 8575
f 8575 8370 8372
f 8575 8372 8576
f 8372 8374 8576
f 8577 8374 8375
f 8577 8578 8374
f 8578 8576 8374
f 8578 8577 8579
f 8581 8571 8573
f 8580 8571 8581
f 8571 8580 8377
f 8368 8571 8377
f 8577 8375 8380
f 8380 8579 8577
f 8380 8381 8579
f 8381 8582 8579
f 8584 8580 8581
f 8583 8580 8584
f 8580 8583 8383
f 8377 8580 8383
f 8582 8381 8585
f 8585 8381 8384
f 8587 8583 8584
f 8586 8583 8587
f 8583 8586 8386
f 8383 8583 8386
f 8585 8384 8588
f 8588 8384 8388
f 8590 8586 8587
f 8589 8586 8590
f 8586 8589 8390
f 8386 8586 8390
f 8393 8592 8591
f 8392 8393 8591
f 8591 8388 8392
f 8588 8388 8591
f 8595 8593 8594
f 8589 8396 8395
f 8590 8396 8589
f 8590 8593 8396
f 8590 8594 8593
f 8589 8395 8390
f 8401 8597 8596
f 8400 8401 8596
f 8596 8393 8400
f 8592 8393 8596
f 8599 8593 8595
f 8598 8593 8599
f 8593 8598 8403
f 8396 8593 8403
f 8405 8406 8600
f 8600 8602 8601
f 8600 8601 8405
f 8405 8601 8407
f 8601 8401 8407
f 8597 8401 8601
f 8604 8598 8599
f 8603 8598 8604
f 8598 8603 8409
f 8403 8598 8409
f 8410 8411 8605
f 8605 8607 8606
f 8410 8605 8606
f 8410 8606 8600
f 8410 8600 8406
f 8600 8606 8602
f 8609 8603 8604
f 8608 8603 8609
f 8412 8409 8603
f 8412 8603 8610
f 8610 8603 8608
f 8411 8412 8610
f 8411 8610 8605
f 8605 8610 8611
f 8607 8611 8612
f 8605 8611 8607
f 8614 8608 8609
f 8613 8608 8614
f 8608 8613 8610
f 8610 8613 8615
f 8616 8615 8617
f 8616 8611 8615
f 8611 8610 8615
f 8611 8616 8612
f 8614 8618 8613
f 8613 8619 8615
f 8618 8619 8613
f 8615 8619 8617
f 8622 8620 8621
f 8621 8620 8623
f 8626 8624 8625
f 8625 8620 8622
f 8625 8624 8620
f 8624 8627 8620
f 8623 8628 8629
f 8623 8620 8628
f 8620 8627 8628
f 8629 8628 8630
f 8626 8631 8624
f 8633 8624 8631
f 8633 8632 8624
f 8632 8627 8624
f 8627 8632 8628
f 8628 8632 8634
f 8630 8634 8635
f 8628 8634 8630
f 8416 8636 8417
f 8418 8636 8416
f 8637 8636 8418
f 8419 8637 8418
f 8638 8637 8419
f 8420 8638 8419
f 8639 8638 8420
f 8421 8639 8420
f 8640 8639 8421
f 8422 8640 8421
f 8641 8640 8422
f 8424 8641 8422
f 8642 8641 8424
f 8424 8425 8642
f 8633 8643 8632
f 8632 8644 8634
f 8643 8644 8632
f 8634 8644 8635
f 8427 8645 8646
f 8426 8645 8427
f 8417 8636 8647
f 8417 8647 8426
f 8426 8647 8645
f 8636 8637 8648
f 8647 8636 8648
f 8637 8638 8649
f 8648 8637 8649
f 8651 8649 8638
f 8651 8638 8650
f 8650 8638 8639
f 8639 8640 8650
f 8640 8652 8650
f 8653 8654 8652
f 8653 8652 8641
f 8641 8652 8640
f 8641 8642 8655
f 8653 8641 8655
f 8642 8656 8655
f 8642 8425 8656
f 8425 8428 8656
f 8429 8657 8430
f 8657 8429 8427
f 8657 8427 8658
f 8658 8427 8646
f 8651 8650 8659
f 8650 8652 8660
f 8659 8650 8660
f 8663 8660 8652
f 8663 8652 8661
f 8654 8662 8652
f 8662 8661 8652
f 8662 8665 8664
f 8661 8662 8664
f 8665 8432 8664
f 8665 8656 8432
f 8656 8428 8432
f 8666 8430 8657
f 8666 8667 8430
f 8667 8433 8430
f 8657 8658 8666
f 8670 8669 8668
f 8669 8672 8671
f 8668 8669 8671
f 8672 8663 8661
f 8672 8661 8671
f 8671 8661 8673
f 8435 8664 8434
f 8435 8673 8664
f 8673 8661 8664
f 8664 8432 8434
f 8667 8674 8433
f 8674 8437 8433
f 8676 8670 8668
f 8675 8676 8668
f 8668 8671 8675
f 8671 8677 8675
f 8439 8673 8438
f 8439 8677 8673
f 8677 8671 8673
f 8673 8435 8438
f 8674 8678 8437
f 8678 8440 8437
f 8681 8680 8679
f 8675 8442 8443
f 8676 8675 8443
f 8676 8443 8679
f 8676 8679 8680
f 8677 8442 8675
f 8444 8442 8677
f 8677 8439 8444
f 8678 8682 8440
f 8682 8446 8440
f 8679 8447 8448
f 8679 8448 8681
f 8681 8448 8683
f 8679 8443 8447
f 8449 8685 8684
f 8449 8446 8685
f 8446 8682 8685
f 8449 8684 8451
f 8683 8448 8686
f 8686 8448 8454
f 8685 8687 8684
f 8689 8688 8455
f 8687 8689 8455
f 8687 8455 8451
f 8687 8451 8684
f 8456 8455 8688
f 8690 8456 8688
f 8690 8692 8691
f 8690 8691 8456
f 8456 8691 8457
f 8691 8454 8457
f 8686 8454 8691
f 8689 8693 8688
f 8695 8688 8693
f 8695 8694 8688
f 8694 8690 8688
f 8692 8694 8696
f 8690 8694 8692
f 8698 8694 8695
f 8697 8694 8698
f 8696 8697 8699
f 8694 8697 8696
f 8701 8697 8698
f 8700 8697 8701
f 8699 8702 8703
f 8699 8697 8702
f 8697 8700 8702
f 8703 8702 8704
f 8706 8700 8701
f 8705 8700 8706
f 8700 8705 8702
f 8702 8705 8707
f 8704 8707 8708
f 8702 8707 8704
f 8458 8709 8459
f 8460 8709 8458
f 8710 8709 8460
f 8461 8710 8460
f 8711 8710 8461
f 8463 8711 8461
f 8712 8711 8463
f 8714 8705 8706
f 8713 8705 8714
f 8705 8713 8707
f 8707 8713 8715
f 8708 8716 8717
f 8708 8707 8716
f 8707 8715 8716
f 8465 8717 8716
f 8465 8464 8717
f 8464 8718 8717
f 8459 8709 8719
f 8459 8719 8464
f 8464 8719 8718
f 8709 8710 8720
f 8719 8709 8720
f 8710 8711 8721
f 8720 8710 8721
f 8723 8721 8711
f 8723 8711 8722
f 8722 8711 8712
f 8714 8724 8713
f 8726 8713 8724
f 8726 8725 8713
f 8725 8715 8713
f 8715 8725 8716
f 8716 8725 8727
f 8716 8727 8467
f 8465 8716 8467
f 8729 8723 8722
f 8728 8729 8722
f 8731 8725 8726
f 8730 8725 8731
f 8725 8730 8727
f 8727 8730 8732
f 8469 8467 8727
f 8469 8727 8733
f 8733 8727 8732
f 8469 8733 8471
f 8728 8474 8475
f 8728 8475 8729
f 8729 8475 8734
f 8731 8735 8730
f 8730 8736 8732
f 8735 8736 8730
f 8738 8732 8736
f 8738 8737 8732
f 8737 8733 8732
f 8476 8471 8733
f 8476 8733 8739
f 8739 8733 8737
f 8477 8476 8739
f 8740 8477 8739
f 8740 8742 8741
f 8740 8741 8477
f 8477 8741 8478
f 8741 8475 8478
f 8734 8475 8741
f 8738 8743 8737
f 8737 8744 8739
f 8743 8744 8737
f 8739 8745 8740
f 8744 8745 8739
f 8740 8745 8742
f 8479 8746 8480
f 8479 8482 8746
f 8484 8747 8748
f 8483 8747 8484
f 8480 8746 8749
f 8480 8749 8483
f 8483 8749 8747
f 8751 8485 8750
f 8749 8485 8751
f 8749 8482 8485
f 8749 8746 8482
f 8485 8487 8750
f 8489 8752 8490
f 8752 8489 8484
f 8752 8484 8753
f 8753 8484 8748
f 8751 8750 8754
f 8756 8491 8755
f 8754 8491 8756
f 8754 8487 8491
f 8754 8750 8487
f 8491 8493 8755
f 8752 8494 8490
f 8494 8752 8753
f 8494 8753 8495
f 8495 8753 8757
f 8759 8756 8755
f 8758 8759 8755
f 8496 8755 8493
f 8496 8760 8755
f 8760 8758 8755
f 8496 8498 8760
f 8761 8757 8762
f 8761 8501 8757
f 8501 8495 8757
f 8762 8764 8763
f 8761 8762 8763
f 8764 8766 8765
f 8763 8764 8765
f 8766 8759 8758
f 8766 8758 8765
f 8765 8758 8767
f 8504 8760 8503
f 8504 8767 8760
f 8767 8758 8760
f 8760 8498 8503
f 8761 8508 8501
f 8763 8508 8761
f 8510 8508 8763
f 8765 8510 8763
f 8512 8510 8765
f 8767 8512 8765
f 8514 8512 8767
f 8767 8504 8514
f 8522 8768 8523
f 8522 8525 8768
f 8528 8769 8529
f 8769 8770 8771
f 8528 8770 8769
f 8528 8768 8770
f 8528 8523 8768
f 8768 8525 8530
f 8768 8530 8770
f 8770 8530 8772
f 8774 8531 8773
f 8774 8772 8531
f 8772 8530 8531
f 8531 8532 8773
f 8775 8529 8769
f 8534 8529 8775
f 8771 8776 8775
f 8769 8771 8775
f 8774 8773 8777
f 8773 8778 8777
f 8773 8532 8778
f 8532 8535 8778
f 8536 8779 8537
f 8534 8779 8536
f 8534 8775 8779
f 8775 8780 8779
f 8776 8781 8780
f 8775 8776 8780
f 8784 8783 8782
f 8540 8782 8783
f 8540 8783 8539
f 8539 8783 8785
f 8785 8535 8539
f 8778 8535 8785
f 8786 8537 8779
f 8541 8537 8786
f 8779 8780 8786
f 8780 8787 8786
f 8781 8789 8788
f 8781 8788 8780
f 8780 8788 8787
f 8789 8784 8782
f 8789 8782 8788
f 8788 8782 8790
f 8782 8543 8790
f 8540 8543 8782
f 8791 8541 8786
f 8544 8541 8791
f 8786 8787 8791
f 8787 8792 8791
f 8787 8788 8792
f 8788 8793 8792
f 8547 8790 8546
f 8547 8793 8790
f 8793 8788 8790
f 8790 8543 8546
f 8794 8544 8791
f 8548 8544 8794
f 8791 8792 8794
f 8792 8795 8794
f 8792 8793 8795
f 8793 8796 8795
f 8793 8550 8796
f 8547 8550 8793
f 8794 8552 8548
f 8552 8797 8553
f 8552 8794 8797
f 8794 8795 8797
f 8795 8796 8797
f 8796 8798 8797
f 8796 8554 8798
f 8550 8554 8796
f 8799 8553 8797
f 8556 8553 8799
f 8797 8798 8799
f 8798 8800 8799
f 8798 8557 8800
f 8554 8557 8798
f 8801 8556 8799
f 8559 8556 8801
f 8561 8800 8560
f 8561 8801 8800
f 8801 8799 8800
f 8800 8557 8560
f 8802 8559 8801
f 8563 8559 8802
f 8801 8564 8802
f 8561 8564 8801
f 8802 8566 8563
f 8802 8564 8566
f 8568 8803 8569
f 8568 8570 8803
f 8572 8804 8573
f 8804 8805 8806
f 8804 8572 8805
f 8572 8574 8805
f 8569 8803 8807
f 8569 8807 8574
f 8574 8807 8805
f 8803 8570 8575
f 8803 8575 8807
f 8807 8575 8808
f 8808 8575 8809
f 8575 8576 8809
f 8811 8578 8810
f 8811 8809 8578
f 8809 8576 8578
f 8578 8579 8810
f 8812 8573 8804
f 8812 8813 8573
f 8813 8581 8573
f 8804 8806 8812
f 8811 8810 8814
f 8810 8815 8814
f 8810 8579 8815
f 8579 8582 8815
f 8813 8816 8581
f 8816 8584 8581
f 8815 8582 8817
f 8817 8582 8585
f 8816 8818 8584
f 8818 8587 8584
f 8817 8585 8819
f 8819 8585 8588
f 8818 8820 8587
f 8820 8590 8587
f 8592 8822 8821
f 8591 8592 8821
f 8821 8588 8591
f 8819 8588 8821
f 8595 8823 8824
f 8594 8823 8595
f 8823 8594 8590
f 8820 8823 8590
f 8597 8826 8825
f 8596 8597 8825
f 8825 8592 8596
f 8822 8592 8825
f 8824 8827 8595
f 8827 8599 8595
f 8602 8829 8828
f 8601 8602 8828
f 8828 8597 8601
f 8826 8597 8828
f 8832 8830 8831
f 8831 8830 8604
f 8831 8604 8827
f 8827 8604 8599
f 8606 8607 8833
f 8833 8602 8606
f 8833 8834 8602
f 8834 8829 8602
f 8836 8830 8832
f 8835 8830 8836
f 8830 8835 8609
f 8604 8830 8609
f 8837 8833 8607
f 8837 8607 8838
f 8838 8607 8612
f 8833 8837 8834
f 8840 8835 8836
f 8839 8835 8840
f 8835 8839 8614
f 8609 8835 8614
f 8616 8617 8841
f 8841 8612 8616
f 8841 8842 8612
f 8842 8838 8612
f 8844 8839 8840
f 8843 8839 8844
f 8618 8614 8839
f 8618 8839 8845
f 8845 8839 8843
f 8619 8618 8845
f 8846 8619 8845
f 8617 8619 8846
f 8617 8846 8841
f 8841 8846 8847
f 8842 8847 8848
f 8841 8847 8842
f 8850 8843 8844
f 8849 8843 8850
f 8843 8849 8845
f 8845 8849 8851
f 8845 8851 8846
f 8846 8851 8852
f 8853 8852 8854
f 8853 8847 8852
f 8847 8846 8852
f 8847 8853 8848
f 8856 8849 8850
f 8855 8849 8856
f 8849 8855 8851
f 8851 8855 8857
f 8851 8857 8852
f 8852 8857 8858
f 8854 8858 8859
f 8852 8858 8854
f 8861 8855 8856
f 8860 8855 8861
f 8855 8860 8857
f 8857 8860 8862
f 8863 8862 8864
f 8863 8858 8862
f 8858 8857 8862
f 8858 8863 8859
f 8861 8865 8860
f 8867 8860 8865
f 8867 8866 8860
f 8866 8862 8860
f 8864 8866 8868
f 8862 8866 8864
f 8867 8869 8866
f 8866 8869 8868
f 8621 8870 8622
f 8621 8623 8870
f 8625 8871 8626
f 8871 8872 8873
f 8625 8872 8871
f 8625 8870 8872
f 8625 8622 8870
f 8875 8629 8874
f 8872 8629 8875
f 8872 8623 8629
f 8872 8870 8623
f 8629 8630 8874
f 8871 8631 8626
f 8631 8871 8873
f 8631 8873 8633
f 8633 8873 8876
f 8875 8874 8877
f 8874 8878 8877
f 8874 8630 8878
f 8630 8635 8878
f 8643 8880 8879
f 8643 8633 8880
f 8633 8876 8880
f 8644 8643 8879
f 8881 8644 8879
f 8881 8635 8644
f 8881 8882 8635
f 8882 8878 8635
f 8645 8883 8646
f 8883 8884 8885
f 8883 8645 8884
f 8645 8647 8884
f 8887 8648 8886
f 8887 8884 8648
f 8884 8647 8648
f 8649 8886 8648
f 8888 8886 8649
f 8649 8651 8888
f 8653 8889 8654
f 8655 8889 8653
f 8890 8889 8655
f 8655 8656 8890
f 8880 8891 8879
f 8879 8892 8881
f 8891 8892 8879
f 8881 8892 8882
f 8893 8646 8883
f 8893 8894 8646
f 8894 8658 8646
f 8883 8885 8893
f 8896 8887 8886
f 8895 8896 8886
f 8886 8888 8895
f 8888 8897 8895
f 8659 8888 8651
f 8659 8898 8888
f 8898 8897 8888
f 8660 8898 8659
f 8899 8898 8660
f 8654 8889 8662
f 8660 8663 8899
f 8890 8662 8889
f 8665 8662 8890
f 8890 8656 8665
f 8666 8900 8667
f 8900 8666 8658
f 8900 8658 8901
f 8901 8658 8894
f 8896 8895 8902
f 8904 8902 8895
f 8904 8895 8903
f 8903 8895 8897
f 8670 8898 8669
f 8670 8903 8898
f 8903 8897 8898
f 8899 8669 8898
f 8672 8669 8899
f 8899 8663 8672
f 8905 8667 8900
f 8905 8906 8667
f 8906 8674 8667
f 8900 8901 8905
f 8908 8904 8903
f 8907 8908 8903
f 8903 8676 8907
f 8670 8676 8903
f 8906 8909 8674
f 8909 8678 8674
f 8912 8911 8910
f 8907 8680 8681
f 8908 8907 8681
f 8908 8681 8910
f 8908 8910 8911
f 8907 8676 8680
f 8909 8913 8678
f 8913 8682 8678
f 8915 8912 8910
f 8914 8915 8910
f 8910 8683 8914
f 8681 8683 8910
f 8913 8916 8682
f 8916 8685 8682
f 8918 8915 8914
f 8917 8918 8914
f 8914 8686 8917
f 8683 8686 8914
f 8916 8687 8685
f 8919 8687 8916
f 8687 8919 8920
f 8689 8687 8920
f 8917 8691 8692
f 8917 8692 8918
f 8918 8692 8921
f 8917 8686 8691
f 8693 8923 8922
f 8693 8689 8923
f 8689 8920 8923
f 8693 8922 8695
f 8921 8692 8924
f 8924 8692 8696
f 8926 8922 8923
f 8925 8922 8926
f 8922 8925 8698
f 8695 8922 8698
f 8927 8928 8924
f 8927 8924 8699
f 8699 8924 8696
f 8928 8927 8929
f 8931 8925 8926
f 8930 8925 8931
f 8925 8930 8701
f 8698 8925 8701
f 8927 8699 8703
f 8703 8929 8927
f 8703 8704 8929
f 8704 8932 8929
f 8934 8930 8931
f 8933 8930 8934
f 8930 8933 8706
f 8701 8930 8706
f 8932 8704 8935
f 8935 8704 8708
f 8934 8936 8933
f 8933 8936 8937
f 8933 8937 8706
f 8706 8937 8714
f 8717 8938 8939
f 8717 8939 8708
f 8708 8939 8935
f 8718 8938 8717
f 8940 8938 8718
f 8719 8940 8718
f 8941 8940 8719
f 8720 8941 8719
f 8942 8941 8720
f 8721 8942 8720
f 8943 8942 8721
f 8721 8723 8943
f 8724 8945 8944
f 8724 8714 8945
f 8714 8937 8945
f 8724 8944 8726
f 8939 8938 8946
f 8938 8940 8947
f 8946 8938 8947
f 8940 8941 8948
f 8947 8940 8948
f 8941 8942 8949
f 8948 8941 8949
f 8951 8949 8942
f 8951 8942 8950
f 8950 8942 8943
f 8943 8729 8950
f 8723 8729 8943
f 8953 8944 8945
f 8952 8944 8953
f 8944 8952 8731
f 8726 8944 8731
f 8955 8951 8950
f 8954 8955 8950
f 8950 8734 8954
f 8729 8734 8950
f 8953 8956 8952
f 8958 8957 8735
f 8956 8958 8735
f 8956 8735 8731
f 8956 8731 8952
f 8736 8735 8957
f 8959 8736 8957
f 8736 8959 8738
f 8954 8741 8742
f 8954 8742 8955
f 8955 8742 8960
f 8954 8734 8741
f 8958 8961 8957
f 8963 8957 8961
f 8963 8962 8957
f 8962 8959 8957
f 8743 8738 8959
f 8743 8959 8964
f 8964 8959 8962
f 8744 8743 8964
f 8965 8744 8964
f 8965 8967 8966
f 8965 8966 8744
f 8744 8966 8745
f 8966 8742 8745
f 8960 8742 8966
f 8963 8968 8962
f 8962 8969 8964
f 8968 8969 8962
f 8964 8970 8965
f 8969 8970 8964
f 8965 8970 8967
f 8747 8971 8748
f 8749 8971 8747
f 8972 8971 8749
f 8749 8751 8972
f 8973 8748 8971
f 8753 8748 8973
f 8971 8972 8973
f 8972 8974 8973
f 8754 8972 8751
f 8754 8975 8972
f 8975 8974 8972
f 8754 8756 8975
f 8976 8753 8973
f 8757 8753 8976
f 8973 8974 8976
f 8974 8977 8976
f 8974 8975 8977
f 8975 8978 8977
f 8975 8759 8978
f 8756 8759 8975
f 8976 8762 8757
f 8977 8762 8976
f 8764 8762 8977
f 8978 8764 8977
f 8766 8764 8978
f 8978 8759 8766
f 8981 8979 8980
f 8980 8982 8983
f 8979 8982 8980
f 8983 8984 8985
f 8982 8984 8983
f 8985 8986 8987
f 8984 8986 8985
f 8989 8987 8986
f 8989 8988 8987
f 8988 8990 8987
f 8990 8988 8992
f 8992 8988 8991
f 8992 8991 8994
f 8994 8991 8993
f 8994 8993 8996
f 8996 8993 8995
f 8999 8997 8998
f 8999 8996 8997
f 8996 8995 8997
f 8998 8997 9000
f 8989 9001 8988
f 9003 8988 9001
f 9003 9002 8988
f 9002 8991 8988
f 8991 9002 8993
f 8993 9002 9004
f 8993 9004 8995
f 8995 9004 9005
f 8995 9005 8997
f 8997 9005 9006
f 9000 9006 9007
f 8997 9006 9000
f 9003 9008 9002
f 9002 9009 9004
f 9008 9009 9002
f 9004 9010 9005
f 9009 9010 9004
f 9005 9011 9006
f 9010 9011 9005
f 9006 9011 9007
f 8770 9012 8771
f 8772 9012 8770
f 9013 9012 8772
f 8772 8774 9013
f 9014 8771 9012
f 8776 8771 9014
f 9012 9013 9014
f 9013 9015 9014
f 8777 9013 8774
f 8777 9016 9013
f 9016 9015 9013
f 8777 8778 9016
f 9017 8776 9014
f 8781 8776 9017
f 8784 9015 8783
f 8784 9017 9015
f 9017 9014 9015
f 9016 8783 9015
f 8785 8783 9016
f 9016 8778 8785
f 9017 8789 8781
f 9017 8784 8789
f 8805 9018 8806
f 8807 9018 8805
f 9019 9018 8807
f 8808 9019 8807
f 9020 9019 8808
f 8809 9020 8808
f 9021 9020 8809
f 8809 8811 9021
f 8812 9022 8813
f 9022 9023 9024
f 8812 9023 9022
f 8812 9018 9023
f 8812 8806 9018
f 9018 9019 9025
f 9023 9018 9025
f 9019 9020 9026
f 9025 9019 9026
f 9028 9026 9020
f 9028 9020 9027
f 9027 9020 9021
f 8814 9021 8811
f 8814 9029 9021
f 9029 9027 9021
f 8814 8815 9029
f 9030 8813 9022
f 9030 9031 8813
f 9031 8816 8813
f 9022 9024 9030
f 9028 9027 9032
f 9034 9032 9027
f 9034 9027 9033
f 9033 9027 9029
f 9029 8817 9033
f 8815 8817 9029
f 9031 9035 8816
f 9035 8818 8816
f 9037 9034 9033
f 9036 9037 9033
f 9033 8819 9036
f 8817 8819 9033
f 9035 9038 8818
f 9038 8820 8818
f 9041 9040 9039
f 9036 8821 8822
f 9037 9036 8822
f 9037 8822 9039
f 9037 9039 9040
f 9036 8819 8821
f 8824 9042 9043
f 8823 9042 8824
f 9042 8823 8820
f 9038 9042 8820
f 9039 8825 8826
f 9039 8826 9041
f 9041 8826 9044
f 9039 8822 8825
f 9043 9045 8824
f 9045 8827 8824
f 8829 9047 9046
f 8828 8829 9046
f 9046 8826 8828
f 9044 8826 9046
f 8832 9048 9049
f 8831 9048 8832
f 9048 8831 8827
f 9045 9048 8827
f 9047 8829 9050
f 9050 8829 8834
f 9049 9051 8832
f 9051 8836 8832
f 8837 8838 9052
f 9052 8834 8837
f 9052 9053 8834
f 9053 9050 8834
f 9051 9054 8836
f 9054 8840 8836
f 9055 9052 8838
f 9055 8838 9056
f 9056 8838 8842
f 9052 9055 9053
f 9054 9057 8840
f 9057 8844 8840
f 9056 8842 9058
f 9058 8842 8848
f 9057 9059 8844
f 9059 8850 8844
f 8853 8854 9060
f 9060 8848 8853
f 9060 9061 8848
f 9061 9058 8848
f 9064 9062 9063
f 9063 9062 8856
f 9063 8856 9059
f 9059 8856 8850
f 9065 9060 8854
f 8859 9065 8854
f 9061 9065 9066
f 9060 9065 9061
f 9064 9067 9062
f 9062 9067 9068
f 9062 9068 8856
f 8856 9068 8861
f 8863 8864 9069
f 8859 8863 9069
f 8859 9069 9065
f 9065 9069 9070
f 9066 9070 9071
f 9065 9070 9066
f 8865 9073 9072
f 8865 8861 9073
f 8861 9068 9073
f 8865 9072 8867
f 9074 9069 8864
f 8868 9074 8864
f 9069 9074 9070
f 9070 9074 9075
f 9071 9075 9076
f 9070 9075 9071
f 9078 9072 9073
f 9077 9072 9078
f 8869 8867 9072
f 8869 9072 9079
f 9079 9072 9077
f 8868 8869 9079
f 8868 9079 9074
f 9074 9079 9080
f 9081 9080 9082
f 9081 9075 9080
f 9075 9074 9080
f 9075 9081 9076
f 9078 9083 9077
f 9085 9077 9083
f 9085 9084 9077
f 9084 9079 9077
f 9086 9084 9087
f 9086 9080 9084
f 9080 9079 9084
f 9080 9086 9082
f 8872 9088 8873
f 8872 8875 9088
f 9085 9089 9084
f 9084 9089 9087
f 9090 8873 9088
f 8876 8873 9090
f 8877 9088 8875
f 8877 9091 9088
f 9091 9090 9088
f 8877 8878 9091
f 9092 8876 9090
f 8880 8876 9092
f 9090 9091 9092
f 9091 9093 9092
f 9091 8882 9093
f 8878 8882 9091
f 8884 9094 8885
f 8884 8887 9094
f 9092 8891 8880
f 9093 8891 9092
f 8892 8891 9093
f 9093 8882 8892
f 8893 9095 8894
f 8885 9095 8893
f 8885 9094 9095
f 9094 9096 9095
f 9094 8896 9096
f 8887 8896 9094
f 9099 9097 9098
f 9098 9100 9101
f 9097 9100 9098
f 9101 9100 9102
f 9103 8894 9095
f 8901 8894 9103
f 9095 9096 9103
f 9096 9104 9103
f 8902 9096 8896
f 8902 9105 9096
f 9105 9104 9096
f 8902 8904 9105
f 9107 9097 9099
f 9106 9097 9107
f 9097 9106 9100
f 9100 9106 9108
f 9102 9109 9110
f 9102 9100 9109
f 9100 9108 9109
f 9110 9111 9112
f 9109 9111 9110
f 9112 9111 9113
f 8905 9114 8906
f 9114 9115 9116
f 8905 9115 9114
f 8905 9103 9115
f 8905 8901 9103
f 9118 9115 9103
f 9118 9103 9117
f 9117 9103 9104
f 9104 9105 9117
f 9105 9119 9117
f 9105 8908 9119
f 8904 8908 9105
f 9121 9106 9107
f 9120 9106 9121
f 9106 9120 9108
f 9108 9120 9122
f 9108 9122 9109
f 9109 9122 9123
f 9109 9123 9111
f 9111 9123 9124
f 9113 9125 9126
f 9113 9111 9125
f 9111 9124 9125
f 9126 9125 9127
f 9128 8906 9114
f 8909 8906 9128
f 9116 9129 9128
f 9114 9116 9128
f 9131 9118 9117
f 9130 9131 9117
f 8912 9119 8911
f 8912 9130 9119
f 9130 9117 9119
f 9119 8908 8911
f 9133 9120 9121
f 9132 9120 9133
f 9120 9132 9122
f 9122 9132 9134
f 9122 9134 9123
f 9123 9134 9135
f 9123 9135 9124
f 9124 9135 9136
f 9137 9136 9138
f 9137 9125 9136
f 9125 9124 9136
f 9125 9137 9127
f 9139 8909 9128
f 8913 8909 9139
f 9129 9141 9140
f 9129 9140 9128
f 9128 9140 9139
f 9141 9131 9130
f 9141 9130 9140
f 9140 9130 9142
f 9130 8915 9142
f 8912 8915 9130
f 9144 9132 9133
f 9143 9132 9144
f 9132 9143 9134
f 9134 9143 9145
f 9134 9145 9135
f 9135 9145 9146
f 9147 9146 9148
f 9147 9136 9146
f 9136 9135 9146
f 9136 9147 9138
f 9149 8913 9139
f 8916 8913 9149
f 9139 9140 9149
f 9140 9150 9149
f 9140 9142 9150
f 9142 9151 9150
f 9142 8918 9151
f 8915 8918 9142
f 9144 9152 9143
f 9143 9153 9145
f 9152 9153 9143
f 9145 9154 9146
f 9153 9154 9145
f 9146 9154 9148
f 9149 8919 8916
f 8919 9155 8920
f 8919 9149 9155
f 9149 9150 9155
f 9150 9151 9155
f 9151 9156 9155
f 9151 8921 9156
f 8918 8921 9151
f 9157 8920 9155
f 8923 8920 9157
f 9155 9156 9157
f 9156 9158 9157
f 9156 8924 9158
f 8921 8924 9156
f 9159 8923 9157
f 9159 9160 8923
f 9160 8926 8923
f 9157 9158 9161
f 9159 9157 9161
f 9163 8928 9162
f 9161 8928 9163
f 9161 8924 8928
f 9161 9158 8924
f 8928 8929 9162
f 9164 9160 9165
f 9164 8931 9160
f 8931 8926 9160
f 9165 9166 9164
f 9168 9163 9162
f 9167 9168 9162
f 9162 8932 9167
f 8929 8932 9162
f 9169 8931 9164
f 8934 8931 9169
f 9166 9170 9169
f 9164 9166 9169
f 9172 9168 9167
f 9171 9172 9167
f 9167 8935 9171
f 8932 8935 9167
f 9169 8936 8934
f 8936 9173 8937
f 9169 9173 8936
f 9169 9174 9173
f 9169 9170 9174
f 9174 9172 9171
f 9174 9171 9173
f 9173 9171 9175
f 9171 8939 9175
f 8935 8939 9171
f 9176 8937 9173
f 8945 8937 9176
f 9173 9175 9176
f 9175 9177 9176
f 8946 9175 8939
f 8946 9178 9175
f 9178 9177 9175
f 8947 9178 8946
f 9179 9178 8947
f 8948 9179 8947
f 9180 9179 8948
f 8949 9180 8948
f 9181 9180 8949
f 8949 8951 9181
f 9182 8945 9176
f 8953 8945 9182
f 9176 9177 9182
f 9177 9183 9182
f 9177 9178 9183
f 9178 9184 9183
f 9178 9179 9184
f 9179 9185 9184
f 9186 9187 9185
f 9186 9185 9180
f 9180 9185 9179
f 9189 9186 9180
f 9189 9180 9188
f 9188 9180 9181
f 9181 8955 9188
f 8951 8955 9181
f 9182 8956 8953
f 9190 9182 9183
f 9190 8958 9182
f 9190 9191 8958
f 8958 8956 9182
f 9183 9184 9192
f 9190 9183 9192
f 9184 9185 9193
f 9192 9184 9193
f 9185 9187 9193
f 9189 9188 9194
f 9188 9195 9194
f 9188 8955 9195
f 8955 8960 9195
f 9191 8961 8958
f 9196 8961 9191
f 8961 9196 9197
f 8963 8961 9197
f 8966 8967 9198
f 9198 8960 8966
f 9198 9199 8960
f 9199 9195 8960
f 9197 8968 8963
f 9200 8968 9197
f 9200 9201 8968
f 8968 9201 8969
f 9201 9202 8969
f 8969 9202 8970
f 8967 9203 9198
f 8967 8970 9203
f 8970 9202 9203
f 9198 9203 9199
f 9206 9204 9205
f 9208 9205 9204
f 9208 9207 9205
f 9207 9209 9205
f 8979 8981 9209
f 8979 9209 9210
f 9210 9209 9207
f 8982 8979 9210
f 9211 8982 9210
f 8984 8982 9211
f 9212 8984 9211
f 8986 8984 9212
f 9213 8986 9212
f 8986 9213 8989
f 9214 8999 8998
f 8998 9000 9215
f 9214 8998 9215
f 9214 9215 9216
f 9214 9216 9217
f 9216 9215 9218
f 9208 9219 9207
f 9221 9207 9219
f 9221 9220 9207
f 9220 9210 9207
f 9210 9220 9211
f 9211 9220 9222
f 9211 9222 9212
f 9212 9222 9223
f 9212 9223 9213
f 9213 9223 9224
f 9001 8989 9213
f 9001 9213 9225
f 9225 9213 9224
f 9001 9225 9003
f 9226 9215 9000
f 9007 9226 9000
f 9218 9226 9227
f 9215 9226 9218
f 9230 9228 9229
f 9229 9228 9231
f 9221 9232 9220
f 9234 9220 9232
f 9234 9233 9220
f 9233 9222 9220
f 9222 9233 9223
f 9223 9233 9235
f 9223 9235 9224
f 9224 9235 9236
f 9224 9236 9225
f 9225 9236 9237
f 9008 9003 9225
f 9008 9225 9238
f 9238 9225 9237
f 9009 9008 9238
f 9239 9009 9238
f 9010 9009 9239
f 9240 9010 9239
f 9011 9010 9240
f 9241 9011 9240
f 9241 9243 9242
f 9011 9241 9242
f 9011 9242 9226
f 9011 9226 9007
f 9226 9242 9227
f 9245 9228 9230
f 9244 9228 9245
f 9231 9246 9247
f 9231 9228 9246
f 9228 9244 9246
f 9247 9246 9248
f 9250 9233 9234
f 9249 9233 9250
f 9233 9249 9235
f 9235 9249 9251
f 9235 9251 9236
f 9236 9251 9252
f 9236 9252 9237
f 9237 9252 9253
f 9237 9253 9238
f 9238 9253 9254
f 9238 9254 9239
f 9239 9254 9255
f 9239 9255 9240
f 9240 9255 9256
f 9257 9256 9258
f 9257 9241 9256
f 9241 9240 9256
f 9241 9257 9243
f 9260 9244 9245
f 9259 9244 9260
f 9244 9259 9246
f 9246 9259 9261
f 9248 9262 9263
f 9248 9246 9262
f 9246 9261 9262
f 9263 9262 9264
f 9266 9249 9250
f 9265 9249 9266
f 9249 9265 9251
f 9251 9265 9267
f 9251 9267 9252
f 9252 9267 9268
f 9252 9268 9253
f 9253 9268 9269
f 9253 9269 9254
f 9254 9269 9270
f 9254 9270 9255
f 9255 9270 9271
f 9272 9271 9273
f 9272 9256 9271
f 9256 9255 9271
f 9256 9272 9258
f 9260 9274 9259
f 9276 9259 9274
f 9276 9275 9259
f 9275 9261 9259
f 9261 9275 9262
f 9262 9275 9277
f 9264 9277 9278
f 9262 9277 9264
f 9266 9279 9265
f 9281 9265 9279
f 9281 9280 9265
f 9280 9267 9265
f 9267 9280 9268
f 9268 9280 9282
f 9268 9282 9269
f 9269 9282 9283
f 9284 9283 9285
f 9284 9270 9283
f 9270 9269 9283
f 9270 9286 9271
f 9284 9286 9270
f 9271 9286 9273
f 9276 9287 9275
f 9275 9288 9277
f 9287 9288 9275
f 9277 9288 9278
f 9290 9280 9281
f 9289 9280 9290
f 9280 9289 9282
f 9282 9289 9291
f 9292 9291 9293
f 9292 9283 9291
f 9283 9282 9291
f 9283 9292 9285
f 9290 9294 9289
f 9289 9295 9291
f 9294 9295 9289
f 9291 9295 9293
f 9023 9296 9024
f 9025 9296 9023
f 9297 9296 9025
f 9026 9297 9025
f 9298 9297 9026
f 9026 9028 9298
f 9030 9299 9031
f 9024 9299 9030
f 9024 9296 9299
f 9296 9300 9299
f 9296 9297 9300
f 9297 9301 9300
f 9297 9298 9301
f 9298 9302 9301
f 9032 9298 9028
f 9032 9303 9298
f 9303 9302 9298
f 9032 9034 9303
f 9304 9031 9299
f 9035 9031 9304
f 9305 9306 9304
f 9305 9304 9300
f 9300 9304 9299
f 9300 9301 9307
f 9305 9300 9307
f 9309 9307 9301
f 9309 9301 9308
f 9308 9301 9302
f 9302 9303 9308
f 9303 9310 9308
f 9303 9037 9310
f 9034 9037 9303
f 9311 9035 9304
f 9311 9312 9035
f 9312 9038 9035
f 9304 9306 9311
f 9314 9309 9308
f 9313 9314 9308
f 9041 9310 9040
f 9041 9313 9310
f 9313 9308 9310
f 9310 9037 9040
f 9042 9315 9043
f 9315 9042 9038
f 9315 9038 9316
f 9316 9038 9312
f 9318 9314 9313
f 9317 9318 9313
f 9313 9044 9317
f 9041 9044 9313
f 9319 9043 9315
f 9319 9320 9043
f 9320 9045 9043
f 9315 9316 9319
f 9317 9046 9047
f 9317 9047 9318
f 9318 9047 9321
f 9317 9044 9046
f 9048 9322 9049
f 9322 9048 9045
f 9322 9045 9323
f 9323 9045 9320
f 9321 9047 9324
f 9324 9047 9050
f 9325 9049 9322
f 9325 9326 9049
f 9326 9051 9049
f 9322 9323 9325
f 9324 9050 9327
f 9327 9050 9053
f 9326 9328 9051
f 9328 9054 9051
f 9055 9056 9329
f 9329 9053 9055
f 9329 9330 9053
f 9330 9327 9053
f 9328 9331 9054
f 9331 9057 9054
f 9332 9329 9056
f 9058 9332 9056
f 9330 9332 9333
f 9329 9332 9330
f 9331 9334 9057
f 9334 9059 9057
f 9335 9332 9058
f 9061 9335 9058
f 9333 9335 9336
f 9332 9335 9333
f 9064 9337 9338
f 9063 9337 9064
f 9337 9063 9059
f 9334 9337 9059
f 9339 9335 9061
f 9066 9339 9061
f 9336 9339 9340
f 9335 9339 9336
f 9067 9342 9341
f 9067 9064 9342
f 9064 9338 9342
f 9067 9341 9068
f 9343 9339 9066
f 9071 9343 9066
f 9340 9343 9344
f 9339 9343 9340
f 9342 9345 9341
f 9341 9345 9346
f 9341 9346 9068
f 9068 9346 9073
f 9347 9343 9071
f 9076 9347 9071
f 9344 9347 9348
f 9343 9347 9344
f 9346 9349 9073
f 9349 9078 9073
f 9081 9082 9350
f 9350 9352 9351
f 9081 9350 9351
f 9081 9351 9347
f 9081 9347 9076
f 9347 9351 9348
f 9349 9083 9078
f 9353 9083 9349
f 9083 9353 9354
f 9085 9083 9354
f 9086 9087 9355
f 9355 9357 9356
f 9086 9355 9356
f 9086 9356 9350
f 9086 9350 9082
f 9350 9356 9352
f 9354 9089 9085
f 9358 9089 9354
f 9087 9359 9355
f 9087 9089 9359
f 9089 9358 9359
f 9355 9359 9357
f 9099 9360 9361
f 9098 9360 9099
f 9360 9098 9362
f 9098 9101 9362
f 9363 9101 9102
f 9363 9364 9101
f 9364 9362 9101
f 9364 9363 9365
f 9361 9366 9099
f 9366 9107 9099
f 9363 9102 9110
f 9365 9363 9110
f 9365 9110 9367
f 9367 9110 9112
f 9368 9112 9113
f 9368 9369 9112
f 9369 9367 9112
f 9369 9368 9370
f 9115 9371 9116
f 9115 9118 9371
f 9366 9372 9107
f 9372 9121 9107
f 9368 9113 9126
f 9126 9127 9373
f 9368 9126 9373
f 9368 9373 9374
f 9368 9374 9370
f 9374 9373 9375
f 9376 9116 9371
f 9129 9116 9376
f 9371 9131 9376
f 9118 9131 9371
f 9372 9377 9121
f 9377 9133 9121
f 9137 9138 9378
f 9378 9380 9379
f 9137 9378 9379
f 9137 9379 9373
f 9137 9373 9127
f 9373 9379 9375
f 9376 9141 9129
f 9376 9131 9141
f 9377 9381 9133
f 9381 9144 9133
f 9147 9148 9382
f 9138 9147 9382
f 9138 9382 9378
f 9378 9382 9383
f 9380 9383 9384
f 9378 9383 9380
f 9152 9386 9385
f 9152 9144 9386
f 9144 9381 9386
f 9153 9152 9385
f 9387 9153 9385
f 9154 9153 9387
f 9388 9154 9387
f 9148 9154 9388
f 9148 9388 9382
f 9382 9388 9389
f 9390 9389 9391
f 9390 9383 9389
f 9383 9382 9389
f 9383 9390 9384
f 9386 9392 9385
f 9385 9393 9387
f 9392 9393 9385
f 9387 9394 9388
f 9393 9394 9387
f 9388 9395 9389
f 9394 9395 9388
f 9389 9395 9391
f 9159 9396 9160
f 9161 9396 9159
f 9397 9396 9161
f 9161 9163 9397
f 9396 9165 9160
f 9165 9398 9166
f 9165 9396 9398
f 9396 9397 9398
f 9397 9168 9398
f 9163 9168 9397
f 9399 9166 9398
f 9170 9166 9399
f 9398 9172 9399
f 9168 9172 9398
f 9399 9174 9170
f 9399 9172 9174
f 9186 9400 9187
f 9186 9189 9400
f 9190 9401 9191
f 9192 9401 9190
f 9402 9401 9192
f 9193 9402 9192
f 9403 9402 9193
f 9403 9404 9405
f 9193 9404 9403
f 9193 9400 9404
f 9193 9187 9400
f 9407 9194 9406
f 9404 9194 9407
f 9404 9189 9194
f 9404 9400 9189
f 9194 9195 9406
f 9401 9196 9191
f 9196 9408 9197
f 9196 9401 9408
f 9401 9402 9408
f 9409 9410 9408
f 9409 9408 9403
f 9403 9408 9402
f 9403 9405 9409
f 9412 9407 9406
f 9411 9412 9406
f 9406 9199 9411
f 9195 9199 9406
f 9408 9200 9197
f 9410 9200 9408
f 9410 9413 9200
f 9413 9201 9200
f 9413 9414 9201
f 9201 9414 9202
f 9411 9414 9412
f 9411 9203 9414
f 9203 9202 9414
f 9411 9199 9203
f 9204 9416 9415
f 9204 9206 9416
f 9206 9417 9416
f 9204 9415 9208
f 9418 9217 9216
f 9216 9420 9418
f 9216 9218 9420
f 9218 9419 9420
f 9416 9421 9415
f 9423 9422 9219
f 9421 9423 9219
f 9421 9219 9208
f 9421 9208 9415
f 9219 9422 9221
f 9419 9218 9424
f 9424 9218 9227
f 9427 9425 9426
f 9230 9426 9425
f 9230 9229 9426
f 9229 9428 9426
f 9429 9229 9231
f 9429 9430 9229
f 9430 9428 9229
f 9430 9429 9431
f 9433 9422 9423
f 9432 9422 9433
f 9232 9221 9422
f 9232 9422 9434
f 9434 9422 9432
f 9232 9434 9234
f 9242 9243 9435
f 9435 9227 9242
f 9435 9436 9227
f 9436 9424 9227
f 9438 9425 9427
f 9437 9425 9438
f 9425 9437 9245
f 9230 9425 9245
f 9429 9231 9247
f 9247 9248 9439
f 9429 9247 9439
f 9429 9439 9440
f 9429 9440 9431
f 9440 9439 9441
f 9443 9432 9433
f 9442 9432 9443
f 9432 9442 9434
f 9434 9442 9444
f 9434 9444 9250
f 9234 9434 9250
f 9257 9258 9445
f 9243 9257 9445
f 9243 9445 9435
f 9435 9445 9446
f 9436 9446 9447
f 9435 9446 9436
f 9449 9437 9438
f 9448 9437 9449
f 9437 9448 9260
f 9245 9437 9260
f 9439 9248 9263
f 9263 9441 9439
f 9263 9264 9441
f 9264 9450 9441
f 9453 9451 9452
f 9452 9454 9455
f 9451 9454 9452
f 9455 9454 9456
f 9443 9457 9442
f 9459 9442 9457
f 9459 9458 9442
f 9458 9444 9442
f 9444 9458 9266
f 9250 9444 9266
f 9272 9273 9460
f 9460 9462 9461
f 9272 9460 9461
f 9272 9461 9445
f 9272 9445 9258
f 9445 9463 9446
f 9461 9463 9445
f 9446 9463 9447
f 9449 9464 9448
f 9466 9465 9274
f 9464 9466 9274
f 9464 9274 9260
f 9464 9260 9448
f 9274 9465 9276
f 9450 9264 9467
f 9467 9264 9278
f 9453 9468 9451
f 9451 9469 9454
f 9468 9469 9451
f 9454 9469 9456
f 9459 9470 9458
f 9472 9471 9279
f 9470 9472 9279
f 9470 9279 9266
f 9470 9266 9458
f 9279 9471 9281
f 9284 9285 9473
f 9473 9475 9474
f 9473 9474 9284
f 9284 9474 9286
f 9273 9476 9460
f 9273 9286 9476
f 9286 9474 9476
f 9460 9476 9462
f 9466 9477 9465
f 9479 9478 9287
f 9477 9479 9287
f 9477 9287 9276
f 9477 9276 9465
f 9288 9287 9478
f 9480 9288 9478
f 9480 9278 9288
f 9480 9481 9278
f 9481 9467 9278
f 9483 9471 9472
f 9482 9471 9483
f 9471 9482 9290
f 9281 9471 9290
f 9292 9293 9484
f 9484 9486 9485
f 9292 9484 9485
f 9292 9485 9473
f 9292 9473 9285
f 9473 9485 9475
f 9479 9487 9478
f 9478 9488 9480
f 9487 9488 9478
f 9480 9488 9481
f 9483 9489 9482
f 9482 9294 9290
f 9482 9489 9294
f 9489 9490 9294
f 9490 9491 9294
f 9294 9491 9295
f 9293 9492 9484
f 9293 9295 9492
f 9295 9491 9492
f 9484 9492 9486
f 9305 9493 9306
f 9307 9493 9305
f 9494 9493 9307
f 9307 9309 9494
f 9311 9495 9312
f 9306 9495 9311
f 9306 9493 9495
f 9493 9496 9495
f 9493 9494 9496
f 9494 9497 9496
f 9494 9314 9497
f 9309 9314 9494
f 9498 9312 9495
f 9316 9312 9498
f 9495 9496 9498
f 9496 9499 9498
f 9496 9497 9499
f 9497 9500 9499
f 9497 9318 9500
f 9314 9318 9497
f 9319 9501 9320
f 9316 9501 9319
f 9316 9498 9501
f 9498 9502 9501
f 9498 9499 9502
f 9499 9503 9502
f 9499 9500 9503
f 9500 9504 9503
f 9500 9321 9504
f 9318 9321 9500
f 9505 9320 9501
f 9323 9320 9505
f 9501 9502 9505
f 9502 9506 9505
f 9502 9503 9506
f 9503 9507 9506
f 9503 9504 9507
f 9504 9508 9507
f 9504 9324 9508
f 9321 9324 9504
f 9325 9509 9326
f 9323 9509 9325
f 9323 9505 9509
f 9505 9510 9509
f 9511 9512 9510
f 9511 9510 9506
f 9506 9510 9505
f 9506 9507 9513
f 9511 9506 9513
f 9515 9513 9507
f 9515 9507 9514
f 9514 9507 9508
f 9508 9327 9514
f 9324 9327 9508
f 9516 9326 9509
f 9328 9326 9516
f 9517 9518 9516
f 9517 9516 9510
f 9510 9516 9509
f 9510 9512 9517
f 9520 9515 9514
f 9519 9520 9514
f 9514 9330 9519
f 9327 9330 9514
f 9521 9328 9516
f 9521 9522 9328
f 9522 9331 9328
f 9516 9518 9521
f 9520 9519 9523
f 9519 9524 9523
f 9519 9330 9524
f 9330 9333 9524
f 9522 9525 9331
f 9525 9334 9331
f 9524 9333 9526
f 9526 9333 9336
f 9337 9527 9338
f 9527 9337 9334
f 9527 9334 9528
f 9528 9334 9525
f 9526 9336 9529
f 9529 9336 9340
f 9530 9338 9527
f 9342 9338 9530
f 9528 9531 9530
f 9527 9528 9530
f 9529 9340 9532
f 9532 9340 9344
f 9530 9345 9342
f 9345 9530 9531
f 9345 9531 9346
f 9346 9531 9533
f 9532 9344 9534
f 9534 9344 9348
f 9533 9535 9346
f 9535 9349 9346
f 9352 9537 9536
f 9351 9352 9536
f 9536 9348 9351
f 9534 9348 9536
f 9535 9353 9349
f 9538 9353 9535
f 9353 9538 9539
f 9354 9353 9539
f 9357 9541 9540
f 9356 9357 9540
f 9540 9352 9356
f 9537 9352 9540
f 9539 9358 9354
f 9542 9358 9539
f 9542 9543 9358
f 9358 9543 9359
f 9543 9357 9359
f 9541 9357 9543
f 9360 9544 9361
f 9362 9544 9360
f 9545 9544 9362
f 9364 9545 9362
f 9546 9545 9364
f 9364 9365 9546
f 9547 9361 9544
f 9547 9548 9361
f 9548 9366 9361
f 9544 9545 9549
f 9547 9544 9549
f 9545 9546 9550
f 9549 9545 9550
f 9546 9365 9367
f 9546 9367 9550
f 9550 9367 9551
f 9551 9367 9552
f 9367 9369 9552
f 9369 9553 9552
f 9370 9553 9369
f 9548 9554 9366
f 9554 9372 9366
f 9553 9370 9374
f 9555 9553 9374
f 9374 9556 9555
f 9375 9556 9374
f 9554 9557 9372
f 9557 9377 9372
f 9379 9380 9558
f 9558 9375 9379
f 9558 9559 9375
f 9559 9556 9375
f 9557 9560 9377
f 9560 9381 9377
f 9561 9558 9380
f 9384 9561 9380
f 9559 9561 9562
f 9558 9561 9559
f 9560 9563 9381
f 9563 9386 9381
f 9390 9391 9564
f 9564 9566 9565
f 9390 9564 9565
f 9390 9565 9561
f 9390 9561 9384
f 9561 9565 9562
f 9563 9392 9386
f 9567 9392 9563
f 9569 9568 9393
f 9569 9393 9567
f 9567 9393 9392
f 9394 9393 9568
f 9570 9394 9568
f 9395 9394 9570
f 9571 9395 9570
f 9571 9573 9572
f 9395 9571 9572
f 9395 9572 9564
f 9395 9564 9391
f 9564 9572 9566
f 9569 9574 9568
f 9568 9575 9570
f 9574 9575 9568
f 9570 9576 9571
f 9575 9576 9570
f 9571 9576 9573
f 9404 9577 9405
f 9404 9407 9577
f 9409 9578 9410
f 9405 9578 9409
f 9405 9577 9578
f 9577 9579 9578
f 9577 9412 9579
f 9407 9412 9577
f 9578 9413 9410
f 9579 9413 9578
f 9414 9413 9579
f 9579 9412 9414
